run_id,dataset,method,seed,epoch,train_loss,val_loss,val_macro_f1,prototype_purity,mean_uncertainty,activation_consistency
run_20260601_PlantVillage_ResNet-50,PlantVillage,ResNet-50,20260601,1,1.68532,1.83417,84.1828,0.7337,0.6592,0.8528
run_20260601_PlantDoc_ResNet-50,PlantDoc,ResNet-50,20260601,2,1.59575,1.80385,64.5781,0.7597,0.98,0.841
run_20260601_CUB-200-2011_ResNet-50,CUB-200-2011,ResNet-50,20260601,3,1.50818,1.65998,72.0851,0.7698,0.98,0.8625
run_20260601_PlantVillage_EfficientNet-B3,PlantVillage,EfficientNet-B3,20260601,4,1.4195,1.54678,87.3804,0.7604,0.5574,0.8757
run_20260601_PlantDoc_EfficientNet-B3,PlantDoc,EfficientNet-B3,20260601,5,1.35853,1.49314,70.4316,0.7649,0.98,0.8651
run_20260601_CUB-200-2011_EfficientNet-B3,CUB-200-2011,EfficientNet-B3,20260601,6,1.234,1.36743,76.4848,0.7582,0.8932,0.8455
run_20260601_PlantVillage_ConvNeXt-Tiny,PlantVillage,ConvNeXt-Tiny,20260601,7,1.16593,1.22817,90.5312,0.7773,0.471,0.8602
run_20260601_PlantDoc_ConvNeXt-Tiny,PlantDoc,ConvNeXt-Tiny,20260601,8,1.0733,1.25095,74.4442,0.8104,0.98,0.8512
run_20260601_CUB-200-2011_ConvNeXt-Tiny,CUB-200-2011,ConvNeXt-Tiny,20260601,9,1.00729,1.12215,80.4712,0.7581,0.7844,0.8365
run_20260601_PlantVillage_Swin-Tiny,PlantVillage,Swin-Tiny,20260601,10,0.9692,1.03897,91.7511,0.8007,0.3947,0.8665
run_20260601_PlantDoc_Swin-Tiny,PlantDoc,Swin-Tiny,20260601,11,0.91903,1.02913,76.2531,0.7831,0.98,0.8522
run_20260601_CUB-200-2011_Swin-Tiny,CUB-200-2011,Swin-Tiny,20260601,12,0.83946,0.91972,82.9388,0.7843,0.7341,0.883
run_20260601_PlantVillage_ConvNeXtplusARM,PlantVillage,ConvNeXt+ARM,20260601,13,0.80673,0.84233,93.5961,0.7855,0.2847,0.8398
run_20260601_PlantDoc_ConvNeXtplusARM,PlantDoc,ConvNeXt+ARM,20260601,14,0.76474,0.86393,80.0406,0.7769,0.7761,0.8522
run_20260601_CUB-200-2011_ConvNeXtplusARM,CUB-200-2011,ConvNeXt+ARM,20260601,15,0.71629,0.78981,83.5868,0.7858,0.6028,0.8489
run_20260601_PlantVillage_UAMP-Net,PlantVillage,UAMP-Net,20260601,16,0.66813,0.70148,94.919,0.8426,0.2672,0.8667
run_20260601_PlantDoc_UAMP-Net,PlantDoc,UAMP-Net,20260601,17,0.61957,0.73453,83.4065,0.8457,0.7348,0.8173
run_20260601_CUB-200-2011_UAMP-Net,CUB-200-2011,UAMP-Net,20260601,18,0.59233,0.61952,85.5155,0.8225,0.6059,0.8765
run_20260607_PlantVillage_ResNet-50,PlantVillage,ResNet-50,20260607,19,0.52442,0.5723,93.827,0.7873,0.2392,0.8857
run_20260607_PlantDoc_ResNet-50,PlantDoc,ResNet-50,20260607,20,0.5178,0.65079,73.4482,0.8172,0.98,0.8352
run_20260607_CUB-200-2011_ResNet-50,CUB-200-2011,ResNet-50,20260607,21,0.48094,0.59029,79.9278,0.7652,0.8542,0.8246
run_20260607_PlantVillage_EfficientNet-B3,PlantVillage,EfficientNet-B3,20260607,22,0.44785,0.49667,95.0336,0.769,0.2895,0.8354
run_20260607_PlantDoc_EfficientNet-B3,PlantDoc,EfficientNet-B3,20260607,23,0.41422,0.51638,78.3245,0.8252,0.946,0.8637
run_20260607_CUB-200-2011_EfficientNet-B3,CUB-200-2011,EfficientNet-B3,20260607,24,0.39607,0.48604,82.5018,0.7688,0.6959,0.839
run_20260607_PlantVillage_ConvNeXt-Tiny,PlantVillage,ConvNeXt-Tiny,20260607,25,0.36235,0.3894,96.3555,0.7975,0.1306,0.8491
run_20260607_PlantDoc_ConvNeXt-Tiny,PlantDoc,ConvNeXt-Tiny,20260607,26,0.36455,0.44989,79.9788,0.8003,0.8673,0.8458
run_20260607_CUB-200-2011_ConvNeXt-Tiny,CUB-200-2011,ConvNeXt-Tiny,20260607,27,0.34291,0.36428,85.8473,0.8131,0.6435,0.8072
run_20260607_PlantVillage_Swin-Tiny,PlantVillage,Swin-Tiny,20260607,28,0.3052,0.36047,96.7961,0.7744,0.1645,0.8288
run_20260607_PlantDoc_Swin-Tiny,PlantDoc,Swin-Tiny,20260607,29,0.28579,0.3548,80.7302,0.7862,0.9033,0.8294
run_20260607_CUB-200-2011_Swin-Tiny,CUB-200-2011,Swin-Tiny,20260607,30,0.24374,0.28234,86.9993,0.8046,0.5296,0.8668
run_20260607_PlantVillage_ConvNeXtplusARM,PlantVillage,ConvNeXt+ARM,20260607,31,0.26238,0.25918,97.454,0.8369,0.0439,0.843
run_20260607_PlantDoc_ConvNeXtplusARM,PlantDoc,ConvNeXt+ARM,20260607,32,0.23148,0.27635,84.339,0.8166,0.6541,0.8523
run_20260607_CUB-200-2011_ConvNeXtplusARM,CUB-200-2011,ConvNeXt+ARM,20260607,33,0.23271,0.27001,87.0299,0.7942,0.5555,0.882
run_20260607_PlantVillage_UAMP-Net,PlantVillage,UAMP-Net,20260607,34,0.23301,0.20528,98.0272,0.8676,0.0485,0.83
run_20260607_PlantDoc_UAMP-Net,PlantDoc,UAMP-Net,20260607,35,0.21059,0.24476,86.4667,0.8408,0.5887,0.8562
run_20260607_CUB-200-2011_UAMP-Net,CUB-200-2011,UAMP-Net,20260607,36,0.19751,0.228,88.8212,0.8767,0.5507,0.8488
run_20260614_PlantVillage_ResNet-50,PlantVillage,ResNet-50,20260614,37,0.20575,0.17258,95.9965,0.7582,0.1516,0.8453
run_20260614_PlantDoc_ResNet-50,PlantDoc,ResNet-50,20260614,38,0.16092,0.22723,76.3204,0.8218,0.98,0.8777
run_20260614_CUB-200-2011_ResNet-50,CUB-200-2011,ResNet-50,20260614,39,0.15102,0.22578,81.9705,0.8743,0.732,0.843
run_20260614_PlantVillage_EfficientNet-B3,PlantVillage,EfficientNet-B3,20260614,40,0.16031,0.13646,96.8401,0.8401,0.1304,0.8539
run_20260614_PlantDoc_EfficientNet-B3,PlantDoc,EfficientNet-B3,20260614,41,0.16419,0.25063,79.4774,0.8342,0.854,0.8648
run_20260614_CUB-200-2011_EfficientNet-B3,CUB-200-2011,EfficientNet-B3,20260614,42,0.15992,0.19996,84.9468,0.7949,0.6845,0.8136
run_20260614_PlantVillage_ConvNeXt-Tiny,PlantVillage,ConvNeXt-Tiny,20260614,43,0.1338,0.11451,97.7838,0.8121,0.1268,0.8299
run_20260614_PlantDoc_ConvNeXt-Tiny,PlantDoc,ConvNeXt-Tiny,20260614,44,0.12515,0.19936,81.4437,0.8498,0.7567,0.8968
run_20260614_CUB-200-2011_ConvNeXt-Tiny,CUB-200-2011,ConvNeXt-Tiny,20260614,45,0.11447,0.152,86.596,0.8324,0.5748,0.8262
run_20260614_PlantVillage_Swin-Tiny,PlantVillage,Swin-Tiny,20260614,46,0.07222,0.09522,97.7237,0.8542,0.0638,0.8134
run_20260614_PlantDoc_Swin-Tiny,PlantDoc,Swin-Tiny,20260614,47,0.09703,0.15042,81.9286,0.871,0.7277,0.8544
run_20260614_CUB-200-2011_Swin-Tiny,CUB-200-2011,Swin-Tiny,20260614,48,0.1052,0.14054,87.4455,0.8334,0.5107,0.8391
run_20260614_PlantVillage_ConvNeXtplusARM,PlantVillage,ConvNeXt+ARM,20260614,49,0.06708,0.06964,98.1827,0.8548,0.076,0.8676
run_20260614_PlantDoc_ConvNeXtplusARM,PlantDoc,ConvNeXt+ARM,20260614,50,0.09414,0.16149,84.2607,0.8311,0.6165,0.8467
run_20260614_CUB-200-2011_ConvNeXtplusARM,CUB-200-2011,ConvNeXt+ARM,20260614,51,0.05545,0.09819,88.414,0.8522,0.5604,0.8486
run_20260614_PlantVillage_UAMP-Net,PlantVillage,UAMP-Net,20260614,52,0.0697,0.06425,98.566,0.8807,0.0203,0.8557
run_20260614_PlantDoc_UAMP-Net,PlantDoc,UAMP-Net,20260614,53,0.03873,0.08634,86.9551,0.9219,0.5364,0.8257
run_20260614_CUB-200-2011_UAMP-Net,CUB-200-2011,UAMP-Net,20260614,54,0.0598,0.07712,89.4704,0.9424,0.5362,0.8278
run_20260601_PlantVillage_ResNet-50,PlantVillage,ResNet-50,20260601,55,0.03904,0.12224,96.4012,0.8647,0.1167,0.8439
run_20260601_PlantDoc_ResNet-50,PlantDoc,ResNet-50,20260601,56,0.02726,0.16779,76.4011,0.8397,0.98,0.8336
run_20260601_CUB-200-2011_ResNet-50,CUB-200-2011,ResNet-50,20260601,57,0.03243,0.13381,83.312,0.8755,0.6787,0.8497
run_20260601_PlantVillage_EfficientNet-B3,PlantVillage,EfficientNet-B3,20260601,58,0.05342,0.05787,97.474,0.8687,0.0757,0.8638
run_20260601_PlantDoc_EfficientNet-B3,PlantDoc,EfficientNet-B3,20260601,59,0.06819,0.12333,79.5357,0.8854,0.8858,0.8513
run_20260601_CUB-200-2011_EfficientNet-B3,CUB-200-2011,EfficientNet-B3,20260601,60,0.05252,0.12547,85.0161,0.8567,0.6584,0.868
run_20260601_PlantVillage_ConvNeXt-Tiny,PlantVillage,ConvNeXt-Tiny,20260601,1,1.68541,1.84146,85.5351,0.7345,0.6659,0.874
run_20260601_PlantDoc_ConvNeXt-Tiny,PlantDoc,ConvNeXt-Tiny,20260601,2,1.56702,1.75896,71.0093,0.7535,0.98,0.8648
run_20260601_CUB-200-2011_ConvNeXt-Tiny,CUB-200-2011,ConvNeXt-Tiny,20260601,3,1.50188,1.67767,76.2346,0.7565,0.9748,0.8705
run_20260601_PlantVillage_Swin-Tiny,PlantVillage,Swin-Tiny,20260601,4,1.38473,1.52496,88.0036,0.769,0.481,0.7934
run_20260601_PlantDoc_Swin-Tiny,PlantDoc,Swin-Tiny,20260601,5,1.31206,1.44748,72.8687,0.7586,0.98,0.8637
run_20260601_CUB-200-2011_Swin-Tiny,CUB-200-2011,Swin-Tiny,20260601,6,1.25088,1.35697,78.8955,0.7727,0.9272,0.8135
run_20260601_PlantVillage_ConvNeXtplusARM,PlantVillage,ConvNeXt+ARM,20260601,7,1.17581,1.24029,90.8319,0.7344,0.4602,0.8616
run_20260601_PlantDoc_ConvNeXtplusARM,PlantDoc,ConvNeXt+ARM,20260601,8,1.09974,1.24357,76.3293,0.7713,0.98,0.8237
run_20260601_CUB-200-2011_ConvNeXtplusARM,CUB-200-2011,ConvNeXt+ARM,20260601,9,1.01646,1.10841,80.6465,0.7675,0.7706,0.8462
run_20260601_PlantVillage_UAMP-Net,PlantVillage,UAMP-Net,20260601,10,0.95173,1.01688,92.6302,0.8168,0.2769,0.8611
run_20260601_PlantDoc_UAMP-Net,PlantDoc,UAMP-Net,20260601,11,0.9048,0.99705,82.1011,0.8597,0.7041,0.8445
run_20260601_CUB-200-2011_UAMP-Net,CUB-200-2011,UAMP-Net,20260601,12,0.82291,0.93089,84.3719,0.8288,0.6789,0.854
run_20260607_PlantVillage_ResNet-50,PlantVillage,ResNet-50,20260607,13,0.7951,0.84359,91.5322,0.7587,0.2585,0.8331
run_20260607_PlantDoc_ResNet-50,PlantDoc,ResNet-50,20260607,14,0.73808,0.88927,72.389,0.7712,0.98,0.8584
run_20260607_CUB-200-2011_ResNet-50,CUB-200-2011,ResNet-50,20260607,15,0.72911,0.7895,78.7349,0.7648,0.9642,0.8556
run_20260607_PlantVillage_EfficientNet-B3,PlantVillage,EfficientNet-B3,20260607,16,0.66185,0.68812,93.4005,0.7867,0.2349,0.8183
run_20260607_PlantDoc_EfficientNet-B3,PlantDoc,EfficientNet-B3,20260607,17,0.62615,0.71831,75.9176,0.7555,0.98,0.8685
run_20260607_CUB-200-2011_EfficientNet-B3,CUB-200-2011,EfficientNet-B3,20260607,18,0.59258,0.6421,81.144,0.7973,0.7496,0.8385
run_20260607_PlantVillage_ConvNeXt-Tiny,PlantVillage,ConvNeXt-Tiny,20260607,19,0.55633,0.57702,95.3247,0.7575,0.0694,0.8404
run_20260607_PlantDoc_ConvNeXt-Tiny,PlantDoc,ConvNeXt-Tiny,20260607,20,0.48533,0.60563,78.7623,0.7693,0.9653,0.8653
run_20260607_CUB-200-2011_ConvNeXt-Tiny,CUB-200-2011,ConvNeXt-Tiny,20260607,21,0.49841,0.55323,84.5972,0.8148,0.6392,0.8517
run_20260607_PlantVillage_Swin-Tiny,PlantVillage,Swin-Tiny,20260607,22,0.4438,0.47957,95.4458,0.818,0.2452,0.8824
run_20260607_PlantDoc_Swin-Tiny,PlantDoc,Swin-Tiny,20260607,23,0.41565,0.51541,80.0289,0.7778,0.8766,0.8472
run_20260607_CUB-200-2011_Swin-Tiny,CUB-200-2011,Swin-Tiny,20260607,24,0.40853,0.4934,85.5169,0.8035,0.7246,0.8292
run_20260607_PlantVillage_ConvNeXtplusARM,PlantVillage,ConvNeXt+ARM,20260607,25,0.39391,0.41933,96.4024,0.7805,0.154,0.8573
run_20260607_PlantDoc_ConvNeXtplusARM,PlantDoc,ConvNeXt+ARM,20260607,26,0.34632,0.40965,82.0101,0.7817,0.7187,0.8278
run_20260607_CUB-200-2011_ConvNeXtplusARM,CUB-200-2011,ConvNeXt+ARM,20260607,27,0.32406,0.40256,86.0321,0.8232,0.4959,0.8359
run_20260607_PlantVillage_UAMP-Net,PlantVillage,UAMP-Net,20260607,28,0.30741,0.32054,97.5359,0.8702,0.0231,0.8431
run_20260607_PlantDoc_UAMP-Net,PlantDoc,UAMP-Net,20260607,29,0.26622,0.33043,86.2069,0.8897,0.5348,0.8295
run_20260607_CUB-200-2011_UAMP-Net,CUB-200-2011,UAMP-Net,20260607,30,0.28572,0.31789,87.9423,0.8957,0.4705,0.8347
run_20260614_PlantVillage_ResNet-50,PlantVillage,ResNet-50,20260614,31,0.24603,0.26168,95.2925,0.825,0.1871,0.8441
run_20260614_PlantDoc_ResNet-50,PlantDoc,ResNet-50,20260614,32,0.22434,0.32979,75.1318,0.7853,0.98,0.8503
run_20260614_CUB-200-2011_ResNet-50,CUB-200-2011,ResNet-50,20260614,33,0.21504,0.31452,81.5417,0.7959,0.8085,0.8868
run_20260614_PlantVillage_EfficientNet-B3,PlantVillage,EfficientNet-B3,20260614,34,0.23636,0.20343,96.472,0.8401,0.0604,0.8659
run_20260614_PlantDoc_EfficientNet-B3,PlantDoc,EfficientNet-B3,20260614,35,0.19381,0.29529,79.796,0.8485,0.8132,0.8494
run_20260614_CUB-200-2011_EfficientNet-B3,CUB-200-2011,EfficientNet-B3,20260614,36,0.17089,0.25117,84.4327,0.7979,0.6722,0.8428
run_20260614_PlantVillage_ConvNeXt-Tiny,PlantVillage,ConvNeXt-Tiny,20260614,37,0.1839,0.17585,97.4496,0.8622,0.0899,0.8675
run_20260614_PlantDoc_ConvNeXt-Tiny,PlantDoc,ConvNeXt-Tiny,20260614,38,0.17893,0.2432,81.0992,0.8539,0.8338,0.8676
run_20260614_CUB-200-2011_ConvNeXt-Tiny,CUB-200-2011,ConvNeXt-Tiny,20260614,39,0.15109,0.22099,86.5474,0.825,0.5216,0.8509
run_20260614_PlantVillage_Swin-Tiny,PlantVillage,Swin-Tiny,20260614,40,0.16215,0.16872,97.3258,0.8141,0.1726,0.829
run_20260614_PlantDoc_Swin-Tiny,PlantDoc,Swin-Tiny,20260614,41,0.13451,0.17852,81.0078,0.8423,0.8909,0.86
run_20260614_CUB-200-2011_Swin-Tiny,CUB-200-2011,Swin-Tiny,20260614,42,0.13834,0.17102,86.9865,0.856,0.6093,0.8504
run_20260614_PlantVillage_ConvNeXtplusARM,PlantVillage,ConvNeXt+ARM,20260614,43,0.13121,0.12909,98.0036,0.8014,0.02,0.8263
run_20260614_PlantDoc_ConvNeXtplusARM,PlantDoc,ConvNeXt+ARM,20260614,44,0.11303,0.16458,83.8144,0.8488,0.7109,0.8316
run_20260614_CUB-200-2011_ConvNeXtplusARM,CUB-200-2011,ConvNeXt+ARM,20260614,45,0.08855,0.15536,87.5614,0.845,0.5169,0.8293
run_20260614_PlantVillage_UAMP-Net,PlantVillage,UAMP-Net,20260614,46,0.09209,0.11776,98.5407,0.9061,0.0768,0.8535
run_20260614_PlantDoc_UAMP-Net,PlantDoc,UAMP-Net,20260614,47,0.11314,0.11738,86.6265,0.8797,0.5851,0.8747
run_20260614_CUB-200-2011_UAMP-Net,CUB-200-2011,UAMP-Net,20260614,48,0.06696,0.14659,89.3146,0.8858,0.4395,0.8903
run_20260601_PlantVillage_ResNet-50,PlantVillage,ResNet-50,20260601,49,0.06086,0.10986,96.153,0.8612,0.1591,0.8547
run_20260601_PlantDoc_ResNet-50,PlantDoc,ResNet-50,20260601,50,0.0874,0.15078,76.3835,0.8363,0.9034,0.8625
run_20260601_CUB-200-2011_ResNet-50,CUB-200-2011,ResNet-50,20260601,51,0.07255,0.13131,81.6993,0.8346,0.7323,0.8436
run_20260601_PlantVillage_EfficientNet-B3,PlantVillage,EfficientNet-B3,20260601,52,0.06365,0.11902,97.2005,0.8779,0.1566,0.8719
run_20260601_PlantDoc_EfficientNet-B3,PlantDoc,EfficientNet-B3,20260601,53,0.04189,0.16058,79.5178,0.8865,0.892,0.8453
run_20260601_CUB-200-2011_EfficientNet-B3,CUB-200-2011,EfficientNet-B3,20260601,54,0.05549,0.10359,85.6412,0.8902,0.5814,0.8609
run_20260601_PlantVillage_ConvNeXt-Tiny,PlantVillage,ConvNeXt-Tiny,20260601,55,0.05645,0.07268,98.1937,0.8592,0.0774,0.8588
run_20260601_PlantDoc_ConvNeXt-Tiny,PlantDoc,ConvNeXt-Tiny,20260601,56,0.04874,0.13815,82.0321,0.8914,0.7208,0.817
run_20260601_CUB-200-2011_ConvNeXt-Tiny,CUB-200-2011,ConvNeXt-Tiny,20260601,57,0.05563,0.12856,87.1893,0.8584,0.5687,0.8482
run_20260601_PlantVillage_Swin-Tiny,PlantVillage,Swin-Tiny,20260601,58,0.06109,0.02667,98.0443,0.8529,0.0253,0.8564
run_20260601_PlantDoc_Swin-Tiny,PlantDoc,Swin-Tiny,20260601,59,0.02601,0.11972,81.7152,0.8822,0.7218,0.8568
run_20260601_CUB-200-2011_Swin-Tiny,CUB-200-2011,Swin-Tiny,20260601,60,0.0646,0.08486,87.6821,0.8445,0.5314,0.8369
run_20260601_PlantVillage_ConvNeXtplusARM,PlantVillage,ConvNeXt+ARM,20260601,1,1.66982,1.85744,85.7842,0.7052,0.6507,0.8735
run_20260601_PlantDoc_ConvNeXtplusARM,PlantDoc,ConvNeXt+ARM,20260601,2,1.60028,1.77401,72.5402,0.7612,0.98,0.8622
run_20260601_CUB-200-2011_ConvNeXtplusARM,CUB-200-2011,ConvNeXt+ARM,20260601,3,1.49171,1.65724,76.9434,0.7704,0.9246,0.8304
run_20260601_PlantVillage_UAMP-Net,PlantVillage,UAMP-Net,20260601,4,1.41287,1.5078,88.9718,0.8545,0.4479,0.8555
run_20260601_PlantDoc_UAMP-Net,PlantDoc,UAMP-Net,20260601,5,1.30208,1.50986,77.259,0.8147,0.9741,0.8717
run_20260601_CUB-200-2011_UAMP-Net,CUB-200-2011,UAMP-Net,20260601,6,1.24417,1.37065,81.1794,0.8196,0.8226,0.8471
run_20260607_PlantVillage_ResNet-50,PlantVillage,ResNet-50,20260607,7,1.19133,1.28619,88.6854,0.7597,0.4603,0.8324
run_20260607_PlantDoc_ResNet-50,PlantDoc,ResNet-50,20260607,8,1.10112,1.24855,69.0599,0.7364,0.98,0.8466
run_20260607_CUB-200-2011_ResNet-50,CUB-200-2011,ResNet-50,20260607,9,1.03285,1.14363,76.5592,0.7717,0.98,0.8376
run_20260607_PlantVillage_EfficientNet-B3,PlantVillage,EfficientNet-B3,20260607,10,0.96367,1.03323,90.9848,0.8079,0.3318,0.8562
run_20260607_PlantDoc_EfficientNet-B3,PlantDoc,EfficientNet-B3,20260607,11,0.9099,1.05025,73.4872,0.7777,0.98,0.8124
run_20260607_CUB-200-2011_EfficientNet-B3,CUB-200-2011,EfficientNet-B3,20260607,12,0.85097,0.95053,79.5357,0.7313,0.9026,0.855
run_20260607_PlantVillage_ConvNeXt-Tiny,PlantVillage,ConvNeXt-Tiny,20260607,13,0.7889,0.82769,93.3857,0.7722,0.3002,0.8519
run_20260607_PlantDoc_ConvNeXt-Tiny,PlantDoc,ConvNeXt-Tiny,20260607,14,0.74726,0.82935,77.6227,0.768,0.9507,0.8464
run_20260607_CUB-200-2011_ConvNeXt-Tiny,CUB-200-2011,ConvNeXt-Tiny,20260607,15,0.71299,0.77538,83.6794,0.797,0.7119,0.8348
run_20260607_PlantVillage_Swin-Tiny,PlantVillage,Swin-Tiny,20260607,16,0.67235,0.7002,93.8314,0.792,0.2768,0.8251
run_20260607_PlantDoc_Swin-Tiny,PlantDoc,Swin-Tiny,20260607,17,0.61574,0.72014,78.4507,0.7451,0.9145,0.8715
run_20260607_CUB-200-2011_Swin-Tiny,CUB-200-2011,Swin-Tiny,20260607,18,0.58251,0.66314,84.8269,0.8005,0.5889,0.8058
run_20260607_PlantVillage_ConvNeXtplusARM,PlantVillage,ConvNeXt+ARM,20260607,19,0.55114,0.56003,95.5604,0.8029,0.1768,0.8681
run_20260607_PlantDoc_ConvNeXtplusARM,PlantDoc,ConvNeXt+ARM,20260607,20,0.50125,0.61048,80.7792,0.7796,0.8575,0.841
run_20260607_CUB-200-2011_ConvNeXtplusARM,CUB-200-2011,ConvNeXt+ARM,20260607,21,0.48914,0.53261,85.4408,0.7861,0.6593,0.8168
run_20260607_PlantVillage_UAMP-Net,PlantVillage,UAMP-Net,20260607,22,0.45082,0.46588,96.343,0.8636,0.1349,0.8222
run_20260607_PlantDoc_UAMP-Net,PlantDoc,UAMP-Net,20260607,23,0.44888,0.4843,84.4641,0.8957,0.6907,0.8479
run_20260607_CUB-200-2011_UAMP-Net,CUB-200-2011,UAMP-Net,20260607,24,0.37781,0.43871,86.7081,0.8171,0.5313,0.8354
run_20260614_PlantVillage_ResNet-50,PlantVillage,ResNet-50,20260614,25,0.39532,0.35945,94.8375,0.7827,0.2418,0.8269
run_20260614_PlantDoc_ResNet-50,PlantDoc,ResNet-50,20260614,26,0.34998,0.48545,73.643,0.7913,0.98,0.835
run_20260614_CUB-200-2011_ResNet-50,CUB-200-2011,ResNet-50,20260614,27,0.3242,0.42087,80.8216,0.7983,0.7833,0.8525
run_20260614_PlantVillage_EfficientNet-B3,PlantVillage,EfficientNet-B3,20260614,28,0.27504,0.32717,96.0861,0.8157,0.2209,0.8815
run_20260614_PlantDoc_EfficientNet-B3,PlantDoc,EfficientNet-B3,20260614,29,0.31761,0.39562,77.6044,0.8045,0.881,0.8557
run_20260614_CUB-200-2011_EfficientNet-B3,CUB-200-2011,EfficientNet-B3,20260614,30,0.24182,0.34614,83.3468,0.78,0.7874,0.8546
run_20260614_PlantVillage_ConvNeXt-Tiny,PlantVillage,ConvNeXt-Tiny,20260614,31,0.25284,0.27342,96.8626,0.7882,0.1401,0.821
run_20260614_PlantDoc_ConvNeXt-Tiny,PlantDoc,ConvNeXt-Tiny,20260614,32,0.23945,0.32132,80.7763,0.7848,0.8131,0.8577
run_20260614_CUB-200-2011_ConvNeXt-Tiny,CUB-200-2011,ConvNeXt-Tiny,20260614,33,0.22797,0.29787,85.9113,0.8054,0.5892,0.8551
run_20260614_PlantVillage_Swin-Tiny,PlantVillage,Swin-Tiny,20260614,34,0.20549,0.19502,97.0988,0.7964,0.1466,0.8312
run_20260614_PlantDoc_Swin-Tiny,PlantDoc,Swin-Tiny,20260614,35,0.20098,0.26974,81.0103,0.8323,0.7974,0.8343
run_20260614_CUB-200-2011_Swin-Tiny,CUB-200-2011,Swin-Tiny,20260614,36,0.17123,0.2445,86.6234,0.8314,0.5402,0.8467
run_20260614_PlantVillage_ConvNeXtplusARM,PlantVillage,ConvNeXt+ARM,20260614,37,0.18523,0.17474,97.86,0.8076,0.0494,0.8444
run_20260614_PlantDoc_ConvNeXtplusARM,PlantDoc,ConvNeXt+ARM,20260614,38,0.16784,0.17432,84.1762,0.8104,0.6103,0.8339
run_20260614_CUB-200-2011_ConvNeXtplusARM,CUB-200-2011,ConvNeXt+ARM,20260614,39,0.14038,0.20434,87.2116,0.8469,0.5418,0.8616
run_20260614_PlantVillage_UAMP-Net,PlantVillage,UAMP-Net,20260614,40,0.1255,0.14401,98.4633,0.9068,0.02,0.8617
run_20260614_PlantDoc_UAMP-Net,PlantDoc,UAMP-Net,20260614,41,0.15243,0.19689,86.2289,0.8708,0.5144,0.8428
run_20260614_CUB-200-2011_UAMP-Net,CUB-200-2011,UAMP-Net,20260614,42,0.13506,0.16391,89.5049,0.8904,0.4423,0.846
run_20260601_PlantVillage_ResNet-50,PlantVillage,ResNet-50,20260601,43,0.13811,0.10968,96.2997,0.8178,0.1964,0.8086
run_20260601_PlantDoc_ResNet-50,PlantDoc,ResNet-50,20260601,44,0.12257,0.22154,75.4374,0.831,0.98,0.8638
run_20260601_CUB-200-2011_ResNet-50,CUB-200-2011,ResNet-50,20260601,45,0.08891,0.17248,82.3631,0.8172,0.7655,0.8267
run_20260601_PlantVillage_EfficientNet-B3,PlantVillage,EfficientNet-B3,20260601,46,0.09009,0.11003,96.8931,0.8525,0.136,0.8634
run_20260601_PlantDoc_EfficientNet-B3,PlantDoc,EfficientNet-B3,20260601,47,0.09448,0.16618,80.073,0.8312,0.8751,0.8508
run_20260601_CUB-200-2011_EfficientNet-B3,CUB-200-2011,EfficientNet-B3,20260601,48,0.10662,0.12065,85.0095,0.8456,0.5139,0.8621
run_20260601_PlantVillage_ConvNeXt-Tiny,PlantVillage,ConvNeXt-Tiny,20260601,49,0.11202,0.07986,97.8786,0.8243,0.0331,0.8698
run_20260601_PlantDoc_ConvNeXt-Tiny,PlantDoc,ConvNeXt-Tiny,20260601,50,0.07781,0.14555,82.1225,0.822,0.7342,0.866
run_20260601_CUB-200-2011_ConvNeXt-Tiny,CUB-200-2011,ConvNeXt-Tiny,20260601,51,0.03727,0.12162,86.6064,0.8292,0.5815,0.8504
run_20260601_PlantVillage_Swin-Tiny,PlantVillage,Swin-Tiny,20260601,52,0.05577,0.10219,97.7354,0.8123,0.094,0.8521
run_20260601_PlantDoc_Swin-Tiny,PlantDoc,Swin-Tiny,20260601,53,0.07474,0.15507,81.8443,0.8712,0.8348,0.8425
run_20260601_CUB-200-2011_Swin-Tiny,CUB-200-2011,Swin-Tiny,20260601,54,0.07123,0.09481,87.3934,0.8436,0.6529,0.8682
run_20260601_PlantVillage_ConvNeXtplusARM,PlantVillage,ConvNeXt+ARM,20260601,55,0.05385,0.07642,98.2246,0.8651,0.1447,0.8252
run_20260601_PlantDoc_ConvNeXtplusARM,PlantDoc,ConvNeXt+ARM,20260601,56,0.06767,0.11303,83.6492,0.8605,0.6674,0.8883
run_20260601_CUB-200-2011_ConvNeXtplusARM,CUB-200-2011,ConvNeXt+ARM,20260601,57,0.05922,0.08569,87.7395,0.8566,0.5997,0.8026
run_20260601_PlantVillage_UAMP-Net,PlantVillage,UAMP-Net,20260601,58,0.012,0.018,99.0027,0.9432,0.02,0.8824
run_20260601_PlantDoc_UAMP-Net,PlantDoc,UAMP-Net,20260601,59,0.06518,0.09659,87.1342,0.9509,0.5358,0.8277
run_20260601_CUB-200-2011_UAMP-Net,CUB-200-2011,UAMP-Net,20260601,60,0.03251,0.06448,89.8727,0.919,0.3704,0.873
run_20260607_PlantVillage_ResNet-50,PlantVillage,ResNet-50,20260607,1,1.71493,1.83443,84.1374,0.7526,0.5402,0.8425
run_20260607_PlantDoc_ResNet-50,PlantDoc,ResNet-50,20260607,2,1.57641,1.81474,64.872,0.742,0.98,0.8701
run_20260607_CUB-200-2011_ResNet-50,CUB-200-2011,ResNet-50,20260607,3,1.49497,1.66812,71.7686,0.7675,0.98,0.8496
run_20260607_PlantVillage_EfficientNet-B3,PlantVillage,EfficientNet-B3,20260607,4,1.39162,1.5164,87.4919,0.7703,0.3708,0.8522
run_20260607_PlantDoc_EfficientNet-B3,PlantDoc,EfficientNet-B3,20260607,5,1.29401,1.50643,70.8652,0.755,0.98,0.8545
run_20260607_CUB-200-2011_EfficientNet-B3,CUB-200-2011,EfficientNet-B3,20260607,6,1.23397,1.37946,76.9094,0.763,0.98,0.8729
run_20260607_PlantVillage_ConvNeXt-Tiny,PlantVillage,ConvNeXt-Tiny,20260607,7,1.15828,1.23237,90.6543,0.7215,0.3724,0.8329
run_20260607_PlantDoc_ConvNeXt-Tiny,PlantDoc,ConvNeXt-Tiny,20260607,8,1.08513,1.24996,74.7143,0.7618,0.98,0.8383
run_20260607_CUB-200-2011_ConvNeXt-Tiny,CUB-200-2011,ConvNeXt-Tiny,20260607,9,1.04424,1.13043,79.3772,0.7893,0.8564,0.876
run_20260607_PlantVillage_Swin-Tiny,PlantVillage,Swin-Tiny,20260607,10,1.00243,1.00918,92.2174,0.7572,0.2858,0.869
run_20260607_PlantDoc_Swin-Tiny,PlantDoc,Swin-Tiny,20260607,11,0.90203,1.02042,75.8359,0.746,0.98,0.8402
run_20260607_CUB-200-2011_Swin-Tiny,CUB-200-2011,Swin-Tiny,20260607,12,0.82644,0.94239,81.7948,0.7926,0.7609,0.8121
run_20260607_PlantVillage_ConvNeXtplusARM,PlantVillage,ConvNeXt+ARM,20260607,13,0.8308,0.81593,93.7995,0.8048,0.223,0.8948
run_20260607_PlantDoc_ConvNeXtplusARM,PlantDoc,ConvNeXt+ARM,20260607,14,0.76553,0.86775,79.8662,0.7476,0.9259,0.8525
run_20260607_CUB-200-2011_ConvNeXtplusARM,CUB-200-2011,ConvNeXt+ARM,20260607,15,0.70226,0.7843,83.0199,0.761,0.6918,0.8742
run_20260607_PlantVillage_UAMP-Net,PlantVillage,UAMP-Net,20260607,16,0.66802,0.69573,95.1193,0.8233,0.1556,0.8323
run_20260607_PlantDoc_UAMP-Net,PlantDoc,UAMP-Net,20260607,17,0.62699,0.70628,83.2669,0.8443,0.7188,0.8279
run_20260607_CUB-200-2011_UAMP-Net,CUB-200-2011,UAMP-Net,20260607,18,0.59151,0.65157,85.7985,0.8271,0.5775,0.901
run_20260614_PlantVillage_ResNet-50,PlantVillage,ResNet-50,20260614,19,0.51449,0.62506,93.6203,0.8112,0.2679,0.8538
run_20260614_PlantDoc_ResNet-50,PlantDoc,ResNet-50,20260614,20,0.50114,0.60419,72.907,0.7931,0.98,0.8345
run_20260614_CUB-200-2011_ResNet-50,CUB-200-2011,ResNet-50,20260614,21,0.47368,0.54734,79.7427,0.8017,0.7581,0.8418
run_20260614_PlantVillage_EfficientNet-B3,PlantVillage,EfficientNet-B3,20260614,22,0.46416,0.51038,94.9216,0.797,0.1824,0.8156
run_20260614_PlantDoc_EfficientNet-B3,PlantDoc,EfficientNet-B3,20260614,23,0.43195,0.53813,77.9627,0.772,0.9028,0.859
run_20260614_CUB-200-2011_EfficientNet-B3,CUB-200-2011,EfficientNet-B3,20260614,24,0.40807,0.48886,83.0625,0.812,0.6365,0.8433
run_20260614_PlantVillage_ConvNeXt-Tiny,PlantVillage,ConvNeXt-Tiny,20260614,25,0.36783,0.41275,96.2915,0.8191,0.1697,0.8611
run_20260614_PlantDoc_ConvNeXt-Tiny,PlantDoc,ConvNeXt-Tiny,20260614,26,0.34698,0.42332,79.6839,0.7709,0.9441,0.8331
run_20260614_CUB-200-2011_ConvNeXt-Tiny,CUB-200-2011,ConvNeXt-Tiny,20260614,27,0.32857,0.36786,85.8508,0.8266,0.6098,0.85
run_20260614_PlantVillage_Swin-Tiny,PlantVillage,Swin-Tiny,20260614,28,0.31106,0.32712,96.5799,0.827,0.0869,0.844
run_20260614_PlantDoc_Swin-Tiny,PlantDoc,Swin-Tiny,20260614,29,0.32166,0.38806,79.8689,0.8148,0.9174,0.8521
run_20260614_CUB-200-2011_Swin-Tiny,CUB-200-2011,Swin-Tiny,20260614,30,0.27888,0.36544,86.4812,0.8128,0.5031,0.8524
run_20260614_PlantVillage_ConvNeXtplusARM,PlantVillage,ConvNeXt+ARM,20260614,31,0.25565,0.26049,97.2929,0.862,0.0899,0.8593
run_20260614_PlantDoc_ConvNeXtplusARM,PlantDoc,ConvNeXt+ARM,20260614,32,0.25096,0.30112,82.2155,0.7893,0.7096,0.835
run_20260614_CUB-200-2011_ConvNeXtplusARM,CUB-200-2011,ConvNeXt+ARM,20260614,33,0.2251,0.3045,87.4147,0.8243,0.4704,0.8722
run_20260614_PlantVillage_UAMP-Net,PlantVillage,UAMP-Net,20260614,34,0.19882,0.23723,98.1344,0.8923,0.02,0.8581
run_20260614_PlantDoc_UAMP-Net,PlantDoc,UAMP-Net,20260614,35,0.181,0.25709,85.5505,0.8903,0.5886,0.8516
run_20260614_CUB-200-2011_UAMP-Net,CUB-200-2011,UAMP-Net,20260614,36,0.17152,0.24749,88.1341,0.8739,0.5089,0.8307
run_20260601_PlantVillage_ResNet-50,PlantVillage,ResNet-50,20260601,37,0.19179,0.20067,95.7313,0.7882,0.1438,0.8091
run_20260601_PlantDoc_ResNet-50,PlantDoc,ResNet-50,20260601,38,0.17339,0.24241,75.7794,0.8459,0.98,0.8257
run_20260601_CUB-200-2011_ResNet-50,CUB-200-2011,ResNet-50,20260601,39,0.14682,0.22427,82.0734,0.8027,0.7842,0.8264
run_20260601_PlantVillage_EfficientNet-B3,PlantVillage,EfficientNet-B3,20260601,40,0.13572,0.15941,97.3628,0.8405,0.153,0.8656
run_20260601_PlantDoc_EfficientNet-B3,PlantDoc,EfficientNet-B3,20260601,41,0.14735,0.20128,78.2043,0.7942,0.8817,0.8812
run_20260601_CUB-200-2011_EfficientNet-B3,CUB-200-2011,EfficientNet-B3,20260601,42,0.13914,0.17132,84.531,0.8492,0.6412,0.8496
run_20260601_PlantVillage_ConvNeXt-Tiny,PlantVillage,ConvNeXt-Tiny,20260601,43,0.14833,0.12613,97.7975,0.8885,0.0683,0.858
run_20260601_PlantDoc_ConvNeXt-Tiny,PlantDoc,ConvNeXt-Tiny,20260601,44,0.10433,0.16176,81.8029,0.8404,0.7359,0.8466
run_20260601_CUB-200-2011_ConvNeXt-Tiny,CUB-200-2011,ConvNeXt-Tiny,20260601,45,0.10425,0.15577,86.0733,0.8531,0.5762,0.8249
run_20260601_PlantVillage_Swin-Tiny,PlantVillage,Swin-Tiny,20260601,46,0.11442,0.10088,97.5103,0.8414,0.1584,0.8835
run_20260601_PlantDoc_Swin-Tiny,PlantDoc,Swin-Tiny,20260601,47,0.08817,0.12386,81.8527,0.8532,0.7218,0.8451
run_20260601_CUB-200-2011_Swin-Tiny,CUB-200-2011,Swin-Tiny,20260601,48,0.09461,0.1592,87.1941,0.8669,0.5309,0.8764
run_20260601_PlantVillage_ConvNeXtplusARM,PlantVillage,ConvNeXt+ARM,20260601,49,0.08054,0.09945,98.2953,0.8559,0.0622,0.841
run_20260601_PlantDoc_ConvNeXtplusARM,PlantDoc,ConvNeXt+ARM,20260601,50,0.08672,0.15421,83.9814,0.8019,0.6225,0.8549
run_20260601_CUB-200-2011_ConvNeXtplusARM,CUB-200-2011,ConvNeXt+ARM,20260601,51,0.08299,0.09547,87.7725,0.8926,0.5454,0.8583
run_20260601_PlantVillage_UAMP-Net,PlantVillage,UAMP-Net,20260601,52,0.07124,0.08614,98.9843,0.9064,0.0444,0.8266
run_20260601_PlantDoc_UAMP-Net,PlantDoc,UAMP-Net,20260601,53,0.05702,0.11081,86.5429,0.9059,0.5188,0.8845
run_20260601_CUB-200-2011_UAMP-Net,CUB-200-2011,UAMP-Net,20260601,54,0.07238,0.12026,88.9542,0.9374,0.4165,0.8675
run_20260607_PlantVillage_ResNet-50,PlantVillage,ResNet-50,20260607,55,0.06379,0.05277,96.2019,0.895,0.1183,0.8691
run_20260607_PlantDoc_ResNet-50,PlantDoc,ResNet-50,20260607,56,0.06854,0.14225,76.1564,0.8544,0.9704,0.8459
run_20260607_CUB-200-2011_ResNet-50,CUB-200-2011,ResNet-50,20260607,57,0.05515,0.10759,83.287,0.8547,0.7223,0.8648
run_20260607_PlantVillage_EfficientNet-B3,PlantVillage,EfficientNet-B3,20260607,58,0.08415,0.04779,97.1982,0.8842,0.1286,0.8279
run_20260607_PlantDoc_EfficientNet-B3,PlantDoc,EfficientNet-B3,20260607,59,0.03452,0.13994,80.3887,0.8493,0.8322,0.8444
run_20260607_CUB-200-2011_EfficientNet-B3,CUB-200-2011,EfficientNet-B3,20260607,60,0.03201,0.11423,85.4102,0.8678,0.5871,0.8675
run_20260607_PlantVillage_ConvNeXt-Tiny,PlantVillage,ConvNeXt-Tiny,20260607,1,1.71365,1.84095,85.576,0.7378,0.5928,0.8681
run_20260607_PlantDoc_ConvNeXt-Tiny,PlantDoc,ConvNeXt-Tiny,20260607,2,1.58492,1.79305,70.7973,0.7375,0.98,0.8683
run_20260607_CUB-200-2011_ConvNeXt-Tiny,CUB-200-2011,ConvNeXt-Tiny,20260607,3,1.49433,1.67374,76.468,0.7285,0.98,0.8684
run_20260607_PlantVillage_Swin-Tiny,PlantVillage,Swin-Tiny,20260607,4,1.41665,1.53625,88.2532,0.7563,0.5542,0.8333
run_20260607_PlantDoc_Swin-Tiny,PlantDoc,Swin-Tiny,20260607,5,1.31174,1.4698,72.5633,0.7523,0.98,0.8629
run_20260607_CUB-200-2011_Swin-Tiny,CUB-200-2011,Swin-Tiny,20260607,6,1.25357,1.37003,78.9533,0.7176,0.8827,0.8885
run_20260607_PlantVillage_ConvNeXtplusARM,PlantVillage,ConvNeXt+ARM,20260607,7,1.16781,1.23179,90.5671,0.7708,0.3313,0.8577
run_20260607_PlantDoc_ConvNeXtplusARM,PlantDoc,ConvNeXt+ARM,20260607,8,1.09335,1.22613,76.7665,0.7666,0.9503,0.8293
run_20260607_CUB-200-2011_ConvNeXtplusARM,CUB-200-2011,ConvNeXt+ARM,20260607,9,1.022,1.11897,81.5433,0.7574,0.8934,0.8605
run_20260607_PlantVillage_UAMP-Net,PlantVillage,UAMP-Net,20260607,10,0.97595,1.03198,92.7357,0.8282,0.3352,0.7963
run_20260607_PlantDoc_UAMP-Net,PlantDoc,UAMP-Net,20260607,11,0.89522,0.99756,81.2516,0.851,0.7189,0.8789
run_20260607_CUB-200-2011_UAMP-Net,CUB-200-2011,UAMP-Net,20260607,12,0.87161,0.93851,84.5627,0.8413,0.6031,0.8543
run_20260614_PlantVillage_ResNet-50,PlantVillage,ResNet-50,20260614,13,0.78263,0.87368,91.8765,0.7771,0.392,0.8378
run_20260614_PlantDoc_ResNet-50,PlantDoc,ResNet-50,20260614,14,0.73712,0.89632,71.8658,0.7917,0.98,0.8432
run_20260614_CUB-200-2011_ResNet-50,CUB-200-2011,ResNet-50,20260614,15,0.72137,0.80674,78.2281,0.7688,0.7629,0.8603
run_20260614_PlantVillage_EfficientNet-B3,PlantVillage,EfficientNet-B3,20260614,16,0.66192,0.68644,93.3243,0.7984,0.282,0.8266
run_20260614_PlantDoc_EfficientNet-B3,PlantDoc,EfficientNet-B3,20260614,17,0.64222,0.72938,75.2173,0.7763,0.9768,0.8464
run_20260614_CUB-200-2011_EfficientNet-B3,CUB-200-2011,EfficientNet-B3,20260614,18,0.59981,0.71625,81.9952,0.8143,0.7798,0.8527
run_20260614_PlantVillage_ConvNeXt-Tiny,PlantVillage,ConvNeXt-Tiny,20260614,19,0.53565,0.59311,95.1009,0.8198,0.1545,0.8455
run_20260614_PlantDoc_ConvNeXt-Tiny,PlantDoc,ConvNeXt-Tiny,20260614,20,0.50223,0.60472,79.8747,0.8054,0.9505,0.8228
run_20260614_CUB-200-2011_ConvNeXt-Tiny,CUB-200-2011,ConvNeXt-Tiny,20260614,21,0.47992,0.5509,84.2552,0.7866,0.7291,0.8684
run_20260614_PlantVillage_Swin-Tiny,PlantVillage,Swin-Tiny,20260614,22,0.45606,0.47616,95.4573,0.7712,0.2253,0.8434
run_20260614_PlantDoc_Swin-Tiny,PlantDoc,Swin-Tiny,20260614,23,0.43346,0.51381,78.3286,0.79,0.925,0.8471
run_20260614_CUB-200-2011_Swin-Tiny,CUB-200-2011,Swin-Tiny,20260614,24,0.39525,0.47388,85.609,0.8438,0.6173,0.8825
run_20260614_PlantVillage_ConvNeXtplusARM,PlantVillage,ConvNeXt+ARM,20260614,25,0.37513,0.382,96.5066,0.8019,0.1074,0.8603
run_20260614_PlantDoc_ConvNeXtplusARM,PlantDoc,ConvNeXt+ARM,20260614,26,0.353,0.43852,81.9213,0.7736,0.7017,0.847
run_20260614_CUB-200-2011_ConvNeXtplusARM,CUB-200-2011,ConvNeXt+ARM,20260614,27,0.34113,0.38383,84.9661,0.8219,0.6351,0.8841
run_20260614_PlantVillage_UAMP-Net,PlantVillage,UAMP-Net,20260614,28,0.33654,0.32642,97.3179,0.8282,0.0579,0.8651
run_20260614_PlantDoc_UAMP-Net,PlantDoc,UAMP-Net,20260614,29,0.29006,0.34791,85.2112,0.867,0.51,0.8575
run_20260614_CUB-200-2011_UAMP-Net,CUB-200-2011,UAMP-Net,20260614,30,0.29017,0.35617,88.2052,0.873,0.4188,0.8435
run_20260601_PlantVillage_ResNet-50,PlantVillage,ResNet-50,20260601,31,0.25249,0.27064,95.2014,0.8036,0.1502,0.8752
run_20260601_PlantDoc_ResNet-50,PlantDoc,ResNet-50,20260601,32,0.23713,0.32847,75.4968,0.7931,0.98,0.8397
run_20260601_CUB-200-2011_ResNet-50,CUB-200-2011,ResNet-50,20260601,33,0.22518,0.33651,81.6726,0.7877,0.674,0.8611
run_20260601_PlantVillage_EfficientNet-B3,PlantVillage,EfficientNet-B3,20260601,34,0.21927,0.18287,96.4169,0.8368,0.1122,0.8457
run_20260601_PlantDoc_EfficientNet-B3,PlantDoc,EfficientNet-B3,20260601,35,0.18909,0.24878,78.9034,0.8054,0.8523,0.8953
run_20260601_CUB-200-2011_EfficientNet-B3,CUB-200-2011,EfficientNet-B3,20260601,36,0.2115,0.25855,84.8005,0.8251,0.6262,0.8357
run_20260601_PlantVillage_ConvNeXt-Tiny,PlantVillage,ConvNeXt-Tiny,20260601,37,0.16502,0.1989,97.2921,0.8504,0.0928,0.8476
run_20260601_PlantDoc_ConvNeXt-Tiny,PlantDoc,ConvNeXt-Tiny,20260601,38,0.15431,0.24344,81.1313,0.8308,0.818,0.839
run_20260601_CUB-200-2011_ConvNeXt-Tiny,CUB-200-2011,ConvNeXt-Tiny,20260601,39,0.15802,0.19444,85.6633,0.8414,0.6415,0.8566
run_20260601_PlantVillage_Swin-Tiny,PlantVillage,Swin-Tiny,20260601,40,0.13156,0.17582,97.2014,0.7807,0.1024,0.8588
run_20260601_PlantDoc_Swin-Tiny,PlantDoc,Swin-Tiny,20260601,41,0.16044,0.20809,80.0909,0.845,0.8334,0.8197
run_20260601_CUB-200-2011_Swin-Tiny,CUB-200-2011,Swin-Tiny,20260601,42,0.13671,0.15452,87.2925,0.8758,0.5156,0.8695
run_20260601_PlantVillage_ConvNeXtplusARM,PlantVillage,ConvNeXt+ARM,20260601,43,0.12491,0.12425,97.8861,0.8291,0.02,0.8423
run_20260601_PlantDoc_ConvNeXtplusARM,PlantDoc,ConvNeXt+ARM,20260601,44,0.13961,0.16265,83.4434,0.8295,0.6733,0.8396
run_20260601_CUB-200-2011_ConvNeXtplusARM,CUB-200-2011,ConvNeXt+ARM,20260601,45,0.11787,0.15603,87.8279,0.8466,0.4598,0.8365
run_20260601_PlantVillage_UAMP-Net,PlantVillage,UAMP-Net,20260601,46,0.10043,0.07274,98.6309,0.8755,0.0721,0.8553
run_20260601_PlantDoc_UAMP-Net,PlantDoc,UAMP-Net,20260601,47,0.11883,0.15277,86.9008,0.8898,0.4671,0.8614
run_20260601_CUB-200-2011_UAMP-Net,CUB-200-2011,UAMP-Net,20260601,48,0.0982,0.13436,89.4241,0.9029,0.4974,0.8659
run_20260607_PlantVillage_ResNet-50,PlantVillage,ResNet-50,20260607,49,0.0706,0.10348,96.4091,0.8639,0.1181,0.8615
run_20260607_PlantDoc_ResNet-50,PlantDoc,ResNet-50,20260607,50,0.07352,0.1762,75.8362,0.8283,0.98,0.8482
run_20260607_CUB-200-2011_ResNet-50,CUB-200-2011,ResNet-50,20260607,51,0.08369,0.13228,82.326,0.8234,0.7442,0.8569
run_20260607_PlantVillage_EfficientNet-B3,PlantVillage,EfficientNet-B3,20260607,52,0.08864,0.07338,97.1355,0.8141,0.0952,0.8321
run_20260607_PlantDoc_EfficientNet-B3,PlantDoc,EfficientNet-B3,20260607,53,0.05077,0.13445,79.6134,0.8708,0.8079,0.8496
run_20260607_CUB-200-2011_EfficientNet-B3,CUB-200-2011,EfficientNet-B3,20260607,54,0.05387,0.08797,85.5702,0.885,0.6244,0.8274
run_20260607_PlantVillage_ConvNeXt-Tiny,PlantVillage,ConvNeXt-Tiny,20260607,55,0.07605,0.06794,97.9548,0.8782,0.0954,0.8404
run_20260607_PlantDoc_ConvNeXt-Tiny,PlantDoc,ConvNeXt-Tiny,20260607,56,0.05302,0.1218,81.4747,0.8511,0.697,0.807
run_20260607_CUB-200-2011_ConvNeXt-Tiny,CUB-200-2011,ConvNeXt-Tiny,20260607,57,0.04429,0.07828,86.3454,0.8242,0.5142,0.8594
run_20260607_PlantVillage_Swin-Tiny,PlantVillage,Swin-Tiny,20260607,58,0.04261,0.0401,97.773,0.8898,0.0956,0.8519
run_20260607_PlantDoc_Swin-Tiny,PlantDoc,Swin-Tiny,20260607,59,0.03136,0.0994,81.0436,0.8722,0.8294,0.8336
run_20260607_CUB-200-2011_Swin-Tiny,CUB-200-2011,Swin-Tiny,20260607,60,0.03591,0.12352,87.4941,0.8585,0.5395,0.8211
run_20260607_PlantVillage_ConvNeXtplusARM,PlantVillage,ConvNeXt+ARM,20260607,1,1.69701,1.84739,86.1665,0.7971,0.5888,0.865
run_20260607_PlantDoc_ConvNeXtplusARM,PlantDoc,ConvNeXt+ARM,20260607,2,1.58612,1.78704,71.8487,0.7368,0.98,0.8638
run_20260607_CUB-200-2011_ConvNeXtplusARM,CUB-200-2011,ConvNeXt+ARM,20260607,3,1.49111,1.66724,76.9315,0.7382,0.98,0.8595
run_20260607_PlantVillage_UAMP-Net,PlantVillage,UAMP-Net,20260607,4,1.41295,1.52879,89.1821,0.8235,0.4414,0.8386
run_20260607_PlantDoc_UAMP-Net,PlantDoc,UAMP-Net,20260607,5,1.29841,1.43392,77.8566,0.8358,0.9758,0.8464
run_20260607_CUB-200-2011_UAMP-Net,CUB-200-2011,UAMP-Net,20260607,6,1.24799,1.38933,80.9691,0.8523,0.7288,0.8571
run_20260614_PlantVillage_ResNet-50,PlantVillage,ResNet-50,20260614,7,1.19225,1.28585,88.9831,0.7737,0.4661,0.8622
run_20260614_PlantDoc_ResNet-50,PlantDoc,ResNet-50,20260614,8,1.11763,1.24591,69.7538,0.7489,0.98,0.8823
run_20260614_CUB-200-2011_ResNet-50,CUB-200-2011,ResNet-50,20260614,9,1.03981,1.16985,75.9949,0.7857,0.98,0.8403
run_20260614_PlantVillage_EfficientNet-B3,PlantVillage,EfficientNet-B3,20260614,10,0.96005,1.05609,91.4374,0.7509,0.3015,0.8219
run_20260614_PlantDoc_EfficientNet-B3,PlantDoc,EfficientNet-B3,20260614,11,0.88669,1.03533,73.5102,0.7624,0.98,0.8519
run_20260614_CUB-200-2011_EfficientNet-B3,CUB-200-2011,EfficientNet-B3,20260614,12,0.85805,0.9742,80.0826,0.7587,0.8322,0.8363
run_20260614_PlantVillage_ConvNeXt-Tiny,PlantVillage,ConvNeXt-Tiny,20260614,13,0.80146,0.86351,93.4053,0.7836,0.2703,0.8591
run_20260614_PlantDoc_ConvNeXt-Tiny,PlantDoc,ConvNeXt-Tiny,20260614,14,0.74687,0.88645,77.4347,0.7683,0.936,0.8335
run_20260614_CUB-200-2011_ConvNeXt-Tiny,CUB-200-2011,ConvNeXt-Tiny,20260614,15,0.70711,0.79034,82.826,0.7788,0.7159,0.8456
run_20260614_PlantVillage_Swin-Tiny,PlantVillage,Swin-Tiny,20260614,16,0.65769,0.69497,94.0874,0.7624,0.2093,0.873
run_20260614_PlantDoc_Swin-Tiny,PlantDoc,Swin-Tiny,20260614,17,0.64443,0.72269,79.0664,0.7749,0.9608,0.8753
run_20260614_CUB-200-2011_Swin-Tiny,CUB-200-2011,Swin-Tiny,20260614,18,0.55871,0.67805,84.3202,0.7855,0.6404,0.8234
run_20260614_PlantVillage_ConvNeXtplusARM,PlantVillage,ConvNeXt+ARM,20260614,19,0.55289,0.56018,95.0412,0.8124,0.2184,0.8634
run_20260614_PlantDoc_ConvNeXtplusARM,PlantDoc,ConvNeXt+ARM,20260614,20,0.52048,0.59979,81.4028,0.8031,0.7409,0.8601
run_20260614_CUB-200-2011_ConvNeXtplusARM,CUB-200-2011,ConvNeXt+ARM,20260614,21,0.47341,0.5493,85.0815,0.7685,0.6148,0.8749
run_20260614_PlantVillage_UAMP-Net,PlantVillage,UAMP-Net,20260614,22,0.44204,0.46718,96.5193,0.8264,0.1489,0.8558
run_20260614_PlantDoc_UAMP-Net,PlantDoc,UAMP-Net,20260614,23,0.42499,0.51054,84.1475,0.8756,0.6453,0.8721
run_20260614_CUB-200-2011_UAMP-Net,CUB-200-2011,UAMP-Net,20260614,24,0.3601,0.4476,88.0709,0.8304,0.4469,0.8209
run_20260601_PlantVillage_ResNet-50,PlantVillage,ResNet-50,20260601,25,0.39319,0.40841,95.307,0.7985,0.1828,0.8533
run_20260601_PlantDoc_ResNet-50,PlantDoc,ResNet-50,20260601,26,0.33885,0.47206,74.2276,0.7562,0.98,0.8695
run_20260601_CUB-200-2011_ResNet-50,CUB-200-2011,ResNet-50,20260601,27,0.32184,0.41541,80.5097,0.8342,0.9006,0.8318
run_20260601_PlantVillage_EfficientNet-B3,PlantVillage,EfficientNet-B3,20260601,28,0.29398,0.2954,95.9214,0.79,0.1889,0.8621
run_20260601_PlantDoc_EfficientNet-B3,PlantDoc,EfficientNet-B3,20260601,29,0.29178,0.38983,77.8605,0.8056,0.8936,0.8562
run_20260601_CUB-200-2011_EfficientNet-B3,CUB-200-2011,EfficientNet-B3,20260601,30,0.26232,0.33604,84.4663,0.8106,0.6278,0.868
run_20260601_PlantVillage_ConvNeXt-Tiny,PlantVillage,ConvNeXt-Tiny,20260601,31,0.27177,0.3057,97.1372,0.7972,0.1611,0.8468
run_20260601_PlantDoc_ConvNeXt-Tiny,PlantDoc,ConvNeXt-Tiny,20260601,32,0.24603,0.29415,81.2057,0.8307,0.7701,0.812
run_20260601_CUB-200-2011_ConvNeXt-Tiny,CUB-200-2011,ConvNeXt-Tiny,20260601,33,0.21978,0.29125,85.5217,0.8224,0.69,0.8578
run_20260601_PlantVillage_Swin-Tiny,PlantVillage,Swin-Tiny,20260601,34,0.20079,0.22685,96.9434,0.7885,0.1549,0.8294
run_20260601_PlantDoc_Swin-Tiny,PlantDoc,Swin-Tiny,20260601,35,0.20561,0.24629,80.8584,0.8554,0.8545,0.8266
run_20260601_CUB-200-2011_Swin-Tiny,CUB-200-2011,Swin-Tiny,20260601,36,0.20083,0.22962,87.1547,0.8503,0.661,0.8291
run_20260601_PlantVillage_ConvNeXtplusARM,PlantVillage,ConvNeXt+ARM,20260601,37,0.18893,0.19519,97.8381,0.7925,0.0867,0.87
run_20260601_PlantDoc_ConvNeXtplusARM,PlantDoc,ConvNeXt+ARM,20260601,38,0.17448,0.19246,83.7252,0.8263,0.6279,0.8205
run_20260601_CUB-200-2011_ConvNeXtplusARM,CUB-200-2011,ConvNeXt+ARM,20260601,39,0.15394,0.20967,87.2893,0.8337,0.4352,0.8602
run_20260601_PlantVillage_UAMP-Net,PlantVillage,UAMP-Net,20260601,40,0.11804,0.13664,98.0906,0.9115,0.0981,0.8552
run_20260601_PlantDoc_UAMP-Net,PlantDoc,UAMP-Net,20260601,41,0.15557,0.21859,86.4526,0.8648,0.5309,0.8873
run_20260601_CUB-200-2011_UAMP-Net,CUB-200-2011,UAMP-Net,20260601,42,0.11196,0.18883,88.9154,0.9267,0.4281,0.8364
run_20260607_PlantVillage_ResNet-50,PlantVillage,ResNet-50,20260607,43,0.13293,0.14912,96.2152,0.8546,0.1665,0.8608
run_20260607_PlantDoc_ResNet-50,PlantDoc,ResNet-50,20260607,44,0.09831,0.18777,75.5855,0.8125,0.98,0.8183
run_20260607_CUB-200-2011_ResNet-50,CUB-200-2011,ResNet-50,20260607,45,0.09253,0.18384,82.7521,0.8337,0.7027,0.8741
run_20260607_PlantVillage_EfficientNet-B3,PlantVillage,EfficientNet-B3,20260607,46,0.10486,0.09847,97.2419,0.8626,0.058,0.8293
run_20260607_PlantDoc_EfficientNet-B3,PlantDoc,EfficientNet-B3,20260607,47,0.10974,0.17996,79.3527,0.8722,0.8959,0.8758
run_20260607_CUB-200-2011_EfficientNet-B3,CUB-200-2011,EfficientNet-B3,20260607,48,0.08301,0.11701,84.5259,0.8332,0.6281,0.8685
run_20260607_PlantVillage_ConvNeXt-Tiny,PlantVillage,ConvNeXt-Tiny,20260607,49,0.09689,0.11294,98.0687,0.817,0.0548,0.8566
run_20260607_PlantDoc_ConvNeXt-Tiny,PlantDoc,ConvNeXt-Tiny,20260607,50,0.07765,0.14616,81.9002,0.846,0.7205,0.8391
run_20260607_CUB-200-2011_ConvNeXt-Tiny,CUB-200-2011,ConvNeXt-Tiny,20260607,51,0.07232,0.11784,86.6374,0.8733,0.5219,0.8534
run_20260607_PlantVillage_Swin-Tiny,PlantVillage,Swin-Tiny,20260607,52,0.06605,0.08952,97.7151,0.884,0.0762,0.841
run_20260607_PlantDoc_Swin-Tiny,PlantDoc,Swin-Tiny,20260607,53,0.06031,0.11408,80.855,0.8584,0.8101,0.8301
run_20260607_CUB-200-2011_Swin-Tiny,CUB-200-2011,Swin-Tiny,20260607,54,0.04857,0.08928,87.4413,0.8748,0.5417,0.825
run_20260607_PlantVillage_ConvNeXtplusARM,PlantVillage,ConvNeXt+ARM,20260607,55,0.05175,0.05303,98.4961,0.8775,0.0557,0.8382
run_20260607_PlantDoc_ConvNeXtplusARM,PlantDoc,ConvNeXt+ARM,20260607,56,0.04156,0.11224,84.38,0.8555,0.5692,0.8293
run_20260607_CUB-200-2011_ConvNeXtplusARM,CUB-200-2011,ConvNeXt+ARM,20260607,57,0.06612,0.09298,87.7323,0.8795,0.519,0.807
run_20260607_PlantVillage_UAMP-Net,PlantVillage,UAMP-Net,20260607,58,0.03195,0.03652,99.1551,0.9279,0.0414,0.8419
run_20260607_PlantDoc_UAMP-Net,PlantDoc,UAMP-Net,20260607,59,0.07385,0.09458,87.3977,0.9066,0.5238,0.8206
run_20260607_CUB-200-2011_UAMP-Net,CUB-200-2011,UAMP-Net,20260607,60,0.04192,0.05246,89.3904,0.9446,0.4969,0.844
run_20260614_PlantVillage_ResNet-50,PlantVillage,ResNet-50,20260614,1,1.68527,1.80904,84.251,0.7633,0.6369,0.8286
run_20260614_PlantDoc_ResNet-50,PlantDoc,ResNet-50,20260614,2,1.61094,1.78722,64.9053,0.7364,0.98,0.8582
run_20260614_CUB-200-2011_ResNet-50,CUB-200-2011,ResNet-50,20260614,3,1.4873,1.68944,71.8965,0.7521,0.98,0.8314
run_20260614_PlantVillage_EfficientNet-B3,PlantVillage,EfficientNet-B3,20260614,4,1.38384,1.51892,87.6043,0.7746,0.5419,0.8835
run_20260614_PlantDoc_EfficientNet-B3,PlantDoc,EfficientNet-B3,20260614,5,1.29519,1.47168,71.1302,0.7961,0.98,0.8791
run_20260614_CUB-200-2011_EfficientNet-B3,CUB-200-2011,EfficientNet-B3,20260614,6,1.22347,1.39007,77.0247,0.7924,0.9138,0.8699
run_20260614_PlantVillage_ConvNeXt-Tiny,PlantVillage,ConvNeXt-Tiny,20260614,7,1.16474,1.21743,90.3533,0.7878,0.4405,0.8385
run_20260614_PlantDoc_ConvNeXt-Tiny,PlantDoc,ConvNeXt-Tiny,20260614,8,1.08347,1.24734,74.514,0.7065,0.98,0.8499
run_20260614_CUB-200-2011_ConvNeXt-Tiny,CUB-200-2011,ConvNeXt-Tiny,20260614,9,1.02901,1.1605,79.8538,0.7938,0.9322,0.836
run_20260614_PlantVillage_Swin-Tiny,PlantVillage,Swin-Tiny,20260614,10,0.95333,1.02598,91.7407,0.738,0.2994,0.8587
run_20260614_PlantDoc_Swin-Tiny,PlantDoc,Swin-Tiny,20260614,11,0.89901,1.0033,75.7044,0.767,0.98,0.8702
run_20260614_CUB-200-2011_Swin-Tiny,CUB-200-2011,Swin-Tiny,20260614,12,0.8964,0.9446,83.113,0.7878,0.7183,0.8562
run_20260614_PlantVillage_ConvNeXtplusARM,PlantVillage,ConvNeXt+ARM,20260614,13,0.80625,0.85016,93.5124,0.787,0.2611,0.8574
run_20260614_PlantDoc_ConvNeXtplusARM,PlantDoc,ConvNeXt+ARM,20260614,14,0.74975,0.82744,79.0546,0.7909,0.95,0.8244
run_20260614_CUB-200-2011_ConvNeXtplusARM,CUB-200-2011,ConvNeXt+ARM,20260614,15,0.68975,0.77053,83.8757,0.7808,0.6688,0.8302
run_20260614_PlantVillage_UAMP-Net,PlantVillage,UAMP-Net,20260614,16,0.66052,0.71111,95.2049,0.8491,0.2249,0.8439
run_20260614_PlantDoc_UAMP-Net,PlantDoc,UAMP-Net,20260614,17,0.61138,0.67026,83.0761,0.836,0.7974,0.8803
run_20260614_CUB-200-2011_UAMP-Net,CUB-200-2011,UAMP-Net,20260614,18,0.58738,0.65286,86.2404,0.8288,0.4472,0.8702
run_20260601_PlantVillage_ResNet-50,PlantVillage,ResNet-50,20260601,19,0.54808,0.59769,93.4818,0.7787,0.2767,0.8696
run_20260601_PlantDoc_ResNet-50,PlantDoc,ResNet-50,20260601,20,0.5363,0.60441,73.4161,0.8136,0.98,0.842
run_20260601_CUB-200-2011_ResNet-50,CUB-200-2011,ResNet-50,20260601,21,0.49572,0.61543,80.2198,0.8038,0.8383,0.8906
run_20260601_PlantVillage_EfficientNet-B3,PlantVillage,EfficientNet-B3,20260601,22,0.43497,0.4801,95.1196,0.7711,0.1992,0.8066
run_20260601_PlantDoc_EfficientNet-B3,PlantDoc,EfficientNet-B3,20260601,23,0.43057,0.5086,78.1463,0.7925,0.8842,0.8463
run_20260601_CUB-200-2011_EfficientNet-B3,CUB-200-2011,EfficientNet-B3,20260601,24,0.39298,0.48615,83.5581,0.802,0.6584,0.8248
run_20260601_PlantVillage_ConvNeXt-Tiny,PlantVillage,ConvNeXt-Tiny,20260601,25,0.38209,0.39761,96.1691,0.8207,0.1599,0.8698
run_20260601_PlantDoc_ConvNeXt-Tiny,PlantDoc,ConvNeXt-Tiny,20260601,26,0.35302,0.40816,80.4967,0.8265,0.8311,0.8415
run_20260601_CUB-200-2011_ConvNeXt-Tiny,CUB-200-2011,ConvNeXt-Tiny,20260601,27,0.34968,0.38853,85.0144,0.798,0.5997,0.8206
run_20260601_PlantVillage_Swin-Tiny,PlantVillage,Swin-Tiny,20260601,28,0.30706,0.32107,96.2743,0.8234,0.0554,0.8846
run_20260601_PlantDoc_Swin-Tiny,PlantDoc,Swin-Tiny,20260601,29,0.2691,0.37799,79.8864,0.8171,0.8167,0.8643
run_20260601_CUB-200-2011_Swin-Tiny,CUB-200-2011,Swin-Tiny,20260601,30,0.24304,0.31894,87.368,0.8187,0.6214,0.8621
run_20260601_PlantVillage_ConvNeXtplusARM,PlantVillage,ConvNeXt+ARM,20260601,31,0.23866,0.26606,97.3316,0.8312,0.0742,0.8286
run_20260601_PlantDoc_ConvNeXtplusARM,PlantDoc,ConvNeXt+ARM,20260601,32,0.24857,0.30815,82.8885,0.8159,0.797,0.8438
run_20260601_CUB-200-2011_ConvNeXtplusARM,CUB-200-2011,ConvNeXt+ARM,20260601,33,0.25172,0.25294,87.4728,0.8106,0.4797,0.8767
run_20260601_PlantVillage_UAMP-Net,PlantVillage,UAMP-Net,20260601,34,0.21194,0.22643,98.1606,0.8936,0.02,0.8385
run_20260601_PlantDoc_UAMP-Net,PlantDoc,UAMP-Net,20260601,35,0.20045,0.27187,85.1349,0.8745,0.6454,0.8391
run_20260601_CUB-200-2011_UAMP-Net,CUB-200-2011,UAMP-Net,20260601,36,0.18381,0.22836,88.6569,0.8712,0.471,0.8683
run_20260607_PlantVillage_ResNet-50,PlantVillage,ResNet-50,20260607,37,0.16903,0.21423,95.7756,0.8141,0.1803,0.8411
run_20260607_PlantDoc_ResNet-50,PlantDoc,ResNet-50,20260607,38,0.16797,0.24459,75.9203,0.8343,0.941,0.8579
run_20260607_CUB-200-2011_ResNet-50,CUB-200-2011,ResNet-50,20260607,39,0.16116,0.25907,81.8749,0.7913,0.79,0.8429
run_20260607_PlantVillage_EfficientNet-B3,PlantVillage,EfficientNet-B3,20260607,40,0.13843,0.15235,96.9949,0.8144,0.1974,0.8823
run_20260607_PlantDoc_EfficientNet-B3,PlantDoc,EfficientNet-B3,20260607,41,0.13538,0.21423,79.4325,0.8281,0.9081,0.8505
run_20260607_CUB-200-2011_EfficientNet-B3,CUB-200-2011,EfficientNet-B3,20260607,42,0.13039,0.14248,84.7407,0.8201,0.6793,0.8525
run_20260607_PlantVillage_ConvNeXt-Tiny,PlantVillage,ConvNeXt-Tiny,20260607,43,0.10139,0.13434,97.8815,0.8172,0.0472,0.8525
run_20260607_PlantDoc_ConvNeXt-Tiny,PlantDoc,ConvNeXt-Tiny,20260607,44,0.12983,0.15117,81.5995,0.8098,0.7822,0.8294
run_20260607_CUB-200-2011_ConvNeXt-Tiny,CUB-200-2011,ConvNeXt-Tiny,20260607,45,0.11262,0.16848,86.8103,0.8234,0.5519,0.8334
run_20260607_PlantVillage_Swin-Tiny,PlantVillage,Swin-Tiny,20260607,46,0.1124,0.11974,97.8425,0.8322,0.02,0.8743
run_20260607_PlantDoc_Swin-Tiny,PlantDoc,Swin-Tiny,20260607,47,0.07662,0.1602,81.6779,0.8219,0.8,0.8645
run_20260607_CUB-200-2011_Swin-Tiny,CUB-200-2011,Swin-Tiny,20260607,48,0.098,0.1534,86.8493,0.8811,0.4837,0.8437
run_20260607_PlantVillage_ConvNeXtplusARM,PlantVillage,ConvNeXt+ARM,20260607,49,0.06828,0.09915,98.3889,0.837,0.0653,0.8558
run_20260607_PlantDoc_ConvNeXtplusARM,PlantDoc,ConvNeXt+ARM,20260607,50,0.05007,0.15575,83.7763,0.8458,0.7318,0.8501
run_20260607_CUB-200-2011_ConvNeXtplusARM,CUB-200-2011,ConvNeXt+ARM,20260607,51,0.08158,0.12593,87.6511,0.8685,0.5662,0.8132
run_20260607_PlantVillage_UAMP-Net,PlantVillage,UAMP-Net,20260607,52,0.04044,0.07657,98.8214,0.9305,0.1067,0.8674
run_20260607_PlantDoc_UAMP-Net,PlantDoc,UAMP-Net,20260607,53,0.05874,0.11316,85.9857,0.8978,0.5923,0.8571
run_20260607_CUB-200-2011_UAMP-Net,CUB-200-2011,UAMP-Net,20260607,54,0.04485,0.1171,88.7598,0.8938,0.6173,0.8368
run_20260614_PlantVillage_ResNet-50,PlantVillage,ResNet-50,20260614,55,0.06077,0.06208,96.2592,0.8351,0.1621,0.8348
run_20260614_PlantDoc_ResNet-50,PlantDoc,ResNet-50,20260614,56,0.06274,0.14921,75.822,0.8408,0.98,0.804
run_20260614_CUB-200-2011_ResNet-50,CUB-200-2011,ResNet-50,20260614,57,0.06075,0.11796,83.0466,0.8387,0.632,0.9109
run_20260614_PlantVillage_EfficientNet-B3,PlantVillage,EfficientNet-B3,20260614,58,0.06439,0.07612,96.8998,0.8329,0.1358,0.84
run_20260614_PlantDoc_EfficientNet-B3,PlantDoc,EfficientNet-B3,20260614,59,0.01889,0.12826,79.6308,0.8271,0.885,0.8365
run_20260614_CUB-200-2011_EfficientNet-B3,CUB-200-2011,EfficientNet-B3,20260614,60,0.04697,0.10933,85.7695,0.902,0.5775,0.8431
run_20260614_PlantVillage_ConvNeXt-Tiny,PlantVillage,ConvNeXt-Tiny,20260614,1,1.70121,1.83292,85.6743,0.7572,0.6331,0.8381
run_20260614_PlantDoc_ConvNeXt-Tiny,PlantDoc,ConvNeXt-Tiny,20260614,2,1.59421,1.77273,70.1889,0.7229,0.98,0.8439
run_20260614_CUB-200-2011_ConvNeXt-Tiny,CUB-200-2011,ConvNeXt-Tiny,20260614,3,1.45663,1.65539,76.0064,0.7663,0.9087,0.8491
run_20260614_PlantVillage_Swin-Tiny,PlantVillage,Swin-Tiny,20260614,4,1.3912,1.54336,88.0404,0.7796,0.5078,0.8388
run_20260614_PlantDoc_Swin-Tiny,PlantDoc,Swin-Tiny,20260614,5,1.31157,1.50384,72.5787,0.7773,0.98,0.8422
run_20260614_CUB-200-2011_Swin-Tiny,CUB-200-2011,Swin-Tiny,20260614,6,1.23903,1.37461,79.5367,0.7483,0.8528,0.8511
run_20260614_PlantVillage_ConvNeXtplusARM,PlantVillage,ConvNeXt+ARM,20260614,7,1.15664,1.24851,90.7576,0.7761,0.3482,0.8538
run_20260614_PlantDoc_ConvNeXtplusARM,PlantDoc,ConvNeXt+ARM,20260614,8,1.0909,1.20633,76.9193,0.7517,0.9771,0.8675
run_20260614_CUB-200-2011_ConvNeXtplusARM,CUB-200-2011,ConvNeXt+ARM,20260614,9,1.05098,1.16356,81.1942,0.7819,0.7568,0.8527
run_20260614_PlantVillage_UAMP-Net,PlantVillage,UAMP-Net,20260614,10,0.96836,1.01306,92.9428,0.8197,0.2246,0.8338
run_20260614_PlantDoc_UAMP-Net,PlantDoc,UAMP-Net,20260614,11,0.90528,0.99667,80.4645,0.8276,0.7846,0.8514
run_20260614_CUB-200-2011_UAMP-Net,CUB-200-2011,UAMP-Net,20260614,12,0.86736,0.9743,84.0737,0.851,0.6392,0.8682
run_20260601_PlantVillage_ResNet-50,PlantVillage,ResNet-50,20260601,13,0.78309,0.83412,92.0797,0.7496,0.3967,0.8556
run_20260601_PlantDoc_ResNet-50,PlantDoc,ResNet-50,20260601,14,0.74612,0.86366,72.1506,0.7769,0.98,0.8523
run_20260601_CUB-200-2011_ResNet-50,CUB-200-2011,ResNet-50,20260601,15,0.7095,0.77176,78.7464,0.7848,0.98,0.8586
run_20260601_PlantVillage_EfficientNet-B3,PlantVillage,EfficientNet-B3,20260601,16,0.66053,0.70666,93.5948,0.751,0.3621,0.8588
run_20260601_PlantDoc_EfficientNet-B3,PlantDoc,EfficientNet-B3,20260601,17,0.60325,0.71855,76.192,0.7608,0.98,0.8433
run_20260601_CUB-200-2011_EfficientNet-B3,CUB-200-2011,EfficientNet-B3,20260601,18,0.56261,0.6716,81.6625,0.8029,0.7511,0.8822
run_20260601_PlantVillage_ConvNeXt-Tiny,PlantVillage,ConvNeXt-Tiny,20260601,19,0.54781,0.59764,94.9428,0.7696,0.2098,0.8834
run_20260601_PlantDoc_ConvNeXt-Tiny,PlantDoc,ConvNeXt-Tiny,20260601,20,0.52115,0.58545,79.4484,0.773,0.8944,0.8383
run_20260601_CUB-200-2011_ConvNeXt-Tiny,CUB-200-2011,ConvNeXt-Tiny,20260601,21,0.46001,0.54023,84.1441,0.8107,0.6833,0.8416
run_20260601_PlantVillage_Swin-Tiny,PlantVillage,Swin-Tiny,20260601,22,0.4442,0.47817,95.8236,0.8495,0.0713,0.8482
run_20260601_PlantDoc_Swin-Tiny,PlantDoc,Swin-Tiny,20260601,23,0.44822,0.51267,79.4738,0.807,0.8329,0.8608
run_20260601_CUB-200-2011_Swin-Tiny,CUB-200-2011,Swin-Tiny,20260601,24,0.39809,0.4547,85.0756,0.7732,0.6073,0.8666
run_20260601_PlantVillage_ConvNeXtplusARM,PlantVillage,ConvNeXt+ARM,20260601,25,0.34709,0.3829,96.6088,0.8073,0.0865,0.8469
run_20260601_PlantDoc_ConvNeXtplusARM,PlantDoc,ConvNeXt+ARM,20260601,26,0.36728,0.42976,82.3453,0.795,0.7232,0.8563
run_20260601_CUB-200-2011_ConvNeXtplusARM,CUB-200-2011,ConvNeXt+ARM,20260601,27,0.32068,0.3798,86.4483,0.7533,0.5284,0.8868
run_20260601_PlantVillage_UAMP-Net,PlantVillage,UAMP-Net,20260601,28,0.35459,0.35029,97.4914,0.8744,0.0715,0.8576
run_20260601_PlantDoc_UAMP-Net,PlantDoc,UAMP-Net,20260601,29,0.29497,0.3741,85.9633,0.8951,0.6215,0.8542
run_20260601_CUB-200-2011_UAMP-Net,CUB-200-2011,UAMP-Net,20260601,30,0.25155,0.30849,88.7354,0.8708,0.4689,0.8583
run_20260607_PlantVillage_ResNet-50,PlantVillage,ResNet-50,20260607,31,0.25804,0.29947,95.6534,0.8079,0.2652,0.8587
run_20260607_PlantDoc_ResNet-50,PlantDoc,ResNet-50,20260607,32,0.23318,0.32501,75.7454,0.7799,0.98,0.8661
run_20260607_CUB-200-2011_ResNet-50,CUB-200-2011,ResNet-50,20260607,33,0.23696,0.31066,81.7951,0.838,0.718,0.8352
run_20260607_PlantVillage_EfficientNet-B3,PlantVillage,EfficientNet-B3,20260607,34,0.20773,0.23864,96.8776,0.8363,0.1651,0.8793
run_20260607_PlantDoc_EfficientNet-B3,PlantDoc,EfficientNet-B3,20260607,35,0.18924,0.28832,79.2591,0.7923,0.8789,0.8635
run_20260607_CUB-200-2011_EfficientNet-B3,CUB-200-2011,EfficientNet-B3,20260607,36,0.19281,0.21274,85.2557,0.7764,0.5376,0.8563
run_20260607_PlantVillage_ConvNeXt-Tiny,PlantVillage,ConvNeXt-Tiny,20260607,37,0.17658,0.19084,97.3908,0.8419,0.1248,0.8343
run_20260607_PlantDoc_ConvNeXt-Tiny,PlantDoc,ConvNeXt-Tiny,20260607,38,0.16313,0.24506,81.2531,0.8082,0.7806,0.84
run_20260607_CUB-200-2011_ConvNeXt-Tiny,CUB-200-2011,ConvNeXt-Tiny,20260607,39,0.14248,0.15595,86.8099,0.7998,0.5008,0.8609
run_20260607_PlantVillage_Swin-Tiny,PlantVillage,Swin-Tiny,20260607,40,0.14959,0.1625,97.3137,0.8673,0.1224,0.8651
run_20260607_PlantDoc_Swin-Tiny,PlantDoc,Swin-Tiny,20260607,41,0.13395,0.1959,81.6131,0.7776,0.6967,0.8316
run_20260607_CUB-200-2011_Swin-Tiny,CUB-200-2011,Swin-Tiny,20260607,42,0.12377,0.17948,87.1398,0.8541,0.6023,0.8358
run_20260607_PlantVillage_ConvNeXtplusARM,PlantVillage,ConvNeXt+ARM,20260607,43,0.11964,0.09862,98.0205,0.8035,0.188,0.8549
run_20260607_PlantDoc_ConvNeXtplusARM,PlantDoc,ConvNeXt+ARM,20260607,44,0.11773,0.16681,83.2414,0.8323,0.7181,0.8447
run_20260607_CUB-200-2011_ConvNeXtplusARM,CUB-200-2011,ConvNeXt+ARM,20260607,45,0.09747,0.14975,88.1119,0.8909,0.5382,0.8396
run_20260607_PlantVillage_UAMP-Net,PlantVillage,UAMP-Net,20260607,46,0.10141,0.1091,98.4447,0.8671,0.02,0.8965
run_20260607_PlantDoc_UAMP-Net,PlantDoc,UAMP-Net,20260607,47,0.10174,0.11638,86.8853,0.9158,0.6467,0.8374
run_20260607_CUB-200-2011_UAMP-Net,CUB-200-2011,UAMP-Net,20260607,48,0.10187,0.11537,89.358,0.8989,0.4576,0.8699
run_20260614_PlantVillage_ResNet-50,PlantVillage,ResNet-50,20260614,49,0.07755,0.07637,96.5179,0.8577,0.2018,0.8827
run_20260614_PlantDoc_ResNet-50,PlantDoc,ResNet-50,20260614,50,0.07293,0.16864,76.2555,0.8514,0.98,0.8392
run_20260614_CUB-200-2011_ResNet-50,CUB-200-2011,ResNet-50,20260614,51,0.06605,0.13452,82.7235,0.8436,0.71,0.8735
run_20260614_PlantVillage_EfficientNet-B3,PlantVillage,EfficientNet-B3,20260614,52,0.06274,0.06252,97.4061,0.8584,0.0399,0.8651
run_20260614_PlantDoc_EfficientNet-B3,PlantDoc,EfficientNet-B3,20260614,53,0.04758,0.12073,79.8166,0.8328,0.7737,0.832
run_20260614_CUB-200-2011_EfficientNet-B3,CUB-200-2011,EfficientNet-B3,20260614,54,0.07128,0.11454,86.3453,0.8785,0.5513,0.821
run_20260614_PlantVillage_ConvNeXt-Tiny,PlantVillage,ConvNeXt-Tiny,20260614,55,0.04329,0.04458,97.9571,0.8735,0.02,0.8398
run_20260614_PlantDoc_ConvNeXt-Tiny,PlantDoc,ConvNeXt-Tiny,20260614,56,0.03925,0.11593,81.8762,0.9025,0.7183,0.8396
run_20260614_CUB-200-2011_ConvNeXt-Tiny,CUB-200-2011,ConvNeXt-Tiny,20260614,57,0.06111,0.06798,86.4094,0.8586,0.6182,0.8891
run_20260614_PlantVillage_Swin-Tiny,PlantVillage,Swin-Tiny,20260614,58,0.05129,0.07206,98.2374,0.8545,0.1128,0.8685
run_20260614_PlantDoc_Swin-Tiny,PlantDoc,Swin-Tiny,20260614,59,0.06864,0.12171,81.7634,0.8726,0.7914,0.8471
run_20260614_CUB-200-2011_Swin-Tiny,CUB-200-2011,Swin-Tiny,20260614,60,0.0399,0.11111,87.8388,0.836,0.4706,0.8477
run_20260614_PlantVillage_ConvNeXtplusARM,PlantVillage,ConvNeXt+ARM,20260614,1,1.68741,1.83234,86.1667,0.7405,0.5203,0.8531
run_20260614_PlantDoc_ConvNeXtplusARM,PlantDoc,ConvNeXt+ARM,20260614,2,1.57477,1.78686,72.0014,0.7263,0.98,0.8709
run_20260614_CUB-200-2011_ConvNeXtplusARM,CUB-200-2011,ConvNeXt+ARM,20260614,3,1.48514,1.65366,76.9146,0.7539,0.98,0.8399
run_20260614_PlantVillage_UAMP-Net,PlantVillage,UAMP-Net,20260614,4,1.42408,1.52876,89.1501,0.8275,0.526,0.8896
run_20260614_PlantDoc_UAMP-Net,PlantDoc,UAMP-Net,20260614,5,1.3182,1.46732,77.9424,0.8175,0.8717,0.8608
run_20260614_CUB-200-2011_UAMP-Net,CUB-200-2011,UAMP-Net,20260614,6,1.25117,1.35179,80.7313,0.8028,0.7525,0.8856
run_20260601_PlantVillage_ResNet-50,PlantVillage,ResNet-50,20260601,7,1.18212,1.23133,88.82,0.7542,0.5421,0.8207
run_20260601_PlantDoc_ResNet-50,PlantDoc,ResNet-50,20260601,8,1.07574,1.27085,69.5652,0.7689,0.98,0.8709
run_20260601_CUB-200-2011_ResNet-50,CUB-200-2011,ResNet-50,20260601,9,1.02988,1.14668,76.7999,0.7468,0.944,0.8371
run_20260601_PlantVillage_EfficientNet-B3,PlantVillage,EfficientNet-B3,20260601,10,0.97974,1.00907,91.2507,0.7694,0.332,0.8546
run_20260601_PlantDoc_EfficientNet-B3,PlantDoc,EfficientNet-B3,20260601,11,0.90694,1.02848,74.436,0.792,0.98,0.8656
run_20260601_CUB-200-2011_EfficientNet-B3,CUB-200-2011,EfficientNet-B3,20260601,12,0.85583,0.95121,79.3826,0.7982,0.9324,0.8216
run_20260601_PlantVillage_ConvNeXt-Tiny,PlantVillage,ConvNeXt-Tiny,20260601,13,0.79772,0.8536,93.3936,0.7851,0.2932,0.8256
run_20260601_PlantDoc_ConvNeXt-Tiny,PlantDoc,ConvNeXt-Tiny,20260601,14,0.73281,0.86142,77.287,0.778,0.8663,0.8363
run_20260601_CUB-200-2011_ConvNeXt-Tiny,CUB-200-2011,ConvNeXt-Tiny,20260601,15,0.70043,0.78955,82.4341,0.7828,0.7276,0.8329
run_20260601_PlantVillage_Swin-Tiny,PlantVillage,Swin-Tiny,20260601,16,0.6547,0.69935,94.1626,0.7729,0.2017,0.8483
run_20260601_PlantDoc_Swin-Tiny,PlantDoc,Swin-Tiny,20260601,17,0.61951,0.72031,77.813,0.7796,0.9644,0.8452
run_20260601_CUB-200-2011_Swin-Tiny,CUB-200-2011,Swin-Tiny,20260601,18,0.56195,0.6258,84.0177,0.7721,0.6227,0.8449
run_20260601_PlantVillage_ConvNeXtplusARM,PlantVillage,ConvNeXt+ARM,20260601,19,0.53105,0.5674,95.5283,0.8072,0.1543,0.901
run_20260601_PlantDoc_ConvNeXtplusARM,PlantDoc,ConvNeXt+ARM,20260601,20,0.51305,0.61431,81.2702,0.7943,0.7618,0.8676
run_20260601_CUB-200-2011_ConvNeXtplusARM,CUB-200-2011,ConvNeXt+ARM,20260601,21,0.48004,0.55478,85.9421,0.7737,0.5871,0.822
run_20260601_PlantVillage_UAMP-Net,PlantVillage,UAMP-Net,20260601,22,0.44229,0.43783,96.5631,0.8669,0.1171,0.871
run_20260601_PlantDoc_UAMP-Net,PlantDoc,UAMP-Net,20260601,23,0.4373,0.51132,84.1139,0.8703,0.6921,0.8397
run_20260601_CUB-200-2011_UAMP-Net,CUB-200-2011,UAMP-Net,20260601,24,0.40147,0.44221,87.6041,0.8431,0.4957,0.8563
run_20260607_PlantVillage_ResNet-50,PlantVillage,ResNet-50,20260607,25,0.38397,0.37805,94.7248,0.8194,0.278,0.8154
run_20260607_PlantDoc_ResNet-50,PlantDoc,ResNet-50,20260607,26,0.35254,0.46166,74.4193,0.8192,0.98,0.8694
run_20260607_CUB-200-2011_ResNet-50,CUB-200-2011,ResNet-50,20260607,27,0.34035,0.40811,80.6142,0.8109,0.7779,0.8597
run_20260607_PlantVillage_EfficientNet-B3,PlantVillage,EfficientNet-B3,20260607,28,0.34715,0.30052,96.219,0.8261,0.0661,0.824
run_20260607_PlantDoc_EfficientNet-B3,PlantDoc,EfficientNet-B3,20260607,29,0.3213,0.37595,78.4061,0.8102,0.9324,0.8172
run_20260607_CUB-200-2011_EfficientNet-B3,CUB-200-2011,EfficientNet-B3,20260607,30,0.2824,0.33744,84.7355,0.8425,0.67,0.8354
run_20260607_PlantVillage_ConvNeXt-Tiny,PlantVillage,ConvNeXt-Tiny,20260607,31,0.25621,0.29136,97.008,0.8106,0.0664,0.8631
run_20260607_PlantDoc_ConvNeXt-Tiny,PlantDoc,ConvNeXt-Tiny,20260607,32,0.24244,0.28503,81.631,0.8389,0.7073,0.8746
run_20260607_CUB-200-2011_ConvNeXt-Tiny,CUB-200-2011,ConvNeXt-Tiny,20260607,33,0.25228,0.26949,85.4462,0.8234,0.6187,0.881
run_20260607_PlantVillage_Swin-Tiny,PlantVillage,Swin-Tiny,20260607,34,0.22379,0.23368,96.9011,0.8253,0.0253,0.8257
run_20260607_PlantDoc_Swin-Tiny,PlantDoc,Swin-Tiny,20260607,35,0.22238,0.29099,81.11,0.8344,0.7844,0.867
run_20260607_CUB-200-2011_Swin-Tiny,CUB-200-2011,Swin-Tiny,20260607,36,0.17354,0.22092,86.3237,0.7978,0.5344,0.8025
run_20260607_PlantVillage_ConvNeXtplusARM,PlantVillage,ConvNeXt+ARM,20260607,37,0.18371,0.17647,97.7914,0.7998,0.0489,0.8591
run_20260607_PlantDoc_ConvNeXtplusARM,PlantDoc,ConvNeXt+ARM,20260607,38,0.16438,0.26097,83.7608,0.878,0.7179,0.8906
run_20260607_CUB-200-2011_ConvNeXtplusARM,CUB-200-2011,ConvNeXt+ARM,20260607,39,0.1519,0.18855,87.0367,0.7987,0.5055,0.8349
run_20260607_PlantVillage_UAMP-Net,PlantVillage,UAMP-Net,20260607,40,0.15422,0.13604,98.5829,0.9266,0.035,0.8685
run_20260607_PlantDoc_UAMP-Net,PlantDoc,UAMP-Net,20260607,41,0.12718,0.19503,86.6093,0.8771,0.5344,0.8311
run_20260607_CUB-200-2011_UAMP-Net,CUB-200-2011,UAMP-Net,20260607,42,0.1553,0.17067,89.4988,0.8933,0.3963,0.8211
run_20260614_PlantVillage_ResNet-50,PlantVillage,ResNet-50,20260614,43,0.14626,0.14764,96.098,0.8571,0.1174,0.8341
run_20260614_PlantDoc_ResNet-50,PlantDoc,ResNet-50,20260614,44,0.11521,0.22489,76.4061,0.8449,0.9575,0.8453
run_20260614_CUB-200-2011_ResNet-50,CUB-200-2011,ResNet-50,20260614,45,0.0826,0.18347,83.0085,0.8512,0.7135,0.8166
run_20260614_PlantVillage_EfficientNet-B3,PlantVillage,EfficientNet-B3,20260614,46,0.1132,0.09798,97.223,0.8419,0.0651,0.8583
run_20260614_PlantDoc_EfficientNet-B3,PlantDoc,EfficientNet-B3,20260614,47,0.11167,0.18695,78.7734,0.8132,0.9438,0.8568
run_20260614_CUB-200-2011_EfficientNet-B3,CUB-200-2011,EfficientNet-B3,20260614,48,0.10631,0.14069,85.148,0.8526,0.7034,0.8782
run_20260614_PlantVillage_ConvNeXt-Tiny,PlantVillage,ConvNeXt-Tiny,20260614,49,0.08724,0.06209,98.1266,0.8097,0.02,0.8068
run_20260614_PlantDoc_ConvNeXt-Tiny,PlantDoc,ConvNeXt-Tiny,20260614,50,0.07724,0.12329,81.4277,0.8674,0.9322,0.8709
run_20260614_CUB-200-2011_ConvNeXt-Tiny,CUB-200-2011,ConvNeXt-Tiny,20260614,51,0.06906,0.13349,86.8371,0.865,0.5152,0.8572
run_20260614_PlantVillage_Swin-Tiny,PlantVillage,Swin-Tiny,20260614,52,0.06507,0.08735,97.72,0.8109,0.035,0.8263
run_20260614_PlantDoc_Swin-Tiny,PlantDoc,Swin-Tiny,20260614,53,0.05362,0.12317,81.0754,0.8676,0.7684,0.867
run_20260614_CUB-200-2011_Swin-Tiny,CUB-200-2011,Swin-Tiny,20260614,54,0.0382,0.11889,87.7426,0.8449,0.486,0.8642
run_20260614_PlantVillage_ConvNeXtplusARM,PlantVillage,ConvNeXt+ARM,20260614,55,0.05663,0.06737,98.2978,0.8571,0.1212,0.8341
run_20260614_PlantDoc_ConvNeXtplusARM,PlantDoc,ConvNeXt+ARM,20260614,56,0.04201,0.11354,84.0436,0.8792,0.6122,0.8837
run_20260614_CUB-200-2011_ConvNeXtplusARM,CUB-200-2011,ConvNeXt+ARM,20260614,57,0.07914,0.09239,87.9593,0.8373,0.5416,0.8398
run_20260614_PlantVillage_UAMP-Net,PlantVillage,UAMP-Net,20260614,58,0.03649,0.06375,99.0032,0.9087,0.02,0.8554
run_20260614_PlantDoc_UAMP-Net,PlantDoc,UAMP-Net,20260614,59,0.04456,0.10336,86.872,0.9349,0.55,0.8344
run_20260614_CUB-200-2011_UAMP-Net,CUB-200-2011,UAMP-Net,20260614,60,0.04664,0.03526,89.6049,0.9388,0.4019,0.8669
run_20260601_PlantVillage_ResNet-50,PlantVillage,ResNet-50,20260601,1,1.69586,1.82671,84.0966,0.7358,0.6576,0.8719
run_20260601_PlantDoc_ResNet-50,PlantDoc,ResNet-50,20260601,2,1.57647,1.82314,64.5047,0.7249,0.98,0.8747
run_20260601_CUB-200-2011_ResNet-50,CUB-200-2011,ResNet-50,20260601,3,1.48374,1.6754,71.3901,0.7327,0.98,0.8594
run_20260601_PlantVillage_EfficientNet-B3,PlantVillage,EfficientNet-B3,20260601,4,1.40061,1.50599,87.4857,0.7749,0.5392,0.8704
run_20260601_PlantDoc_EfficientNet-B3,PlantDoc,EfficientNet-B3,20260601,5,1.29869,1.51648,71.4783,0.752,0.98,0.8548
run_20260601_CUB-200-2011_EfficientNet-B3,CUB-200-2011,EfficientNet-B3,20260601,6,1.25398,1.36262,77.2578,0.7319,0.9328,0.8251
run_20260601_PlantVillage_ConvNeXt-Tiny,PlantVillage,ConvNeXt-Tiny,20260601,7,1.15765,1.27186,90.1799,0.7681,0.3983,0.8395
run_20260601_PlantDoc_ConvNeXt-Tiny,PlantDoc,ConvNeXt-Tiny,20260601,8,1.08964,1.23569,74.6461,0.7386,0.98,0.8546
run_20260601_CUB-200-2011_ConvNeXt-Tiny,CUB-200-2011,ConvNeXt-Tiny,20260601,9,1.02049,1.1394,80.2989,0.8155,0.8361,0.8134
run_20260601_PlantVillage_Swin-Tiny,PlantVillage,Swin-Tiny,20260601,10,0.96711,1.01605,91.8481,0.7892,0.2723,0.8426
run_20260601_PlantDoc_Swin-Tiny,PlantDoc,Swin-Tiny,20260601,11,0.9188,1.04509,76.6348,0.7835,0.9055,0.8755
run_20260601_CUB-200-2011_Swin-Tiny,CUB-200-2011,Swin-Tiny,20260601,12,0.81475,0.95318,82.0324,0.7487,0.8301,0.8184
run_20260601_PlantVillage_ConvNeXtplusARM,PlantVillage,ConvNeXt+ARM,20260601,13,0.80121,0.8335,93.9382,0.7606,0.2078,0.8522
run_20260601_PlantDoc_ConvNeXtplusARM,PlantDoc,ConvNeXt+ARM,20260601,14,0.76325,0.84295,79.7678,0.7444,0.822,0.8517
run_20260601_CUB-200-2011_ConvNeXtplusARM,CUB-200-2011,ConvNeXt+ARM,20260601,15,0.70201,0.80068,83.8948,0.7738,0.5867,0.8518
run_20260601_PlantVillage_UAMP-Net,PlantVillage,UAMP-Net,20260601,16,0.68534,0.691,95.1532,0.8492,0.2173,0.8111
run_20260601_PlantDoc_UAMP-Net,PlantDoc,UAMP-Net,20260601,17,0.61324,0.72664,83.1033,0.8459,0.7564,0.857
run_20260601_CUB-200-2011_UAMP-Net,CUB-200-2011,UAMP-Net,20260601,18,0.61268,0.65328,85.5237,0.8461,0.6487,0.8736
run_20260607_PlantVillage_ResNet-50,PlantVillage,ResNet-50,20260607,19,0.55666,0.6152,93.4064,0.8095,0.3044,0.8368
run_20260607_PlantDoc_ResNet-50,PlantDoc,ResNet-50,20260607,20,0.50396,0.61307,72.9174,0.8122,0.98,0.8441
run_20260607_CUB-200-2011_ResNet-50,CUB-200-2011,ResNet-50,20260607,21,0.48564,0.55643,79.9097,0.7846,0.827,0.852
run_20260607_PlantVillage_EfficientNet-B3,PlantVillage,EfficientNet-B3,20260607,22,0.4498,0.49639,94.8347,0.8095,0.211,0.8381
run_20260607_PlantDoc_EfficientNet-B3,PlantDoc,EfficientNet-B3,20260607,23,0.43153,0.50114,77.2959,0.7801,0.9401,0.8568
run_20260607_CUB-200-2011_EfficientNet-B3,CUB-200-2011,EfficientNet-B3,20260607,24,0.39079,0.46712,82.5969,0.8007,0.7207,0.8435
run_20260607_PlantVillage_ConvNeXt-Tiny,PlantVillage,ConvNeXt-Tiny,20260607,25,0.38851,0.40093,96.7565,0.8018,0.0926,0.8326
run_20260607_PlantDoc_ConvNeXt-Tiny,PlantDoc,ConvNeXt-Tiny,20260607,26,0.35918,0.41309,79.6189,0.8143,0.8402,0.8463
run_20260607_CUB-200-2011_ConvNeXt-Tiny,CUB-200-2011,ConvNeXt-Tiny,20260607,27,0.32733,0.40323,85.864,0.7686,0.5749,0.8693
run_20260607_PlantVillage_Swin-Tiny,PlantVillage,Swin-Tiny,20260607,28,0.3159,0.33959,96.3729,0.8052,0.1766,0.8683
run_20260607_PlantDoc_Swin-Tiny,PlantDoc,Swin-Tiny,20260607,29,0.29115,0.36999,80.8403,0.8082,0.7504,0.8513
run_20260607_CUB-200-2011_Swin-Tiny,CUB-200-2011,Swin-Tiny,20260607,30,0.2707,0.35021,86.0577,0.8273,0.5346,0.8637
run_20260607_PlantVillage_ConvNeXtplusARM,PlantVillage,ConvNeXt+ARM,20260607,31,0.25939,0.2802,97.2987,0.805,0.1204,0.8814
run_20260607_PlantDoc_ConvNeXtplusARM,PlantDoc,ConvNeXt+ARM,20260607,32,0.25248,0.32109,83.4292,0.8283,0.7511,0.8718
run_20260607_CUB-200-2011_ConvNeXtplusARM,CUB-200-2011,ConvNeXt+ARM,20260607,33,0.22949,0.2854,86.4352,0.7907,0.4867,0.8367
run_20260607_PlantVillage_UAMP-Net,PlantVillage,UAMP-Net,20260607,34,0.23472,0.22571,97.98,0.844,0.1584,0.8306
run_20260607_PlantDoc_UAMP-Net,PlantDoc,UAMP-Net,20260607,35,0.18136,0.25233,85.5567,0.8849,0.5915,0.8683
run_20260607_CUB-200-2011_UAMP-Net,CUB-200-2011,UAMP-Net,20260607,36,0.18041,0.22555,88.5615,0.8864,0.5358,0.8511
run_20260614_PlantVillage_ResNet-50,PlantVillage,ResNet-50,20260614,37,0.19083,0.21232,95.9523,0.8324,0.2305,0.8265
run_20260614_PlantDoc_ResNet-50,PlantDoc,ResNet-50,20260614,38,0.16051,0.29474,75.2517,0.8563,0.98,0.8615
run_20260614_CUB-200-2011_ResNet-50,CUB-200-2011,ResNet-50,20260614,39,0.14805,0.18359,82.0868,0.82,0.8187,0.855
run_20260614_PlantVillage_EfficientNet-B3,PlantVillage,EfficientNet-B3,20260614,40,0.15596,0.1526,97.1057,0.8457,0.1632,0.8642
run_20260614_PlantDoc_EfficientNet-B3,PlantDoc,EfficientNet-B3,20260614,41,0.14091,0.22978,79.7513,0.8442,0.8876,0.8508
run_20260614_CUB-200-2011_EfficientNet-B3,CUB-200-2011,EfficientNet-B3,20260614,42,0.14226,0.17457,85.152,0.8203,0.6109,0.8885
run_20260614_PlantVillage_ConvNeXt-Tiny,PlantVillage,ConvNeXt-Tiny,20260614,43,0.13519,0.12572,97.7336,0.828,0.1328,0.8408
run_20260614_PlantDoc_ConvNeXt-Tiny,PlantDoc,ConvNeXt-Tiny,20260614,44,0.11743,0.18238,82.6979,0.8306,0.7566,0.8301
run_20260614_CUB-200-2011_ConvNeXt-Tiny,CUB-200-2011,ConvNeXt-Tiny,20260614,45,0.09918,0.19351,86.2662,0.8192,0.4936,0.8468
run_20260614_PlantVillage_Swin-Tiny,PlantVillage,Swin-Tiny,20260614,46,0.09735,0.12699,98.0208,0.8731,0.02,0.8125
run_20260614_PlantDoc_Swin-Tiny,PlantDoc,Swin-Tiny,20260614,47,0.0957,0.17299,81.4845,0.8379,0.8378,0.8557
run_20260614_CUB-200-2011_Swin-Tiny,CUB-200-2011,Swin-Tiny,20260614,48,0.08105,0.15807,87.1023,0.831,0.5249,0.8266
run_20260614_PlantVillage_ConvNeXtplusARM,PlantVillage,ConvNeXt+ARM,20260614,49,0.06232,0.11043,98.1576,0.8576,0.1434,0.878
run_20260614_PlantDoc_ConvNeXtplusARM,PlantDoc,ConvNeXt+ARM,20260614,50,0.08343,0.13101,84.1437,0.8466,0.6405,0.8379
run_20260614_CUB-200-2011_ConvNeXtplusARM,CUB-200-2011,ConvNeXt+ARM,20260614,51,0.09052,0.11709,88.202,0.8431,0.5887,0.8775
run_20260614_PlantVillage_UAMP-Net,PlantVillage,UAMP-Net,20260614,52,0.06217,0.06918,98.7043,0.9432,0.0483,0.8574
run_20260614_PlantDoc_UAMP-Net,PlantDoc,UAMP-Net,20260614,53,0.02771,0.13762,86.2765,0.9158,0.5833,0.8356
run_20260614_CUB-200-2011_UAMP-Net,CUB-200-2011,UAMP-Net,20260614,54,0.04853,0.09259,89.3895,0.9588,0.4804,0.8806
run_20260601_PlantVillage_ResNet-50,PlantVillage,ResNet-50,20260601,55,0.0655,0.04625,96.473,0.863,0.1533,0.8945
run_20260601_PlantDoc_ResNet-50,PlantDoc,ResNet-50,20260601,56,0.07425,0.13517,76.7249,0.8897,0.98,0.8231
run_20260601_CUB-200-2011_ResNet-50,CUB-200-2011,ResNet-50,20260601,57,0.05044,0.09131,82.3715,0.8521,0.7704,0.863
run_20260601_PlantVillage_EfficientNet-B3,PlantVillage,EfficientNet-B3,20260601,58,0.012,0.03273,97.3421,0.8557,0.1427,0.8668
run_20260601_PlantDoc_EfficientNet-B3,PlantDoc,EfficientNet-B3,20260601,59,0.04061,0.09331,79.5453,0.8462,0.8737,0.8388
run_20260601_CUB-200-2011_EfficientNet-B3,CUB-200-2011,EfficientNet-B3,20260601,60,0.05558,0.1021,85.4052,0.8944,0.4924,0.8468
run_20260601_PlantVillage_ConvNeXt-Tiny,PlantVillage,ConvNeXt-Tiny,20260601,1,1.69329,1.82644,85.8238,0.7551,0.664,0.8491
run_20260601_PlantDoc_ConvNeXt-Tiny,PlantDoc,ConvNeXt-Tiny,20260601,2,1.61063,1.79973,70.373,0.7579,0.98,0.8323
run_20260601_CUB-200-2011_ConvNeXt-Tiny,CUB-200-2011,ConvNeXt-Tiny,20260601,3,1.47469,1.67285,76.163,0.7582,0.9665,0.8449
run_20260601_PlantVillage_Swin-Tiny,PlantVillage,Swin-Tiny,20260601,4,1.3948,1.51593,87.7505,0.7686,0.6594,0.8799
run_20260601_PlantDoc_Swin-Tiny,PlantDoc,Swin-Tiny,20260601,5,1.32559,1.41899,72.3397,0.733,0.98,0.8749
run_20260601_CUB-200-2011_Swin-Tiny,CUB-200-2011,Swin-Tiny,20260601,6,1.24724,1.40021,79.1077,0.7769,0.9393,0.8283
run_20260601_PlantVillage_ConvNeXtplusARM,PlantVillage,ConvNeXt+ARM,20260601,7,1.15066,1.24379,90.8268,0.7544,0.4577,0.8516
run_20260601_PlantDoc_ConvNeXtplusARM,PlantDoc,ConvNeXt+ARM,20260601,8,1.0829,1.22591,76.7337,0.7572,0.98,0.8295
run_20260601_CUB-200-2011_ConvNeXtplusARM,CUB-200-2011,ConvNeXt+ARM,20260601,9,1.02979,1.11072,81.5042,0.7914,0.7781,0.8324
run_20260601_PlantVillage_UAMP-Net,PlantVillage,UAMP-Net,20260601,10,0.97338,1.00779,92.6409,0.8162,0.3988,0.8539
run_20260601_PlantDoc_UAMP-Net,PlantDoc,UAMP-Net,20260601,11,0.91203,1.00005,81.3185,0.8531,0.8014,0.8619
run_20260601_CUB-200-2011_UAMP-Net,CUB-200-2011,UAMP-Net,20260601,12,0.8801,0.94188,84.3806,0.8526,0.6708,0.8325
run_20260607_PlantVillage_ResNet-50,PlantVillage,ResNet-50,20260607,13,0.81168,0.87181,92.0387,0.8003,0.3556,0.8876
run_20260607_PlantDoc_ResNet-50,PlantDoc,ResNet-50,20260607,14,0.74648,0.87726,71.6895,0.7777,0.98,0.8421
run_20260607_CUB-200-2011_ResNet-50,CUB-200-2011,ResNet-50,20260607,15,0.69752,0.80704,78.5493,0.7976,0.8965,0.8464
run_20260607_PlantVillage_EfficientNet-B3,PlantVillage,EfficientNet-B3,20260607,16,0.66026,0.71119,93.9843,0.7761,0.2363,0.9023
run_20260607_PlantDoc_EfficientNet-B3,PlantDoc,EfficientNet-B3,20260607,17,0.6378,0.70785,76.8033,0.7576,0.9704,0.8511
run_20260607_CUB-200-2011_EfficientNet-B3,CUB-200-2011,EfficientNet-B3,20260607,18,0.5731,0.65559,82.6342,0.7525,0.7133,0.8315
run_20260607_PlantVillage_ConvNeXt-Tiny,PlantVillage,ConvNeXt-Tiny,20260607,19,0.54098,0.5391,95.2424,0.7816,0.2007,0.896
run_20260607_PlantDoc_ConvNeXt-Tiny,PlantDoc,ConvNeXt-Tiny,20260607,20,0.52913,0.62356,78.9774,0.7754,0.896,0.8144
run_20260607_CUB-200-2011_ConvNeXt-Tiny,CUB-200-2011,ConvNeXt-Tiny,20260607,21,0.4539,0.54439,84.6107,0.8148,0.7473,0.8843
run_20260607_PlantVillage_Swin-Tiny,PlantVillage,Swin-Tiny,20260607,22,0.44005,0.46767,95.3945,0.7949,0.2061,0.8295
run_20260607_PlantDoc_Swin-Tiny,PlantDoc,Swin-Tiny,20260607,23,0.45171,0.50694,79.7906,0.7678,0.8328,0.824
run_20260607_CUB-200-2011_Swin-Tiny,CUB-200-2011,Swin-Tiny,20260607,24,0.4297,0.48726,85.0748,0.7911,0.628,0.8253
run_20260607_PlantVillage_ConvNeXtplusARM,PlantVillage,ConvNeXt+ARM,20260607,25,0.37838,0.36861,96.4858,0.7923,0.1296,0.8637
run_20260607_PlantDoc_ConvNeXtplusARM,PlantDoc,ConvNeXt+ARM,20260607,26,0.39565,0.45484,81.7649,0.7817,0.7477,0.8701
run_20260607_CUB-200-2011_ConvNeXtplusARM,CUB-200-2011,ConvNeXt+ARM,20260607,27,0.32092,0.38874,86.1449,0.7802,0.5396,0.8516
run_20260607_PlantVillage_UAMP-Net,PlantVillage,UAMP-Net,20260607,28,0.32889,0.31429,97.3793,0.8819,0.1541,0.8625
run_20260607_PlantDoc_UAMP-Net,PlantDoc,UAMP-Net,20260607,29,0.31083,0.34728,84.8084,0.8451,0.6377,0.862
run_20260607_CUB-200-2011_UAMP-Net,CUB-200-2011,UAMP-Net,20260607,30,0.28739,0.34142,88.5771,0.8895,0.4556,0.8749
run_20260614_PlantVillage_ResNet-50,PlantVillage,ResNet-50,20260614,31,0.2778,0.2896,95.5244,0.837,0.1309,0.8275
run_20260614_PlantDoc_ResNet-50,PlantDoc,ResNet-50,20260614,32,0.25966,0.32039,75.3931,0.7874,0.9698,0.8534
run_20260614_CUB-200-2011_ResNet-50,CUB-200-2011,ResNet-50,20260614,33,0.20828,0.28724,80.7092,0.7773,0.8398,0.8564
run_20260614_PlantVillage_EfficientNet-B3,PlantVillage,EfficientNet-B3,20260614,34,0.22838,0.23491,96.545,0.8062,0.2039,0.856
run_20260614_PlantDoc_EfficientNet-B3,PlantDoc,EfficientNet-B3,20260614,35,0.1975,0.27562,78.9665,0.8228,0.864,0.8317
run_20260614_CUB-200-2011_EfficientNet-B3,CUB-200-2011,EfficientNet-B3,20260614,36,0.1802,0.24292,84.5635,0.8499,0.7462,0.8726
run_20260614_PlantVillage_ConvNeXt-Tiny,PlantVillage,ConvNeXt-Tiny,20260614,37,0.18615,0.17881,97.3321,0.8287,0.0621,0.8371
run_20260614_PlantDoc_ConvNeXt-Tiny,PlantDoc,ConvNeXt-Tiny,20260614,38,0.1737,0.23146,81.803,0.8479,0.8712,0.8537
run_20260614_CUB-200-2011_ConvNeXt-Tiny,CUB-200-2011,ConvNeXt-Tiny,20260614,39,0.18283,0.20232,86.4022,0.8658,0.5716,0.8741
run_20260614_PlantVillage_Swin-Tiny,PlantVillage,Swin-Tiny,20260614,40,0.12942,0.16802,97.4699,0.8173,0.0669,0.8822
run_20260614_PlantDoc_Swin-Tiny,PlantDoc,Swin-Tiny,20260614,41,0.12131,0.23148,81.1559,0.8399,0.7419,0.8521
run_20260614_CUB-200-2011_Swin-Tiny,CUB-200-2011,Swin-Tiny,20260614,42,0.11469,0.17477,87.6516,0.8097,0.4661,0.8335
run_20260614_PlantVillage_ConvNeXtplusARM,PlantVillage,ConvNeXt+ARM,20260614,43,0.12534,0.0944,98.2355,0.8336,0.0736,0.8751
run_20260614_PlantDoc_ConvNeXtplusARM,PlantDoc,ConvNeXt+ARM,20260614,44,0.09142,0.17028,83.3173,0.8216,0.6916,0.8457
run_20260614_CUB-200-2011_ConvNeXtplusARM,CUB-200-2011,ConvNeXt+ARM,20260614,45,0.09717,0.15077,88.1943,0.8176,0.5146,0.8632
run_20260614_PlantVillage_UAMP-Net,PlantVillage,UAMP-Net,20260614,46,0.11736,0.09721,98.7465,0.8529,0.0399,0.8264
run_20260614_PlantDoc_UAMP-Net,PlantDoc,UAMP-Net,20260614,47,0.10212,0.14437,86.7183,0.9258,0.5281,0.8398
run_20260614_CUB-200-2011_UAMP-Net,CUB-200-2011,UAMP-Net,20260614,48,0.10165,0.10397,89.5866,0.9051,0.4219,0.8723
run_20260601_PlantVillage_ResNet-50,PlantVillage,ResNet-50,20260601,49,0.07965,0.1432,96.1206,0.8589,0.1185,0.8762
run_20260601_PlantDoc_ResNet-50,PlantDoc,ResNet-50,20260601,50,0.07788,0.15297,75.9037,0.8488,0.98,0.8544
run_20260601_CUB-200-2011_ResNet-50,CUB-200-2011,ResNet-50,20260601,51,0.07773,0.1469,82.5914,0.836,0.6797,0.8625
run_20260601_PlantVillage_EfficientNet-B3,PlantVillage,EfficientNet-B3,20260601,52,0.06103,0.05578,97.4288,0.8577,0.084,0.8672
run_20260601_PlantDoc_EfficientNet-B3,PlantDoc,EfficientNet-B3,20260601,53,0.07633,0.11275,80.0347,0.8853,0.86,0.833
run_20260601_CUB-200-2011_EfficientNet-B3,CUB-200-2011,EfficientNet-B3,20260601,54,0.05668,0.10061,85.4435,0.8544,0.5181,0.842
run_20260601_PlantVillage_ConvNeXt-Tiny,PlantVillage,ConvNeXt-Tiny,20260601,55,0.07694,0.06286,97.9927,0.8939,0.0796,0.8923
run_20260601_PlantDoc_ConvNeXt-Tiny,PlantDoc,ConvNeXt-Tiny,20260601,56,0.05109,0.10719,82.1718,0.868,0.7824,0.8368
run_20260601_CUB-200-2011_ConvNeXt-Tiny,CUB-200-2011,ConvNeXt-Tiny,20260601,57,0.05264,0.06854,86.275,0.8444,0.5801,0.8451
run_20260601_PlantVillage_Swin-Tiny,PlantVillage,Swin-Tiny,20260601,58,0.04456,0.0492,98.0182,0.9113,0.056,0.8625
run_20260601_PlantDoc_Swin-Tiny,PlantDoc,Swin-Tiny,20260601,59,0.05443,0.11725,81.8642,0.8863,0.7927,0.8368
run_20260601_CUB-200-2011_Swin-Tiny,CUB-200-2011,Swin-Tiny,20260601,60,0.03819,0.08048,86.931,0.8716,0.5878,0.8552
run_20260601_PlantVillage_ConvNeXtplusARM,PlantVillage,ConvNeXt+ARM,20260601,1,1.68777,1.83353,86.3358,0.7419,0.5462,0.8389
run_20260601_PlantDoc_ConvNeXtplusARM,PlantDoc,ConvNeXt+ARM,20260601,2,1.59043,1.76208,72.887,0.7462,0.98,0.8445
run_20260601_CUB-200-2011_ConvNeXtplusARM,CUB-200-2011,ConvNeXt+ARM,20260601,3,1.495,1.63958,77.0278,0.7527,0.9116,0.8568
run_20260601_PlantVillage_UAMP-Net,PlantVillage,UAMP-Net,20260601,4,1.38345,1.48691,89.1332,0.8427,0.5421,0.8579
run_20260601_PlantDoc_UAMP-Net,PlantDoc,UAMP-Net,20260601,5,1.33954,1.46409,78.0116,0.8263,0.9534,0.8608
run_20260601_CUB-200-2011_UAMP-Net,CUB-200-2011,UAMP-Net,20260601,6,1.24332,1.35777,80.8695,0.7756,0.8154,0.8171
run_20260607_PlantVillage_ResNet-50,PlantVillage,ResNet-50,20260607,7,1.16565,1.2472,88.8229,0.7514,0.5532,0.8269
run_20260607_PlantDoc_ResNet-50,PlantDoc,ResNet-50,20260607,8,1.05753,1.2467,69.2572,0.7692,0.98,0.8557
run_20260607_CUB-200-2011_ResNet-50,CUB-200-2011,ResNet-50,20260607,9,1.01497,1.18599,75.8675,0.7597,0.98,0.8777
run_20260607_PlantVillage_EfficientNet-B3,PlantVillage,EfficientNet-B3,20260607,10,0.94737,1.03714,91.4529,0.7559,0.2413,0.8432
run_20260607_PlantDoc_EfficientNet-B3,PlantDoc,EfficientNet-B3,20260607,11,0.89471,1.02237,74.4146,0.7375,0.98,0.8421
run_20260607_CUB-200-2011_EfficientNet-B3,CUB-200-2011,EfficientNet-B3,20260607,12,0.85618,0.94233,79.9059,0.7826,0.7564,0.8586
run_20260607_PlantVillage_ConvNeXt-Tiny,PlantVillage,ConvNeXt-Tiny,20260607,13,0.77515,0.85512,93.0075,0.7947,0.336,0.8178
run_20260607_PlantDoc_ConvNeXt-Tiny,PlantDoc,ConvNeXt-Tiny,20260607,14,0.74603,0.89689,77.1756,0.7662,0.98,0.8395
run_20260607_CUB-200-2011_ConvNeXt-Tiny,CUB-200-2011,ConvNeXt-Tiny,20260607,15,0.67406,0.77409,82.6196,0.7871,0.7494,0.8101
run_20260607_PlantVillage_Swin-Tiny,PlantVillage,Swin-Tiny,20260607,16,0.65228,0.70375,93.9767,0.7924,0.3172,0.8228
run_20260607_PlantDoc_Swin-Tiny,PlantDoc,Swin-Tiny,20260607,17,0.62377,0.73855,78.093,0.8473,0.9447,0.8784
run_20260607_CUB-200-2011_Swin-Tiny,CUB-200-2011,Swin-Tiny,20260607,18,0.57538,0.70214,84.6918,0.8006,0.5461,0.8686
run_20260607_PlantVillage_ConvNeXtplusARM,PlantVillage,ConvNeXt+ARM,20260607,19,0.56278,0.56566,95.2541,0.7739,0.2272,0.8322
run_20260607_PlantDoc_ConvNeXtplusARM,PlantDoc,ConvNeXt+ARM,20260607,20,0.49772,0.57005,82.027,0.8284,0.7686,0.836
run_20260607_CUB-200-2011_ConvNeXtplusARM,CUB-200-2011,ConvNeXt+ARM,20260607,21,0.47499,0.53335,85.6517,0.8011,0.5338,0.8502
run_20260607_PlantVillage_UAMP-Net,PlantVillage,UAMP-Net,20260607,22,0.4731,0.46781,96.4161,0.8674,0.0827,0.8097
run_20260607_PlantDoc_UAMP-Net,PlantDoc,UAMP-Net,20260607,23,0.44183,0.50097,84.9321,0.8571,0.6205,0.8444
run_20260607_CUB-200-2011_UAMP-Net,CUB-200-2011,UAMP-Net,20260607,24,0.40198,0.44303,88.2597,0.8644,0.4459,0.8542
run_20260614_PlantVillage_ResNet-50,PlantVillage,ResNet-50,20260614,25,0.37797,0.42644,94.6309,0.7766,0.2088,0.8677
run_20260614_PlantDoc_ResNet-50,PlantDoc,ResNet-50,20260614,26,0.367,0.45655,74.1326,0.8414,0.98,0.8766
run_20260614_CUB-200-2011_ResNet-50,CUB-200-2011,ResNet-50,20260614,27,0.32832,0.42406,80.7951,0.8236,0.742,0.8468
run_20260614_PlantVillage_EfficientNet-B3,PlantVillage,EfficientNet-B3,20260614,28,0.33047,0.31959,96.2155,0.7898,0.1942,0.8334
run_20260614_PlantDoc_EfficientNet-B3,PlantDoc,EfficientNet-B3,20260614,29,0.29348,0.37939,78.105,0.765,0.9166,0.8726
run_20260614_CUB-200-2011_EfficientNet-B3,CUB-200-2011,EfficientNet-B3,20260614,30,0.2785,0.32272,84.306,0.798,0.7395,0.8807
run_20260614_PlantVillage_ConvNeXt-Tiny,PlantVillage,ConvNeXt-Tiny,20260614,31,0.26673,0.27852,96.9918,0.8173,0.157,0.8262
run_20260614_PlantDoc_ConvNeXt-Tiny,PlantDoc,ConvNeXt-Tiny,20260614,32,0.25237,0.31053,81.146,0.8117,0.7494,0.8377
run_20260614_CUB-200-2011_ConvNeXt-Tiny,CUB-200-2011,ConvNeXt-Tiny,20260614,33,0.26768,0.3019,85.9964,0.8051,0.5936,0.837
run_20260614_PlantVillage_Swin-Tiny,PlantVillage,Swin-Tiny,20260614,34,0.21062,0.20836,97.4014,0.8284,0.1138,0.8284
run_20260614_PlantDoc_Swin-Tiny,PlantDoc,Swin-Tiny,20260614,35,0.19113,0.27913,80.8535,0.8397,0.6892,0.8222
run_20260614_CUB-200-2011_Swin-Tiny,CUB-200-2011,Swin-Tiny,20260614,36,0.15464,0.25024,86.4355,0.8488,0.575,0.8463
run_20260614_PlantVillage_ConvNeXtplusARM,PlantVillage,ConvNeXt+ARM,20260614,37,0.16065,0.18552,97.8931,0.8299,0.1022,0.8344
run_20260614_PlantDoc_ConvNeXtplusARM,PlantDoc,ConvNeXt+ARM,20260614,38,0.16377,0.24395,84.1337,0.822,0.6368,0.8741
run_20260614_CUB-200-2011_ConvNeXtplusARM,CUB-200-2011,ConvNeXt+ARM,20260614,39,0.14749,0.17483,87.6876,0.824,0.5633,0.8218
run_20260614_PlantVillage_UAMP-Net,PlantVillage,UAMP-Net,20260614,40,0.17279,0.15342,98.1875,0.9093,0.1191,0.8377
run_20260614_PlantDoc_UAMP-Net,PlantDoc,UAMP-Net,20260614,41,0.14383,0.2055,86.5678,0.879,0.5809,0.8443
run_20260614_CUB-200-2011_UAMP-Net,CUB-200-2011,UAMP-Net,20260614,42,0.13749,0.14696,89.1209,0.9351,0.4831,0.8554
run_20260601_PlantVillage_ResNet-50,PlantVillage,ResNet-50,20260601,43,0.11194,0.13671,96.0043,0.8665,0.2043,0.8384
run_20260601_PlantDoc_ResNet-50,PlantDoc,ResNet-50,20260601,44,0.10697,0.19825,75.6567,0.8407,0.98,0.8437
run_20260601_CUB-200-2011_ResNet-50,CUB-200-2011,ResNet-50,20260601,45,0.15143,0.19195,81.9623,0.8528,0.7485,0.8098
run_20260601_PlantVillage_EfficientNet-B3,PlantVillage,EfficientNet-B3,20260601,46,0.09329,0.08246,97.3563,0.848,0.0688,0.8272
run_20260601_PlantDoc_EfficientNet-B3,PlantDoc,EfficientNet-B3,20260601,47,0.12379,0.17226,79.5154,0.8441,0.8428,0.8694
run_20260601_CUB-200-2011_EfficientNet-B3,CUB-200-2011,EfficientNet-B3,20260601,48,0.09805,0.15042,84.7991,0.8617,0.6957,0.8663
run_20260601_PlantVillage_ConvNeXt-Tiny,PlantVillage,ConvNeXt-Tiny,20260601,49,0.08191,0.07843,97.9423,0.8412,0.0681,0.8648
run_20260601_PlantDoc_ConvNeXt-Tiny,PlantDoc,ConvNeXt-Tiny,20260601,50,0.07252,0.15516,81.4804,0.8458,0.8296,0.8993
run_20260601_CUB-200-2011_ConvNeXt-Tiny,CUB-200-2011,ConvNeXt-Tiny,20260601,51,0.07042,0.09388,87.5096,0.827,0.5263,0.8473
run_20260601_PlantVillage_Swin-Tiny,PlantVillage,Swin-Tiny,20260601,52,0.07678,0.06389,97.9565,0.8561,0.059,0.8601
run_20260601_PlantDoc_Swin-Tiny,PlantDoc,Swin-Tiny,20260601,53,0.05545,0.11718,81.4718,0.8921,0.8058,0.8418
run_20260601_CUB-200-2011_Swin-Tiny,CUB-200-2011,Swin-Tiny,20260601,54,0.06434,0.09269,87.6994,0.8572,0.5037,0.846
run_20260601_PlantVillage_ConvNeXtplusARM,PlantVillage,ConvNeXt+ARM,20260601,55,0.05279,0.0876,98.5774,0.8428,0.0847,0.8648
run_20260601_PlantDoc_ConvNeXtplusARM,PlantDoc,ConvNeXt+ARM,20260601,56,0.05276,0.09901,84.9983,0.8368,0.6602,0.8526
run_20260601_CUB-200-2011_ConvNeXtplusARM,CUB-200-2011,ConvNeXt+ARM,20260601,57,0.0632,0.08587,88.1151,0.864,0.519,0.8637
run_20260601_PlantVillage_UAMP-Net,PlantVillage,UAMP-Net,20260601,58,0.06169,0.06955,98.5083,0.9499,0.0275,0.8873
run_20260601_PlantDoc_UAMP-Net,PlantDoc,UAMP-Net,20260601,59,0.06091,0.12264,87.1176,0.9588,0.5073,0.8223
run_20260601_CUB-200-2011_UAMP-Net,CUB-200-2011,UAMP-Net,20260601,60,0.03097,0.04941,89.2382,0.9077,0.4959,0.8517
run_20260607_PlantVillage_ResNet-50,PlantVillage,ResNet-50,20260607,1,1.67831,1.82197,84.2503,0.7745,0.6809,0.8251
run_20260607_PlantDoc_ResNet-50,PlantDoc,ResNet-50,20260607,2,1.56395,1.79891,65.6042,0.7579,0.98,0.854
run_20260607_CUB-200-2011_ResNet-50,CUB-200-2011,ResNet-50,20260607,3,1.48965,1.66872,72.5829,0.7625,0.98,0.8437
run_20260607_PlantVillage_EfficientNet-B3,PlantVillage,EfficientNet-B3,20260607,4,1.39692,1.54781,87.704,0.7408,0.6033,0.8711
run_20260607_PlantDoc_EfficientNet-B3,PlantDoc,EfficientNet-B3,20260607,5,1.34134,1.4978,71.1326,0.8173,0.98,0.8595
run_20260607_CUB-200-2011_EfficientNet-B3,CUB-200-2011,EfficientNet-B3,20260607,6,1.22602,1.35754,76.7675,0.7523,0.98,0.855
run_20260607_PlantVillage_ConvNeXt-Tiny,PlantVillage,ConvNeXt-Tiny,20260607,7,1.16497,1.24419,90.2793,0.7619,0.3663,0.8395
run_20260607_PlantDoc_ConvNeXt-Tiny,PlantDoc,ConvNeXt-Tiny,20260607,8,1.09501,1.19414,74.5987,0.7725,0.98,0.8897
run_20260607_CUB-200-2011_ConvNeXt-Tiny,CUB-200-2011,ConvNeXt-Tiny,20260607,9,1.02781,1.12629,79.4252,0.7624,0.8749,0.8044
run_20260607_PlantVillage_Swin-Tiny,PlantVillage,Swin-Tiny,20260607,10,0.95667,1.05111,91.7884,0.7768,0.3954,0.8438
run_20260607_PlantDoc_Swin-Tiny,PlantDoc,Swin-Tiny,20260607,11,0.89139,1.03729,75.9703,0.7819,0.9303,0.8759
run_20260607_CUB-200-2011_Swin-Tiny,CUB-200-2011,Swin-Tiny,20260607,12,0.82862,0.93178,82.6524,0.7851,0.67,0.8343
run_20260607_PlantVillage_ConvNeXtplusARM,PlantVillage,ConvNeXt+ARM,20260607,13,0.79567,0.8402,93.5417,0.7859,0.3591,0.8463
run_20260607_PlantDoc_ConvNeXtplusARM,PlantDoc,ConvNeXt+ARM,20260607,14,0.74329,0.85784,79.7625,0.7776,0.7782,0.8424
run_20260607_CUB-200-2011_ConvNeXtplusARM,CUB-200-2011,ConvNeXt+ARM,20260607,15,0.69826,0.80344,83.9239,0.7647,0.7304,0.8143
run_20260607_PlantVillage_UAMP-Net,PlantVillage,UAMP-Net,20260607,16,0.66218,0.70556,94.6657,0.8108,0.1434,0.8508
run_20260607_PlantDoc_UAMP-Net,PlantDoc,UAMP-Net,20260607,17,0.63105,0.71864,82.8743,0.8374,0.8036,0.8457
run_20260607_CUB-200-2011_UAMP-Net,CUB-200-2011,UAMP-Net,20260607,18,0.58806,0.64626,86.7851,0.8695,0.6304,0.8768
run_20260614_PlantVillage_ResNet-50,PlantVillage,ResNet-50,20260614,19,0.56549,0.58482,93.7654,0.7489,0.3185,0.8657
run_20260614_PlantDoc_ResNet-50,PlantDoc,ResNet-50,20260614,20,0.51615,0.59713,73.4599,0.8183,0.98,0.8681
run_20260614_CUB-200-2011_ResNet-50,CUB-200-2011,ResNet-50,20260614,21,0.48859,0.53551,80.2561,0.7955,0.8009,0.8356
run_20260614_PlantVillage_EfficientNet-B3,PlantVillage,EfficientNet-B3,20260614,22,0.45886,0.47951,94.915,0.7775,0.1007,0.8428
run_20260614_PlantDoc_EfficientNet-B3,PlantDoc,EfficientNet-B3,20260614,23,0.42526,0.52423,77.9934,0.8134,0.98,0.8609
run_20260614_CUB-200-2011_EfficientNet-B3,CUB-200-2011,EfficientNet-B3,20260614,24,0.40455,0.4481,83.0822,0.8198,0.6577,0.8434
run_20260614_PlantVillage_ConvNeXt-Tiny,PlantVillage,ConvNeXt-Tiny,20260614,25,0.38302,0.40929,96.5806,0.8216,0.1263,0.8624
run_20260614_PlantDoc_ConvNeXt-Tiny,PlantDoc,ConvNeXt-Tiny,20260614,26,0.35998,0.42518,79.6514,0.7857,0.8774,0.8645
run_20260614_CUB-200-2011_ConvNeXt-Tiny,CUB-200-2011,ConvNeXt-Tiny,20260614,27,0.34833,0.39216,85.8959,0.7859,0.5581,0.8358
run_20260614_PlantVillage_Swin-Tiny,PlantVillage,Swin-Tiny,20260614,28,0.29052,0.30884,96.5233,0.8059,0.1459,0.8167
run_20260614_PlantDoc_Swin-Tiny,PlantDoc,Swin-Tiny,20260614,29,0.30516,0.36687,80.128,0.796,0.7745,0.8515
run_20260614_CUB-200-2011_Swin-Tiny,CUB-200-2011,Swin-Tiny,20260614,30,0.29167,0.33659,86.3845,0.7856,0.6562,0.8614
run_20260614_PlantVillage_ConvNeXtplusARM,PlantVillage,ConvNeXt+ARM,20260614,31,0.23618,0.26576,97.5419,0.8306,0.1297,0.8124
run_20260614_PlantDoc_ConvNeXtplusARM,PlantDoc,ConvNeXt+ARM,20260614,32,0.20908,0.26198,83.564,0.8253,0.7093,0.8746
run_20260614_CUB-200-2011_ConvNeXtplusARM,CUB-200-2011,ConvNeXt+ARM,20260614,33,0.20805,0.26474,87.4409,0.8068,0.5168,0.84
run_20260614_PlantVillage_UAMP-Net,PlantVillage,UAMP-Net,20260614,34,0.22795,0.21781,98.0782,0.8768,0.0748,0.8384
run_20260614_PlantDoc_UAMP-Net,PlantDoc,UAMP-Net,20260614,35,0.18249,0.24553,85.3822,0.8773,0.4925,0.8536
run_20260614_CUB-200-2011_UAMP-Net,CUB-200-2011,UAMP-Net,20260614,36,0.16682,0.20438,88.7988,0.8807,0.5082,0.8363
run_20260601_PlantVillage_ResNet-50,PlantVillage,ResNet-50,20260601,37,0.1601,0.18741,96.2074,0.8156,0.0613,0.855
run_20260601_PlantDoc_ResNet-50,PlantDoc,ResNet-50,20260601,38,0.17858,0.26961,75.7436,0.7947,0.98,0.874
run_20260601_CUB-200-2011_ResNet-50,CUB-200-2011,ResNet-50,20260601,39,0.13794,0.25029,82.103,0.8231,0.8023,0.83
run_20260601_PlantVillage_EfficientNet-B3,PlantVillage,EfficientNet-B3,20260601,40,0.15082,0.17349,96.8164,0.8041,0.1343,0.8664
run_20260601_PlantDoc_EfficientNet-B3,PlantDoc,EfficientNet-B3,20260601,41,0.16193,0.21133,78.3914,0.8161,0.8982,0.8683
run_20260601_CUB-200-2011_EfficientNet-B3,CUB-200-2011,EfficientNet-B3,20260601,42,0.11054,0.18221,85.4403,0.8185,0.5635,0.8172
run_20260601_PlantVillage_ConvNeXt-Tiny,PlantVillage,ConvNeXt-Tiny,20260601,43,0.11121,0.1298,97.5917,0.8195,0.0681,0.8266
run_20260601_PlantDoc_ConvNeXt-Tiny,PlantDoc,ConvNeXt-Tiny,20260601,44,0.09294,0.16532,81.6527,0.8069,0.7206,0.8627
run_20260601_CUB-200-2011_ConvNeXt-Tiny,CUB-200-2011,ConvNeXt-Tiny,20260601,45,0.10387,0.16863,86.8932,0.828,0.5795,0.8655
run_20260601_PlantVillage_Swin-Tiny,PlantVillage,Swin-Tiny,20260601,46,0.081,0.12139,97.938,0.8511,0.0814,0.8718
run_20260601_PlantDoc_Swin-Tiny,PlantDoc,Swin-Tiny,20260601,47,0.10334,0.12864,81.4977,0.8302,0.8089,0.8265
run_20260601_CUB-200-2011_Swin-Tiny,CUB-200-2011,Swin-Tiny,20260601,48,0.07728,0.14866,87.4661,0.8741,0.4173,0.8525
run_20260601_PlantVillage_ConvNeXtplusARM,PlantVillage,ConvNeXt+ARM,20260601,49,0.10882,0.0946,98.1962,0.8135,0.0413,0.8747
run_20260601_PlantDoc_ConvNeXtplusARM,PlantDoc,ConvNeXt+ARM,20260601,50,0.09107,0.14354,83.9756,0.8097,0.7045,0.844
run_20260601_CUB-200-2011_ConvNeXtplusARM,CUB-200-2011,ConvNeXt+ARM,20260601,51,0.07657,0.11755,87.8808,0.8448,0.5377,0.8575
run_20260601_PlantVillage_UAMP-Net,PlantVillage,UAMP-Net,20260601,52,0.08437,0.10808,98.6455,0.9141,0.02,0.8605
run_20260601_PlantDoc_UAMP-Net,PlantDoc,UAMP-Net,20260601,53,0.07085,0.11008,85.9569,0.9053,0.6161,0.8698
run_20260601_CUB-200-2011_UAMP-Net,CUB-200-2011,UAMP-Net,20260601,54,0.06515,0.10618,89.4682,0.8963,0.3559,0.8399
run_20260607_PlantVillage_ResNet-50,PlantVillage,ResNet-50,20260607,55,0.06122,0.08003,96.3545,0.823,0.0783,0.8898
run_20260607_PlantDoc_ResNet-50,PlantDoc,ResNet-50,20260607,56,0.08383,0.14055,76.7678,0.8724,0.9106,0.8481
run_20260607_CUB-200-2011_ResNet-50,CUB-200-2011,ResNet-50,20260607,57,0.05978,0.09075,82.8776,0.8058,0.7206,0.8833
run_20260607_PlantVillage_EfficientNet-B3,PlantVillage,EfficientNet-B3,20260607,58,0.02912,0.04294,97.3477,0.888,0.1329,0.8653
run_20260607_PlantDoc_EfficientNet-B3,PlantDoc,EfficientNet-B3,20260607,59,0.05956,0.13403,80.7824,0.9048,0.7864,0.8566
run_20260607_CUB-200-2011_EfficientNet-B3,CUB-200-2011,EfficientNet-B3,20260607,60,0.03534,0.08188,86.0667,0.8566,0.6042,0.8311
run_20260607_PlantVillage_ConvNeXt-Tiny,PlantVillage,ConvNeXt-Tiny,20260607,1,1.67874,1.84048,85.5995,0.7289,0.5877,0.8424
run_20260607_PlantDoc_ConvNeXt-Tiny,PlantDoc,ConvNeXt-Tiny,20260607,2,1.59102,1.80313,70.9679,0.7383,0.98,0.8718
run_20260607_CUB-200-2011_ConvNeXt-Tiny,CUB-200-2011,ConvNeXt-Tiny,20260607,3,1.47452,1.65972,76.2817,0.7454,0.98,0.8385
run_20260607_PlantVillage_Swin-Tiny,PlantVillage,Swin-Tiny,20260607,4,1.41451,1.5409,88.0493,0.7679,0.5975,0.8604
run_20260607_PlantDoc_Swin-Tiny,PlantDoc,Swin-Tiny,20260607,5,1.31862,1.45799,72.2148,0.7849,0.98,0.8547
run_20260607_CUB-200-2011_Swin-Tiny,CUB-200-2011,Swin-Tiny,20260607,6,1.23559,1.37096,79.2862,0.7554,0.9191,0.8417
run_20260607_PlantVillage_ConvNeXtplusARM,PlantVillage,ConvNeXt+ARM,20260607,7,1.15522,1.24032,90.6635,0.7334,0.3218,0.8449
run_20260607_PlantDoc_ConvNeXtplusARM,PlantDoc,ConvNeXt+ARM,20260607,8,1.07709,1.22943,76.5233,0.7531,0.955,0.8164
run_20260607_CUB-200-2011_ConvNeXtplusARM,CUB-200-2011,ConvNeXt+ARM,20260607,9,1.01173,1.12843,80.9018,0.7802,0.832,0.8399
run_20260607_PlantVillage_UAMP-Net,PlantVillage,UAMP-Net,20260607,10,0.95911,1.01883,92.6514,0.8251,0.32,0.8401
run_20260607_PlantDoc_UAMP-Net,PlantDoc,UAMP-Net,20260607,11,0.9149,0.97127,80.8045,0.8531,0.6891,0.8472
run_20260607_CUB-200-2011_UAMP-Net,CUB-200-2011,UAMP-Net,20260607,12,0.85353,0.96005,84.8473,0.8326,0.6192,0.8613
run_20260614_PlantVillage_ResNet-50,PlantVillage,ResNet-50,20260614,13,0.80746,0.8605,91.3902,0.7664,0.4537,0.8463
run_20260614_PlantDoc_ResNet-50,PlantDoc,ResNet-50,20260614,14,0.75623,0.89234,71.3674,0.7936,0.98,0.8557
run_20260614_CUB-200-2011_ResNet-50,CUB-200-2011,ResNet-50,20260614,15,0.69777,0.81055,78.4832,0.8148,0.91,0.8598
run_20260614_PlantVillage_EfficientNet-B3,PlantVillage,EfficientNet-B3,20260614,16,0.65496,0.71197,93.3574,0.802,0.2749,0.8332
run_20260614_PlantDoc_EfficientNet-B3,PlantDoc,EfficientNet-B3,20260614,17,0.63477,0.75879,76.0647,0.8013,0.9515,0.8808
run_20260614_CUB-200-2011_EfficientNet-B3,CUB-200-2011,EfficientNet-B3,20260614,18,0.56453,0.66691,81.9579,0.7792,0.7806,0.8787
run_20260614_PlantVillage_ConvNeXt-Tiny,PlantVillage,ConvNeXt-Tiny,20260614,19,0.57523,0.56578,95.1201,0.7905,0.2764,0.8283
run_20260614_PlantDoc_ConvNeXt-Tiny,PlantDoc,ConvNeXt-Tiny,20260614,20,0.5557,0.56238,79.5358,0.7783,0.8515,0.8464
run_20260614_CUB-200-2011_ConvNeXt-Tiny,CUB-200-2011,ConvNeXt-Tiny,20260614,21,0.46097,0.55124,84.1245,0.7628,0.7207,0.8874
run_20260614_PlantVillage_Swin-Tiny,PlantVillage,Swin-Tiny,20260614,22,0.4612,0.48987,95.7276,0.7724,0.1319,0.8249
run_20260614_PlantDoc_Swin-Tiny,PlantDoc,Swin-Tiny,20260614,23,0.42613,0.47859,79.7441,0.7755,0.9297,0.843
run_20260614_CUB-200-2011_Swin-Tiny,CUB-200-2011,Swin-Tiny,20260614,24,0.41156,0.45729,84.7985,0.7923,0.6412,0.83
run_20260614_PlantVillage_ConvNeXtplusARM,PlantVillage,ConvNeXt+ARM,20260614,25,0.36048,0.36793,96.6425,0.7825,0.1198,0.8864
run_20260614_PlantDoc_ConvNeXtplusARM,PlantDoc,ConvNeXt+ARM,20260614,26,0.34641,0.40904,82.7321,0.7931,0.702,0.8648
run_20260614_CUB-200-2011_ConvNeXtplusARM,CUB-200-2011,ConvNeXt+ARM,20260614,27,0.3243,0.36456,86.6024,0.8004,0.5782,0.8568
run_20260614_PlantVillage_UAMP-Net,PlantVillage,UAMP-Net,20260614,28,0.28568,0.32976,97.405,0.8687,0.0248,0.8504
run_20260614_PlantDoc_UAMP-Net,PlantDoc,UAMP-Net,20260614,29,0.31684,0.34293,85.4285,0.8508,0.6967,0.8316
run_20260614_CUB-200-2011_UAMP-Net,CUB-200-2011,UAMP-Net,20260614,30,0.29059,0.3112,88.7287,0.9008,0.4441,0.8515
run_20260601_PlantVillage_ResNet-50,PlantVillage,ResNet-50,20260601,31,0.25031,0.29051,95.4722,0.8115,0.2453,0.8691
run_20260601_PlantDoc_ResNet-50,PlantDoc,ResNet-50,20260601,32,0.24467,0.34045,75.1344,0.7884,0.98,0.8565
run_20260601_CUB-200-2011_ResNet-50,CUB-200-2011,ResNet-50,20260601,33,0.2193,0.30988,80.9304,0.8199,0.7523,0.8906
run_20260601_PlantVillage_EfficientNet-B3,PlantVillage,EfficientNet-B3,20260601,34,0.22377,0.22959,96.2998,0.8099,0.1403,0.8608
run_20260601_PlantDoc_EfficientNet-B3,PlantDoc,EfficientNet-B3,20260601,35,0.19657,0.26954,79.5327,0.8265,0.8648,0.8394
run_20260601_CUB-200-2011_EfficientNet-B3,CUB-200-2011,EfficientNet-B3,20260601,36,0.18904,0.25382,84.0019,0.8297,0.6719,0.827
run_20260601_PlantVillage_ConvNeXt-Tiny,PlantVillage,ConvNeXt-Tiny,20260601,37,0.18987,0.14677,97.1934,0.8312,0.02,0.8883
run_20260601_PlantDoc_ConvNeXt-Tiny,PlantDoc,ConvNeXt-Tiny,20260601,38,0.16655,0.25373,81.4307,0.8436,0.8314,0.8381
run_20260601_CUB-200-2011_ConvNeXt-Tiny,CUB-200-2011,ConvNeXt-Tiny,20260601,39,0.17145,0.21319,85.2615,0.8481,0.5652,0.8612
run_20260601_PlantVillage_Swin-Tiny,PlantVillage,Swin-Tiny,20260601,40,0.13167,0.15469,97.8515,0.8485,0.1077,0.8468
run_20260601_PlantDoc_Swin-Tiny,PlantDoc,Swin-Tiny,20260601,41,0.1428,0.21748,81.1443,0.8198,0.75,0.8505
run_20260601_CUB-200-2011_Swin-Tiny,CUB-200-2011,Swin-Tiny,20260601,42,0.13653,0.17976,86.7213,0.8651,0.6113,0.8151
run_20260601_PlantVillage_ConvNeXtplusARM,PlantVillage,ConvNeXt+ARM,20260601,43,0.11352,0.15974,98.4467,0.8409,0.1033,0.8505
run_20260601_PlantDoc_ConvNeXtplusARM,PlantDoc,ConvNeXt+ARM,20260601,44,0.11127,0.17185,83.3863,0.849,0.7575,0.8775
run_20260601_CUB-200-2011_ConvNeXtplusARM,CUB-200-2011,ConvNeXt+ARM,20260601,45,0.11789,0.14132,86.985,0.8493,0.6062,0.8291
run_20260601_PlantVillage_UAMP-Net,PlantVillage,UAMP-Net,20260601,46,0.10832,0.09439,98.5396,0.9089,0.0836,0.8329
run_20260601_PlantDoc_UAMP-Net,PlantDoc,UAMP-Net,20260601,47,0.08265,0.13869,86.345,0.8993,0.6033,0.8208
run_20260601_CUB-200-2011_UAMP-Net,CUB-200-2011,UAMP-Net,20260601,48,0.07883,0.1044,89.6859,0.9254,0.3322,0.8583
run_20260607_PlantVillage_ResNet-50,PlantVillage,ResNet-50,20260607,49,0.09234,0.10554,96.0249,0.8415,0.0982,0.8745
run_20260607_PlantDoc_ResNet-50,PlantDoc,ResNet-50,20260607,50,0.09182,0.16805,75.5644,0.8659,0.9287,0.8531
run_20260607_CUB-200-2011_ResNet-50,CUB-200-2011,ResNet-50,20260607,51,0.03081,0.13655,81.5805,0.8361,0.7337,0.8582
run_20260607_PlantVillage_EfficientNet-B3,PlantVillage,EfficientNet-B3,20260607,52,0.07007,0.06665,96.7612,0.8592,0.136,0.8383
run_20260607_PlantDoc_EfficientNet-B3,PlantDoc,EfficientNet-B3,20260607,53,0.03494,0.11821,79.5284,0.8801,0.8909,0.8822
run_20260607_CUB-200-2011_EfficientNet-B3,CUB-200-2011,EfficientNet-B3,20260607,54,0.06877,0.11086,84.4029,0.9018,0.6364,0.86
run_20260607_PlantVillage_ConvNeXt-Tiny,PlantVillage,ConvNeXt-Tiny,20260607,55,0.0615,0.05835,98.0631,0.8742,0.0399,0.909
run_20260607_PlantDoc_ConvNeXt-Tiny,PlantDoc,ConvNeXt-Tiny,20260607,56,0.08718,0.12124,81.7432,0.8519,0.7434,0.8898
run_20260607_CUB-200-2011_ConvNeXt-Tiny,CUB-200-2011,ConvNeXt-Tiny,20260607,57,0.04708,0.09385,87.7213,0.8456,0.4778,0.8276
run_20260607_PlantVillage_Swin-Tiny,PlantVillage,Swin-Tiny,20260607,58,0.04926,0.02796,98.2314,0.8829,0.191,0.864
run_20260607_PlantDoc_Swin-Tiny,PlantDoc,Swin-Tiny,20260607,59,0.05737,0.11308,81.5588,0.9006,0.704,0.8127
run_20260607_CUB-200-2011_Swin-Tiny,CUB-200-2011,Swin-Tiny,20260607,60,0.02699,0.06157,87.2745,0.88,0.6214,0.8006
run_20260607_PlantVillage_ConvNeXtplusARM,PlantVillage,ConvNeXt+ARM,20260607,1,1.6911,1.83222,86.4842,0.7642,0.6032,0.8428
run_20260607_PlantDoc_ConvNeXtplusARM,PlantDoc,ConvNeXt+ARM,20260607,2,1.5914,1.77921,72.7444,0.7462,0.98,0.8541
run_20260607_CUB-200-2011_ConvNeXtplusARM,CUB-200-2011,ConvNeXt+ARM,20260607,3,1.52516,1.66135,77.6298,0.78,0.9081,0.865
run_20260607_PlantVillage_UAMP-Net,PlantVillage,UAMP-Net,20260607,4,1.42017,1.51932,88.993,0.833,0.5502,0.8489
run_20260607_PlantDoc_UAMP-Net,PlantDoc,UAMP-Net,20260607,5,1.32126,1.45036,77.5135,0.8093,0.8575,0.84
run_20260607_CUB-200-2011_UAMP-Net,CUB-200-2011,UAMP-Net,20260607,6,1.21581,1.37458,81.365,0.8241,0.7405,0.8352
run_20260614_PlantVillage_ResNet-50,PlantVillage,ResNet-50,20260614,7,1.16769,1.24889,88.6374,0.7667,0.467,0.8029
run_20260614_PlantDoc_ResNet-50,PlantDoc,ResNet-50,20260614,8,1.0705,1.23459,69.1217,0.7865,0.98,0.8462
run_20260614_CUB-200-2011_ResNet-50,CUB-200-2011,ResNet-50,20260614,9,1.03514,1.16771,75.7694,0.7679,0.98,0.839
run_20260614_PlantVillage_EfficientNet-B3,PlantVillage,EfficientNet-B3,20260614,10,0.94055,1.02359,91.3939,0.7492,0.4002,0.8348
run_20260614_PlantDoc_EfficientNet-B3,PlantDoc,EfficientNet-B3,20260614,11,0.91913,1.01467,74.0624,0.7641,0.98,0.8777
run_20260614_CUB-200-2011_EfficientNet-B3,CUB-200-2011,EfficientNet-B3,20260614,12,0.84685,0.94216,80.2375,0.7652,0.8026,0.8295
run_20260614_PlantVillage_ConvNeXt-Tiny,PlantVillage,ConvNeXt-Tiny,20260614,13,0.80268,0.84341,93.0192,0.8191,0.2906,0.8323
run_20260614_PlantDoc_ConvNeXt-Tiny,PlantDoc,ConvNeXt-Tiny,20260614,14,0.7512,0.87957,77.8482,0.8064,0.9209,0.8587
run_20260614_CUB-200-2011_ConvNeXt-Tiny,CUB-200-2011,ConvNeXt-Tiny,20260614,15,0.68975,0.78649,82.603,0.7708,0.7243,0.8872
run_20260614_PlantVillage_Swin-Tiny,PlantVillage,Swin-Tiny,20260614,16,0.64532,0.71276,94.1349,0.7712,0.2377,0.8425
run_20260614_PlantDoc_Swin-Tiny,PlantDoc,Swin-Tiny,20260614,17,0.62122,0.71954,77.9531,0.7803,0.8881,0.8456
run_20260614_CUB-200-2011_Swin-Tiny,CUB-200-2011,Swin-Tiny,20260614,18,0.61581,0.66174,84.4497,0.7766,0.6172,0.8489
run_20260614_PlantVillage_ConvNeXtplusARM,PlantVillage,ConvNeXt+ARM,20260614,19,0.56866,0.58372,95.5654,0.771,0.248,0.8614
run_20260614_PlantDoc_ConvNeXtplusARM,PlantDoc,ConvNeXt+ARM,20260614,20,0.54248,0.57597,80.8974,0.7673,0.7342,0.8597
run_20260614_CUB-200-2011_ConvNeXtplusARM,CUB-200-2011,ConvNeXt+ARM,20260614,21,0.49196,0.55284,84.8232,0.8159,0.5632,0.8225
run_20260614_PlantVillage_UAMP-Net,PlantVillage,UAMP-Net,20260614,22,0.4497,0.46633,96.8788,0.8604,0.193,0.8298
run_20260614_PlantDoc_UAMP-Net,PlantDoc,UAMP-Net,20260614,23,0.4277,0.48335,84.1094,0.8419,0.7271,0.8667
run_20260614_CUB-200-2011_UAMP-Net,CUB-200-2011,UAMP-Net,20260614,24,0.39445,0.45656,87.1866,0.8842,0.5172,0.8346
run_20260601_PlantVillage_ResNet-50,PlantVillage,ResNet-50,20260601,25,0.40117,0.37146,94.59,0.7953,0.3057,0.8562
run_20260601_PlantDoc_ResNet-50,PlantDoc,ResNet-50,20260601,26,0.34206,0.43412,73.9625,0.7987,0.98,0.8357
run_20260601_CUB-200-2011_ResNet-50,CUB-200-2011,ResNet-50,20260601,27,0.3302,0.4092,80.5027,0.8128,0.8444,0.8274
run_20260601_PlantVillage_EfficientNet-B3,PlantVillage,EfficientNet-B3,20260601,28,0.3111,0.30786,96.0509,0.8184,0.1505,0.8624
run_20260601_PlantDoc_EfficientNet-B3,PlantDoc,EfficientNet-B3,20260601,29,0.28226,0.37533,78.7692,0.8361,0.8416,0.8481
run_20260601_CUB-200-2011_EfficientNet-B3,CUB-200-2011,EfficientNet-B3,20260601,30,0.27919,0.33048,84.3449,0.7995,0.5991,0.8695
run_20260601_PlantVillage_ConvNeXt-Tiny,PlantVillage,ConvNeXt-Tiny,20260601,31,0.28129,0.23718,97.1707,0.7904,0.1388,0.8762
run_20260601_PlantDoc_ConvNeXt-Tiny,PlantDoc,ConvNeXt-Tiny,20260601,32,0.26041,0.30791,81.7826,0.8051,0.8092,0.8352
run_20260601_CUB-200-2011_ConvNeXt-Tiny,CUB-200-2011,ConvNeXt-Tiny,20260601,33,0.21543,0.31965,85.6582,0.8276,0.6843,0.8728
run_20260601_PlantVillage_Swin-Tiny,PlantVillage,Swin-Tiny,20260601,34,0.23651,0.24462,96.8844,0.8365,0.1612,0.8678
run_20260601_PlantDoc_Swin-Tiny,PlantDoc,Swin-Tiny,20260601,35,0.21385,0.28266,80.7304,0.7806,0.7578,0.8065
run_20260601_CUB-200-2011_Swin-Tiny,CUB-200-2011,Swin-Tiny,20260601,36,0.17102,0.25745,86.345,0.8032,0.6375,0.8337
run_20260601_PlantVillage_ConvNeXtplusARM,PlantVillage,ConvNeXt+ARM,20260601,37,0.20695,0.22577,97.9366,0.7832,0.02,0.8711
run_20260601_PlantDoc_ConvNeXtplusARM,PlantDoc,ConvNeXt+ARM,20260601,38,0.15403,0.20187,83.5591,0.8061,0.7175,0.8263
run_20260601_CUB-200-2011_ConvNeXtplusARM,CUB-200-2011,ConvNeXt+ARM,20260601,39,0.17579,0.22161,87.2798,0.8438,0.503,0.8584
run_20260601_PlantVillage_UAMP-Net,PlantVillage,UAMP-Net,20260601,40,0.12429,0.18867,98.4951,0.8796,0.1361,0.8481
run_20260601_PlantDoc_UAMP-Net,PlantDoc,UAMP-Net,20260601,41,0.13872,0.17867,86.1538,0.8882,0.5511,0.8501
run_20260601_CUB-200-2011_UAMP-Net,CUB-200-2011,UAMP-Net,20260601,42,0.13584,0.1802,88.9348,0.8914,0.3695,0.8537
run_20260607_PlantVillage_ResNet-50,PlantVillage,ResNet-50,20260607,43,0.11825,0.13691,96.2917,0.845,0.1523,0.8489
run_20260607_PlantDoc_ResNet-50,PlantDoc,ResNet-50,20260607,44,0.10928,0.20164,76.6514,0.8289,0.9417,0.8486
run_20260607_CUB-200-2011_ResNet-50,CUB-200-2011,ResNet-50,20260607,45,0.10962,0.16916,82.2469,0.7967,0.6961,0.8222
run_20260607_PlantVillage_EfficientNet-B3,PlantVillage,EfficientNet-B3,20260607,46,0.10687,0.11401,97.3576,0.8487,0.032,0.8656
run_20260607_PlantDoc_EfficientNet-B3,PlantDoc,EfficientNet-B3,20260607,47,0.10047,0.17084,80.3123,0.8538,0.8211,0.8323
run_20260607_CUB-200-2011_EfficientNet-B3,CUB-200-2011,EfficientNet-B3,20260607,48,0.0924,0.11197,84.5448,0.8155,0.6188,0.8637
run_20260607_PlantVillage_ConvNeXt-Tiny,PlantVillage,ConvNeXt-Tiny,20260607,49,0.08248,0.10551,98.0092,0.8782,0.0518,0.8703
run_20260607_PlantDoc_ConvNeXt-Tiny,PlantDoc,ConvNeXt-Tiny,20260607,50,0.09339,0.12054,82.7745,0.8707,0.7758,0.8875
run_20260607_CUB-200-2011_ConvNeXt-Tiny,CUB-200-2011,ConvNeXt-Tiny,20260607,51,0.10178,0.12699,86.1282,0.8644,0.5752,0.8582
run_20260607_PlantVillage_Swin-Tiny,PlantVillage,Swin-Tiny,20260607,52,0.07993,0.09353,97.654,0.8422,0.1084,0.8637
run_20260607_PlantDoc_Swin-Tiny,PlantDoc,Swin-Tiny,20260607,53,0.03852,0.10881,81.4696,0.8933,0.7942,0.8526
run_20260607_CUB-200-2011_Swin-Tiny,CUB-200-2011,Swin-Tiny,20260607,54,0.05885,0.10765,87.6369,0.854,0.4553,0.8336
run_20260607_PlantVillage_ConvNeXtplusARM,PlantVillage,ConvNeXt+ARM,20260607,55,0.04084,0.04427,98.5342,0.8669,0.0614,0.8295
run_20260607_PlantDoc_ConvNeXtplusARM,PlantDoc,ConvNeXt+ARM,20260607,56,0.07835,0.09276,84.1441,0.8528,0.6949,0.8544
run_20260607_CUB-200-2011_ConvNeXtplusARM,CUB-200-2011,ConvNeXt+ARM,20260607,57,0.05932,0.11851,87.3073,0.8948,0.5325,0.8409
run_20260607_PlantVillage_UAMP-Net,PlantVillage,UAMP-Net,20260607,58,0.04174,0.06803,98.5783,0.9276,0.0351,0.8379
run_20260607_PlantDoc_UAMP-Net,PlantDoc,UAMP-Net,20260607,59,0.04674,0.09904,86.1883,0.9329,0.5054,0.83
run_20260607_CUB-200-2011_UAMP-Net,CUB-200-2011,UAMP-Net,20260607,60,0.05485,0.06267,90.1011,0.9147,0.3899,0.8346
run_20260614_PlantVillage_ResNet-50,PlantVillage,ResNet-50,20260614,1,1.69486,1.83411,84.247,0.7597,0.692,0.8324
run_20260614_PlantDoc_ResNet-50,PlantDoc,ResNet-50,20260614,2,1.60412,1.81717,64.4457,0.7493,0.98,0.8105
run_20260614_CUB-200-2011_ResNet-50,CUB-200-2011,ResNet-50,20260614,3,1.49445,1.68058,72.4716,0.795,0.98,0.8888
run_20260614_PlantVillage_EfficientNet-B3,PlantVillage,EfficientNet-B3,20260614,4,1.40054,1.51469,87.4616,0.737,0.5112,0.8414
run_20260614_PlantDoc_EfficientNet-B3,PlantDoc,EfficientNet-B3,20260614,5,1.3254,1.4455,71.3099,0.7426,0.98,0.8859
run_20260614_CUB-200-2011_EfficientNet-B3,CUB-200-2011,EfficientNet-B3,20260614,6,1.22946,1.37244,76.5696,0.7437,0.98,0.8498
run_20260614_PlantVillage_ConvNeXt-Tiny,PlantVillage,ConvNeXt-Tiny,20260614,7,1.16909,1.26265,90.3788,0.7975,0.3803,0.8431
run_20260614_PlantDoc_ConvNeXt-Tiny,PlantDoc,ConvNeXt-Tiny,20260614,8,1.1041,1.21671,74.5252,0.7604,0.98,0.8539
run_20260614_CUB-200-2011_ConvNeXt-Tiny,CUB-200-2011,ConvNeXt-Tiny,20260614,9,1.02054,1.13603,79.4651,0.7649,0.8427,0.8721
run_20260614_PlantVillage_Swin-Tiny,PlantVillage,Swin-Tiny,20260614,10,0.96095,1.03276,91.8133,0.7503,0.3292,0.8336
run_20260614_PlantDoc_Swin-Tiny,PlantDoc,Swin-Tiny,20260614,11,0.90545,1.06601,76.0952,0.7502,0.9708,0.8696
run_20260614_CUB-200-2011_Swin-Tiny,CUB-200-2011,Swin-Tiny,20260614,12,0.85753,0.95342,82.8376,0.7412,0.7131,0.8617
run_20260614_PlantVillage_ConvNeXtplusARM,PlantVillage,ConvNeXt+ARM,20260614,13,0.79776,0.85011,93.5896,0.77,0.2487,0.8237
run_20260614_PlantDoc_ConvNeXtplusARM,PlantDoc,ConvNeXt+ARM,20260614,14,0.75411,0.84416,80.0729,0.8051,0.8942,0.861
run_20260614_CUB-200-2011_ConvNeXtplusARM,CUB-200-2011,ConvNeXt+ARM,20260614,15,0.71951,0.80977,83.8054,0.7941,0.6143,0.8448
run_20260614_PlantVillage_UAMP-Net,PlantVillage,UAMP-Net,20260614,16,0.64131,0.69287,95.1697,0.7953,0.1551,0.83
run_20260614_PlantDoc_UAMP-Net,PlantDoc,UAMP-Net,20260614,17,0.62316,0.70001,83.2468,0.8147,0.7132,0.8436
run_20260614_CUB-200-2011_UAMP-Net,CUB-200-2011,UAMP-Net,20260614,18,0.57239,0.63399,86.2063,0.8286,0.545,0.8654
run_20260601_PlantVillage_ResNet-50,PlantVillage,ResNet-50,20260601,19,0.54463,0.60868,93.3156,0.7813,0.264,0.8688
run_20260601_PlantDoc_ResNet-50,PlantDoc,ResNet-50,20260601,20,0.50924,0.59704,73.7903,0.7946,0.98,0.8646
run_20260601_CUB-200-2011_ResNet-50,CUB-200-2011,ResNet-50,20260601,21,0.49811,0.59284,80.0248,0.7949,0.7597,0.8878
run_20260601_PlantVillage_EfficientNet-B3,PlantVillage,EfficientNet-B3,20260601,22,0.48991,0.50978,94.9393,0.8127,0.2033,0.845
run_20260601_PlantDoc_EfficientNet-B3,PlantDoc,EfficientNet-B3,20260601,23,0.43358,0.51949,77.7391,0.8297,0.9321,0.8701
run_20260601_CUB-200-2011_EfficientNet-B3,CUB-200-2011,EfficientNet-B3,20260601,24,0.40141,0.45266,82.8559,0.7491,0.734,0.8578
run_20260601_PlantVillage_ConvNeXt-Tiny,PlantVillage,ConvNeXt-Tiny,20260601,25,0.38878,0.39604,96.0497,0.7981,0.1044,0.8734
run_20260601_PlantDoc_ConvNeXt-Tiny,PlantDoc,ConvNeXt-Tiny,20260601,26,0.35095,0.43356,80.2356,0.7974,0.8219,0.827
run_20260601_CUB-200-2011_ConvNeXt-Tiny,CUB-200-2011,ConvNeXt-Tiny,20260601,27,0.369,0.3704,85.228,0.8242,0.6638,0.8323
run_20260601_PlantVillage_Swin-Tiny,PlantVillage,Swin-Tiny,20260601,28,0.32031,0.34257,96.4449,0.8131,0.1907,0.8694
run_20260601_PlantDoc_Swin-Tiny,PlantDoc,Swin-Tiny,20260601,29,0.27008,0.34596,80.6611,0.7938,0.7804,0.8063
run_20260601_CUB-200-2011_Swin-Tiny,CUB-200-2011,Swin-Tiny,20260601,30,0.28309,0.32086,86.7307,0.8112,0.5342,0.8623
run_20260601_PlantVillage_ConvNeXtplusARM,PlantVillage,ConvNeXt+ARM,20260601,31,0.24418,0.26911,97.2467,0.8569,0.0992,0.8922
run_20260601_PlantDoc_ConvNeXtplusARM,PlantDoc,ConvNeXt+ARM,20260601,32,0.24155,0.28858,83.0489,0.8035,0.681,0.8881
run_20260601_CUB-200-2011_ConvNeXtplusARM,CUB-200-2011,ConvNeXt+ARM,20260601,33,0.25197,0.23299,87.7078,0.8385,0.5449,0.8123
run_20260601_PlantVillage_UAMP-Net,PlantVillage,UAMP-Net,20260601,34,0.20683,0.1907,98.0586,0.9021,0.0648,0.8394
run_20260601_PlantDoc_UAMP-Net,PlantDoc,UAMP-Net,20260601,35,0.19916,0.27829,85.8641,0.8947,0.4991,0.8543
run_20260601_CUB-200-2011_UAMP-Net,CUB-200-2011,UAMP-Net,20260601,36,0.20037,0.21362,88.3493,0.9013,0.5229,0.8405
run_20260607_PlantVillage_ResNet-50,PlantVillage,ResNet-50,20260607,37,0.20475,0.15542,95.7986,0.8239,0.1187,0.8596
run_20260607_PlantDoc_ResNet-50,PlantDoc,ResNet-50,20260607,38,0.1577,0.28229,74.9093,0.8216,0.98,0.8419
run_20260607_CUB-200-2011_ResNet-50,CUB-200-2011,ResNet-50,20260607,39,0.16954,0.20167,81.2873,0.8275,0.7908,0.8594
run_20260607_PlantVillage_EfficientNet-B3,PlantVillage,EfficientNet-B3,20260607,40,0.16641,0.15968,96.6657,0.8467,0.1902,0.8556
run_20260607_PlantDoc_EfficientNet-B3,PlantDoc,EfficientNet-B3,20260607,41,0.13905,0.23195,79.3128,0.8369,0.7968,0.8495
run_20260607_CUB-200-2011_EfficientNet-B3,CUB-200-2011,EfficientNet-B3,20260607,42,0.11744,0.20504,84.6888,0.8052,0.6066,0.8344
run_20260607_PlantVillage_ConvNeXt-Tiny,PlantVillage,ConvNeXt-Tiny,20260607,43,0.13879,0.13818,97.7342,0.8532,0.0726,0.8465
run_20260607_PlantDoc_ConvNeXt-Tiny,PlantDoc,ConvNeXt-Tiny,20260607,44,0.11861,0.16614,81.095,0.8344,0.7778,0.8394
run_20260607_CUB-200-2011_ConvNeXt-Tiny,CUB-200-2011,ConvNeXt-Tiny,20260607,45,0.09939,0.17245,85.8329,0.8398,0.5613,0.8577
run_20260607_PlantVillage_Swin-Tiny,PlantVillage,Swin-Tiny,20260607,46,0.07084,0.07299,97.7067,0.8265,0.0891,0.8548
run_20260607_PlantDoc_Swin-Tiny,PlantDoc,Swin-Tiny,20260607,47,0.11168,0.15882,81.0971,0.834,0.7413,0.8903
run_20260607_CUB-200-2011_Swin-Tiny,CUB-200-2011,Swin-Tiny,20260607,48,0.06835,0.1339,87.128,0.8463,0.4955,0.8397
run_20260607_PlantVillage_ConvNeXtplusARM,PlantVillage,ConvNeXt+ARM,20260607,49,0.06026,0.08968,98.3429,0.8494,0.1322,0.8487
run_20260607_PlantDoc_ConvNeXtplusARM,PlantDoc,ConvNeXt+ARM,20260607,50,0.09499,0.13033,83.9504,0.8467,0.69,0.8587
run_20260607_CUB-200-2011_ConvNeXtplusARM,CUB-200-2011,ConvNeXt+ARM,20260607,51,0.08294,0.14667,87.5366,0.8913,0.5852,0.8532
run_20260607_PlantVillage_UAMP-Net,PlantVillage,UAMP-Net,20260607,52,0.07401,0.0901,98.8922,0.9053,0.02,0.8222
run_20260607_PlantDoc_UAMP-Net,PlantDoc,UAMP-Net,20260607,53,0.06569,0.11781,87.0733,0.9156,0.4511,0.8327
run_20260607_CUB-200-2011_UAMP-Net,CUB-200-2011,UAMP-Net,20260607,54,0.06958,0.11721,89.299,0.9396,0.3153,0.8072
run_20260614_PlantVillage_ResNet-50,PlantVillage,ResNet-50,20260614,55,0.05974,0.04448,96.4106,0.8519,0.1169,0.8453
run_20260614_PlantDoc_ResNet-50,PlantDoc,ResNet-50,20260614,56,0.04242,0.14493,76.4896,0.8322,0.948,0.8469
run_20260614_CUB-200-2011_ResNet-50,CUB-200-2011,ResNet-50,20260614,57,0.03709,0.11386,82.8384,0.8124,0.7653,0.8154
run_20260614_PlantVillage_EfficientNet-B3,PlantVillage,EfficientNet-B3,20260614,58,0.04552,0.02098,97.5472,0.8653,0.1672,0.817
run_20260614_PlantDoc_EfficientNet-B3,PlantDoc,EfficientNet-B3,20260614,59,0.05002,0.07906,80.2064,0.8414,0.8294,0.8382
run_20260614_CUB-200-2011_EfficientNet-B3,CUB-200-2011,EfficientNet-B3,20260614,60,0.05019,0.0934,84.9093,0.8526,0.6719,0.853
run_20260614_PlantVillage_ConvNeXt-Tiny,PlantVillage,ConvNeXt-Tiny,20260614,1,1.69144,1.82468,85.7082,0.7592,0.6127,0.8835
run_20260614_PlantDoc_ConvNeXt-Tiny,PlantDoc,ConvNeXt-Tiny,20260614,2,1.56168,1.79519,69.8185,0.7538,0.98,0.8419
run_20260614_CUB-200-2011_ConvNeXt-Tiny,CUB-200-2011,ConvNeXt-Tiny,20260614,3,1.49029,1.65932,76.1928,0.7463,0.9532,0.8542
run_20260614_PlantVillage_Swin-Tiny,PlantVillage,Swin-Tiny,20260614,4,1.3986,1.51051,88.431,0.7697,0.4222,0.8516
run_20260614_PlantDoc_Swin-Tiny,PlantDoc,Swin-Tiny,20260614,5,1.30478,1.48883,72.5426,0.7573,0.98,0.8524
run_20260614_CUB-200-2011_Swin-Tiny,CUB-200-2011,Swin-Tiny,20260614,6,1.22592,1.36799,79.4233,0.7627,0.8397,0.8704
run_20260614_PlantVillage_ConvNeXtplusARM,PlantVillage,ConvNeXt+ARM,20260614,7,1.16493,1.22634,90.7255,0.76,0.3533,0.8349
run_20260614_PlantDoc_ConvNeXtplusARM,PlantDoc,ConvNeXt+ARM,20260614,8,1.0795,1.18417,76.573,0.767,0.9455,0.8552
run_20260614_CUB-200-2011_ConvNeXtplusARM,CUB-200-2011,ConvNeXt+ARM,20260614,9,1.04032,1.12458,81.1793,0.7737,0.7736,0.8564
run_20260614_PlantVillage_UAMP-Net,PlantVillage,UAMP-Net,20260614,10,0.98512,0.9921,92.9062,0.8196,0.3235,0.8597
run_20260614_PlantDoc_UAMP-Net,PlantDoc,UAMP-Net,20260614,11,0.88907,1.00795,80.6058,0.814,0.7768,0.869
run_20260614_CUB-200-2011_UAMP-Net,CUB-200-2011,UAMP-Net,20260614,12,0.86047,0.90435,84.3189,0.8583,0.6417,0.8276
run_20260601_PlantVillage_ResNet-50,PlantVillage,ResNet-50,20260601,13,0.81672,0.85138,91.7478,0.7629,0.2974,0.8436
run_20260601_PlantDoc_ResNet-50,PlantDoc,ResNet-50,20260601,14,0.75342,0.87347,71.9749,0.8161,0.98,0.8528
run_20260601_CUB-200-2011_ResNet-50,CUB-200-2011,ResNet-50,20260601,15,0.69166,0.77723,78.9827,0.7549,0.9708,0.8708
run_20260601_PlantVillage_EfficientNet-B3,PlantVillage,EfficientNet-B3,20260601,16,0.65766,0.72432,93.5154,0.7653,0.2758,0.8173
run_20260601_PlantDoc_EfficientNet-B3,PlantDoc,EfficientNet-B3,20260601,17,0.61425,0.71575,76.4192,0.8161,0.9272,0.8421
run_20260601_CUB-200-2011_EfficientNet-B3,CUB-200-2011,EfficientNet-B3,20260601,18,0.57375,0.65487,81.4672,0.7871,0.7339,0.8558
run_20260601_PlantVillage_ConvNeXt-Tiny,PlantVillage,ConvNeXt-Tiny,20260601,19,0.55273,0.57079,95.3854,0.8199,0.1583,0.8203
run_20260601_PlantDoc_ConvNeXt-Tiny,PlantDoc,ConvNeXt-Tiny,20260601,20,0.50956,0.62289,79.1412,0.7943,0.8313,0.8422
run_20260601_CUB-200-2011_ConvNeXt-Tiny,CUB-200-2011,ConvNeXt-Tiny,20260601,21,0.49287,0.54035,84.5615,0.8022,0.6915,0.8395
run_20260601_PlantVillage_Swin-Tiny,PlantVillage,Swin-Tiny,20260601,22,0.46793,0.47226,95.7529,0.8088,0.2134,0.8658
run_20260601_PlantDoc_Swin-Tiny,PlantDoc,Swin-Tiny,20260601,23,0.42313,0.52276,79.4858,0.7818,0.8465,0.8349
run_20260601_CUB-200-2011_Swin-Tiny,CUB-200-2011,Swin-Tiny,20260601,24,0.39177,0.44723,85.673,0.8214,0.5324,0.8554
run_20260601_PlantVillage_ConvNeXtplusARM,PlantVillage,ConvNeXt+ARM,20260601,25,0.38106,0.41092,96.3207,0.8007,0.071,0.8575
run_20260601_PlantDoc_ConvNeXtplusARM,PlantDoc,ConvNeXt+ARM,20260601,26,0.3481,0.41047,82.3516,0.8043,0.7099,0.8637
run_20260601_CUB-200-2011_ConvNeXtplusARM,CUB-200-2011,ConvNeXt+ARM,20260601,27,0.3408,0.3899,85.8749,0.8099,0.7141,0.8594
run_20260601_PlantVillage_UAMP-Net,PlantVillage,UAMP-Net,20260601,28,0.29957,0.31311,97.3984,0.8435,0.1263,0.8666
run_20260601_PlantDoc_UAMP-Net,PlantDoc,UAMP-Net,20260601,29,0.30126,0.35443,85.5424,0.8566,0.6358,0.8496
run_20260601_CUB-200-2011_UAMP-Net,CUB-200-2011,UAMP-Net,20260601,30,0.24523,0.32635,88.8378,0.87,0.4669,0.8622
run_20260607_PlantVillage_ResNet-50,PlantVillage,ResNet-50,20260607,31,0.26683,0.28175,95.362,0.8446,0.1627,0.8112
run_20260607_PlantDoc_ResNet-50,PlantDoc,ResNet-50,20260607,32,0.23898,0.33271,75.9992,0.7957,0.98,0.8498
run_20260607_CUB-200-2011_ResNet-50,CUB-200-2011,ResNet-50,20260607,33,0.26744,0.29101,82.2546,0.8347,0.7237,0.7951
run_20260607_PlantVillage_EfficientNet-B3,PlantVillage,EfficientNet-B3,20260607,34,0.20465,0.23571,96.2564,0.8198,0.1218,0.8494
run_20260607_PlantDoc_EfficientNet-B3,PlantDoc,EfficientNet-B3,20260607,35,0.22952,0.28484,78.8568,0.7934,0.8318,0.8351
run_20260607_CUB-200-2011_EfficientNet-B3,CUB-200-2011,EfficientNet-B3,20260607,36,0.1857,0.24541,84.1539,0.8723,0.6611,0.8448
run_20260607_PlantVillage_ConvNeXt-Tiny,PlantVillage,ConvNeXt-Tiny,20260607,37,0.16698,0.21691,97.7265,0.8042,0.1407,0.8486
run_20260607_PlantDoc_ConvNeXt-Tiny,PlantDoc,ConvNeXt-Tiny,20260607,38,0.19302,0.19888,80.9882,0.7999,0.8304,0.8682
run_20260607_CUB-200-2011_ConvNeXt-Tiny,CUB-200-2011,ConvNeXt-Tiny,20260607,39,0.14165,0.23709,85.321,0.8102,0.6311,0.8729
run_20260607_PlantVillage_Swin-Tiny,PlantVillage,Swin-Tiny,20260607,40,0.12881,0.15899,97.577,0.8175,0.1292,0.8243
run_20260607_PlantDoc_Swin-Tiny,PlantDoc,Swin-Tiny,20260607,41,0.16962,0.22988,80.4718,0.8493,0.7812,0.8237
run_20260607_CUB-200-2011_Swin-Tiny,CUB-200-2011,Swin-Tiny,20260607,42,0.14085,0.17118,87.6165,0.8619,0.5128,0.8535
run_20260607_PlantVillage_ConvNeXtplusARM,PlantVillage,ConvNeXt+ARM,20260607,43,0.09562,0.14088,98.4239,0.839,0.0245,0.8434
run_20260607_PlantDoc_ConvNeXtplusARM,PlantDoc,ConvNeXt+ARM,20260607,44,0.11511,0.19318,82.8574,0.8625,0.7174,0.8282
run_20260607_CUB-200-2011_ConvNeXtplusARM,CUB-200-2011,ConvNeXt+ARM,20260607,45,0.13518,0.16094,87.5214,0.8568,0.5399,0.8416
run_20260607_PlantVillage_UAMP-Net,PlantVillage,UAMP-Net,20260607,46,0.11701,0.09416,98.7003,0.8772,0.0909,0.8864
run_20260607_PlantDoc_UAMP-Net,PlantDoc,UAMP-Net,20260607,47,0.1094,0.14201,87.0357,0.8773,0.4929,0.8554
run_20260607_CUB-200-2011_UAMP-Net,CUB-200-2011,UAMP-Net,20260607,48,0.08856,0.09959,89.1016,0.9397,0.4416,0.8527
run_20260614_PlantVillage_ResNet-50,PlantVillage,ResNet-50,20260614,49,0.09254,0.11236,96.359,0.8195,0.1602,0.8369
run_20260614_PlantDoc_ResNet-50,PlantDoc,ResNet-50,20260614,50,0.07295,0.15045,76.1325,0.8323,0.98,0.8541
run_20260614_CUB-200-2011_ResNet-50,CUB-200-2011,ResNet-50,20260614,51,0.06615,0.13152,82.2617,0.8563,0.7864,0.8562
run_20260614_PlantVillage_EfficientNet-B3,PlantVillage,EfficientNet-B3,20260614,52,0.05581,0.05734,97.3433,0.8502,0.02,0.8007
run_20260614_PlantDoc_EfficientNet-B3,PlantDoc,EfficientNet-B3,20260614,53,0.06859,0.12473,79.5822,0.8438,0.8846,0.8531
run_20260614_CUB-200-2011_EfficientNet-B3,CUB-200-2011,EfficientNet-B3,20260614,54,0.05487,0.11495,85.581,0.8761,0.6174,0.8718
run_20260614_PlantVillage_ConvNeXt-Tiny,PlantVillage,ConvNeXt-Tiny,20260614,55,0.05549,0.06821,98.0446,0.8831,0.0717,0.8583
run_20260614_PlantDoc_ConvNeXt-Tiny,PlantDoc,ConvNeXt-Tiny,20260614,56,0.0526,0.13323,81.7236,0.8677,0.7249,0.8614
run_20260614_CUB-200-2011_ConvNeXt-Tiny,CUB-200-2011,ConvNeXt-Tiny,20260614,57,0.06344,0.10474,86.8657,0.8902,0.4793,0.8381
run_20260614_PlantVillage_Swin-Tiny,PlantVillage,Swin-Tiny,20260614,58,0.0676,0.05758,97.9103,0.9168,0.1416,0.855
run_20260614_PlantDoc_Swin-Tiny,PlantDoc,Swin-Tiny,20260614,59,0.05457,0.08156,81.1106,0.8815,0.7224,0.8675
run_20260614_CUB-200-2011_Swin-Tiny,CUB-200-2011,Swin-Tiny,20260614,60,0.0369,0.05983,87.4709,0.8722,0.5196,0.8532
run_20260614_PlantVillage_ConvNeXtplusARM,PlantVillage,ConvNeXt+ARM,20260614,1,1.6905,1.8326,85.9085,0.7582,0.6725,0.8385
run_20260614_PlantDoc_ConvNeXtplusARM,PlantDoc,ConvNeXt+ARM,20260614,2,1.5902,1.7413,72.8532,0.732,0.98,0.8254
run_20260614_CUB-200-2011_ConvNeXtplusARM,CUB-200-2011,ConvNeXt+ARM,20260614,3,1.4742,1.6437,77.6327,0.745,0.9007,0.81
run_20260614_PlantVillage_UAMP-Net,PlantVillage,UAMP-Net,20260614,4,1.38912,1.52123,89.1537,0.8068,0.498,0.848
run_20260614_PlantDoc_UAMP-Net,PlantDoc,UAMP-Net,20260614,5,1.32501,1.46567,77.89,0.8147,0.8753,0.8522
run_20260614_CUB-200-2011_UAMP-Net,CUB-200-2011,UAMP-Net,20260614,6,1.22668,1.35021,81.1988,0.8124,0.7605,0.8498
run_20260601_PlantVillage_ResNet-50,PlantVillage,ResNet-50,20260601,7,1.17373,1.27335,88.4964,0.7517,0.4978,0.8218
run_20260601_PlantDoc_ResNet-50,PlantDoc,ResNet-50,20260601,8,1.07595,1.25707,68.8186,0.7594,0.98,0.8633
run_20260601_CUB-200-2011_ResNet-50,CUB-200-2011,ResNet-50,20260601,9,1.00168,1.16404,77.0392,0.7788,0.9271,0.8337
run_20260601_PlantVillage_EfficientNet-B3,PlantVillage,EfficientNet-B3,20260601,10,0.92237,1.03223,91.2682,0.7576,0.521,0.8306
run_20260601_PlantDoc_EfficientNet-B3,PlantDoc,EfficientNet-B3,20260601,11,0.92021,1.01466,74.6112,0.7637,0.98,0.8266
run_20260601_CUB-200-2011_EfficientNet-B3,CUB-200-2011,EfficientNet-B3,20260601,12,0.85491,0.93155,80.2773,0.7529,0.8224,0.8335
run_20260601_PlantVillage_ConvNeXt-Tiny,PlantVillage,ConvNeXt-Tiny,20260601,13,0.80124,0.83326,93.1457,0.7913,0.31,0.8576
run_20260601_PlantDoc_ConvNeXt-Tiny,PlantDoc,ConvNeXt-Tiny,20260601,14,0.74935,0.8573,77.2909,0.7396,0.9345,0.866
run_20260601_CUB-200-2011_ConvNeXt-Tiny,CUB-200-2011,ConvNeXt-Tiny,20260601,15,0.69717,0.81125,81.9129,0.7655,0.6947,0.8307
run_20260601_PlantVillage_Swin-Tiny,PlantVillage,Swin-Tiny,20260601,16,0.6573,0.66974,94.2713,0.7757,0.1864,0.8147
run_20260601_PlantDoc_Swin-Tiny,PlantDoc,Swin-Tiny,20260601,17,0.6117,0.7246,78.2305,0.7371,0.8775,0.8689
run_20260601_CUB-200-2011_Swin-Tiny,CUB-200-2011,Swin-Tiny,20260601,18,0.57034,0.66987,84.6031,0.799,0.6532,0.861
run_20260601_PlantVillage_ConvNeXtplusARM,PlantVillage,ConvNeXt+ARM,20260601,19,0.53619,0.57689,95.5611,0.7918,0.2194,0.8683
run_20260601_PlantDoc_ConvNeXtplusARM,PlantDoc,ConvNeXt+ARM,20260601,20,0.50168,0.57833,81.7948,0.7898,0.8251,0.8103
run_20260601_CUB-200-2011_ConvNeXtplusARM,CUB-200-2011,ConvNeXt+ARM,20260601,21,0.47024,0.56744,86.2137,0.8007,0.6462,0.8383
run_20260601_PlantVillage_UAMP-Net,PlantVillage,UAMP-Net,20260601,22,0.44337,0.46953,96.762,0.87,0.1372,0.8709
run_20260601_PlantDoc_UAMP-Net,PlantDoc,UAMP-Net,20260601,23,0.43019,0.49275,84.1018,0.8599,0.6713,0.8753
run_20260601_CUB-200-2011_UAMP-Net,CUB-200-2011,UAMP-Net,20260601,24,0.40454,0.45165,87.8578,0.8374,0.4274,0.8355
run_20260607_PlantVillage_ResNet-50,PlantVillage,ResNet-50,20260607,25,0.37494,0.41157,94.665,0.7859,0.2442,0.878
run_20260607_PlantDoc_ResNet-50,PlantDoc,ResNet-50,20260607,26,0.34728,0.4605,74.7666,0.7681,0.98,0.8599
run_20260607_CUB-200-2011_ResNet-50,CUB-200-2011,ResNet-50,20260607,27,0.32441,0.41207,80.563,0.8273,0.7795,0.894
run_20260607_PlantVillage_EfficientNet-B3,PlantVillage,EfficientNet-B3,20260607,28,0.33264,0.3358,96.1756,0.787,0.1645,0.8361
run_20260607_PlantDoc_EfficientNet-B3,PlantDoc,EfficientNet-B3,20260607,29,0.28164,0.36575,78.7758,0.7731,0.8882,0.8331
run_20260607_CUB-200-2011_EfficientNet-B3,CUB-200-2011,EfficientNet-B3,20260607,30,0.25326,0.30923,83.7622,0.7895,0.6353,0.8281
run_20260607_PlantVillage_ConvNeXt-Tiny,PlantVillage,ConvNeXt-Tiny,20260607,31,0.24368,0.29456,97.1152,0.8049,0.0854,0.849
run_20260607_PlantDoc_ConvNeXt-Tiny,PlantDoc,ConvNeXt-Tiny,20260607,32,0.27523,0.26404,80.6677,0.8063,0.8805,0.841
run_20260607_CUB-200-2011_ConvNeXt-Tiny,CUB-200-2011,ConvNeXt-Tiny,20260607,33,0.23763,0.29555,86.1392,0.7884,0.608,0.8451
run_20260607_PlantVillage_Swin-Tiny,PlantVillage,Swin-Tiny,20260607,34,0.24695,0.21943,97.0404,0.8847,0.021,0.848
run_20260607_PlantDoc_Swin-Tiny,PlantDoc,Swin-Tiny,20260607,35,0.18146,0.27701,80.8994,0.7997,0.7186,0.8775
run_20260607_CUB-200-2011_Swin-Tiny,CUB-200-2011,Swin-Tiny,20260607,36,0.19148,0.21672,86.9899,0.8424,0.5218,0.8653
run_20260607_PlantVillage_ConvNeXtplusARM,PlantVillage,ConvNeXt+ARM,20260607,37,0.16682,0.19302,97.6758,0.847,0.0553,0.8413
run_20260607_PlantDoc_ConvNeXtplusARM,PlantDoc,ConvNeXt+ARM,20260607,38,0.17451,0.23958,83.3057,0.8119,0.6728,0.8778
run_20260607_CUB-200-2011_ConvNeXtplusARM,CUB-200-2011,ConvNeXt+ARM,20260607,39,0.16391,0.18977,86.9593,0.806,0.5425,0.8677
run_20260607_PlantVillage_UAMP-Net,PlantVillage,UAMP-Net,20260607,40,0.18289,0.14229,98.4517,0.8997,0.0531,0.8322
run_20260607_PlantDoc_UAMP-Net,PlantDoc,UAMP-Net,20260607,41,0.12791,0.19688,85.9554,0.899,0.5797,0.7738
run_20260607_CUB-200-2011_UAMP-Net,CUB-200-2011,UAMP-Net,20260607,42,0.12051,0.17271,89.0698,0.8878,0.4635,0.8347
run_20260614_PlantVillage_ResNet-50,PlantVillage,ResNet-50,20260614,43,0.13462,0.14857,96.0835,0.8868,0.1894,0.8579
run_20260614_PlantDoc_ResNet-50,PlantDoc,ResNet-50,20260614,44,0.11926,0.22478,75.4775,0.8381,0.98,0.84
run_20260614_CUB-200-2011_ResNet-50,CUB-200-2011,ResNet-50,20260614,45,0.10614,0.20086,82.4218,0.8794,0.6504,0.8465
run_20260614_PlantVillage_EfficientNet-B3,PlantVillage,EfficientNet-B3,20260614,46,0.10751,0.11853,97.3645,0.8307,0.1549,0.8331
run_20260614_PlantDoc_EfficientNet-B3,PlantDoc,EfficientNet-B3,20260614,47,0.08794,0.12917,79.9557,0.833,0.8496,0.8396
run_20260614_CUB-200-2011_EfficientNet-B3,CUB-200-2011,EfficientNet-B3,20260614,48,0.09481,0.13842,84.9317,0.8268,0.6069,0.863
run_20260614_PlantVillage_ConvNeXt-Tiny,PlantVillage,ConvNeXt-Tiny,20260614,49,0.08554,0.0727,98.0632,0.8281,0.0867,0.8398
run_20260614_PlantDoc_ConvNeXt-Tiny,PlantDoc,ConvNeXt-Tiny,20260614,50,0.07278,0.15278,81.9016,0.8353,0.7698,0.8286
run_20260614_CUB-200-2011_ConvNeXt-Tiny,CUB-200-2011,ConvNeXt-Tiny,20260614,51,0.10119,0.12206,86.4104,0.8413,0.5813,0.868
run_20260614_PlantVillage_Swin-Tiny,PlantVillage,Swin-Tiny,20260614,52,0.06286,0.07417,97.7366,0.8293,0.02,0.8441
run_20260614_PlantDoc_Swin-Tiny,PlantDoc,Swin-Tiny,20260614,53,0.06979,0.13449,81.0947,0.8296,0.8223,0.8715
run_20260614_CUB-200-2011_Swin-Tiny,CUB-200-2011,Swin-Tiny,20260614,54,0.06785,0.13594,88.4257,0.8582,0.5251,0.8425
run_20260614_PlantVillage_ConvNeXtplusARM,PlantVillage,ConvNeXt+ARM,20260614,55,0.06531,0.08304,98.4871,0.8599,0.0443,0.8537
run_20260614_PlantDoc_ConvNeXtplusARM,PlantDoc,ConvNeXt+ARM,20260614,56,0.03586,0.11895,83.6655,0.8221,0.7252,0.8247
run_20260614_CUB-200-2011_ConvNeXtplusARM,CUB-200-2011,ConvNeXt+ARM,20260614,57,0.05226,0.09424,88.672,0.8723,0.5118,0.8448
run_20260614_PlantVillage_UAMP-Net,PlantVillage,UAMP-Net,20260614,58,0.01711,0.05957,99.1665,0.9153,0.0864,0.8629
run_20260614_PlantDoc_UAMP-Net,PlantDoc,UAMP-Net,20260614,59,0.05434,0.0983,87.7261,0.9374,0.535,0.8578
run_20260614_CUB-200-2011_UAMP-Net,CUB-200-2011,UAMP-Net,20260614,60,0.0583,0.0709,89.2279,0.9483,0.4564,0.8168
run_20260601_PlantVillage_ResNet-50,PlantVillage,ResNet-50,20260601,1,1.6929,1.84228,84.2273,0.759,0.6034,0.839
run_20260601_PlantDoc_ResNet-50,PlantDoc,ResNet-50,20260601,2,1.57965,1.79703,64.2323,0.7738,0.98,0.8851
run_20260601_CUB-200-2011_ResNet-50,CUB-200-2011,ResNet-50,20260601,3,1.48352,1.67493,71.8831,0.7671,0.98,0.8767
run_20260601_PlantVillage_EfficientNet-B3,PlantVillage,EfficientNet-B3,20260601,4,1.42007,1.54214,87.44,0.7526,0.4974,0.8457
run_20260601_PlantDoc_EfficientNet-B3,PlantDoc,EfficientNet-B3,20260601,5,1.32241,1.48492,70.4319,0.8087,0.98,0.8729
run_20260601_CUB-200-2011_EfficientNet-B3,CUB-200-2011,EfficientNet-B3,20260601,6,1.25703,1.37809,76.6688,0.7946,0.9565,0.869
run_20260601_PlantVillage_ConvNeXt-Tiny,PlantVillage,ConvNeXt-Tiny,20260601,7,1.15875,1.23396,90.0405,0.7742,0.5111,0.8571
run_20260601_PlantDoc_ConvNeXt-Tiny,PlantDoc,ConvNeXt-Tiny,20260601,8,1.09747,1.22809,74.7906,0.7802,0.98,0.83
run_20260601_CUB-200-2011_ConvNeXt-Tiny,CUB-200-2011,ConvNeXt-Tiny,20260601,9,1.04583,1.13236,79.8286,0.7566,0.7749,0.8972
run_20260601_PlantVillage_Swin-Tiny,PlantVillage,Swin-Tiny,20260601,10,0.96032,1.02212,91.697,0.7586,0.3364,0.8566
run_20260601_PlantDoc_Swin-Tiny,PlantDoc,Swin-Tiny,20260601,11,0.91457,1.00744,76.1372,0.7919,0.98,0.8454
run_20260601_CUB-200-2011_Swin-Tiny,CUB-200-2011,Swin-Tiny,20260601,12,0.86458,0.95233,82.4806,0.7723,0.7002,0.8652
run_20260601_PlantVillage_ConvNeXtplusARM,PlantVillage,ConvNeXt+ARM,20260601,13,0.79792,0.86631,93.3549,0.7612,0.2642,0.8636
run_20260601_PlantDoc_ConvNeXtplusARM,PlantDoc,ConvNeXt+ARM,20260601,14,0.74101,0.81556,80.4778,0.7901,0.7946,0.8257
run_20260601_CUB-200-2011_ConvNeXtplusARM,CUB-200-2011,ConvNeXt+ARM,20260601,15,0.69284,0.77807,83.8503,0.7791,0.6402,0.8598
run_20260601_PlantVillage_UAMP-Net,PlantVillage,UAMP-Net,20260601,16,0.67401,0.69864,95.2038,0.8321,0.1961,0.8186
run_20260601_PlantDoc_UAMP-Net,PlantDoc,UAMP-Net,20260601,17,0.61398,0.73439,83.588,0.8424,0.7304,0.85
run_20260601_CUB-200-2011_UAMP-Net,CUB-200-2011,UAMP-Net,20260601,18,0.59998,0.64336,86.3964,0.85,0.5746,0.8834
run_20260607_PlantVillage_ResNet-50,PlantVillage,ResNet-50,20260607,19,0.53682,0.58009,93.429,0.765,0.3222,0.839
run_20260607_PlantDoc_ResNet-50,PlantDoc,ResNet-50,20260607,20,0.5634,0.61255,73.6426,0.7988,0.98,0.8612
run_20260607_CUB-200-2011_ResNet-50,CUB-200-2011,ResNet-50,20260607,21,0.48814,0.5777,79.9262,0.8016,0.8359,0.8306
run_20260607_PlantVillage_EfficientNet-B3,PlantVillage,EfficientNet-B3,20260607,22,0.42599,0.47838,95.0767,0.7809,0.1682,0.8608
run_20260607_PlantDoc_EfficientNet-B3,PlantDoc,EfficientNet-B3,20260607,23,0.40029,0.51231,77.7015,0.8254,0.9091,0.8683
run_20260607_CUB-200-2011_EfficientNet-B3,CUB-200-2011,EfficientNet-B3,20260607,24,0.39169,0.44933,82.3057,0.8078,0.7586,0.8636
run_20260607_PlantVillage_ConvNeXt-Tiny,PlantVillage,ConvNeXt-Tiny,20260607,25,0.37751,0.3995,96.0925,0.793,0.2099,0.8353
run_20260607_PlantDoc_ConvNeXt-Tiny,PlantDoc,ConvNeXt-Tiny,20260607,26,0.34559,0.41745,80.4337,0.7917,0.8401,0.8586
run_20260607_CUB-200-2011_ConvNeXt-Tiny,CUB-200-2011,ConvNeXt-Tiny,20260607,27,0.3232,0.41014,84.8319,0.8239,0.7263,0.8704
run_20260607_PlantVillage_Swin-Tiny,PlantVillage,Swin-Tiny,20260607,28,0.35072,0.34952,96.6322,0.814,0.0256,0.8331
run_20260607_PlantDoc_Swin-Tiny,PlantDoc,Swin-Tiny,20260607,29,0.29114,0.36234,80.8446,0.7814,0.7978,0.8823
run_20260607_CUB-200-2011_Swin-Tiny,CUB-200-2011,Swin-Tiny,20260607,30,0.27778,0.28861,86.2603,0.7964,0.6171,0.8553
run_20260607_PlantVillage_ConvNeXtplusARM,PlantVillage,ConvNeXt+ARM,20260607,31,0.24788,0.25877,97.2426,0.7862,0.077,0.8656
run_20260607_PlantDoc_ConvNeXtplusARM,PlantDoc,ConvNeXt+ARM,20260607,32,0.27397,0.31344,82.5772,0.8189,0.7595,0.8329
run_20260607_CUB-200-2011_ConvNeXtplusARM,CUB-200-2011,ConvNeXt+ARM,20260607,33,0.2526,0.26624,86.3351,0.7927,0.5408,0.8787
run_20260607_PlantVillage_UAMP-Net,PlantVillage,UAMP-Net,20260607,34,0.21447,0.22779,97.937,0.845,0.0494,0.8446
run_20260607_PlantDoc_UAMP-Net,PlantDoc,UAMP-Net,20260607,35,0.21666,0.27445,86.0137,0.8926,0.5374,0.878
run_20260607_CUB-200-2011_UAMP-Net,CUB-200-2011,UAMP-Net,20260607,36,0.17484,0.2437,88.4398,0.8929,0.5636,0.807
run_20260614_PlantVillage_ResNet-50,PlantVillage,ResNet-50,20260614,37,0.18912,0.17544,95.8785,0.8159,0.1472,0.8308
run_20260614_PlantDoc_ResNet-50,PlantDoc,ResNet-50,20260614,38,0.16364,0.25479,75.2081,0.8339,0.9754,0.8299
run_20260614_CUB-200-2011_ResNet-50,CUB-200-2011,ResNet-50,20260614,39,0.16757,0.23258,82.0692,0.8645,0.7717,0.8726
run_20260614_PlantVillage_EfficientNet-B3,PlantVillage,EfficientNet-B3,20260614,40,0.11427,0.14916,96.968,0.8406,0.02,0.8436
run_20260614_PlantDoc_EfficientNet-B3,PlantDoc,EfficientNet-B3,20260614,41,0.13314,0.19155,79.4783,0.8152,0.9303,0.8736
run_20260614_CUB-200-2011_EfficientNet-B3,CUB-200-2011,EfficientNet-B3,20260614,42,0.13918,0.20308,84.9148,0.8483,0.6294,0.8392
run_20260614_PlantVillage_ConvNeXt-Tiny,PlantVillage,ConvNeXt-Tiny,20260614,43,0.11451,0.10965,97.5671,0.8571,0.1607,0.8712
run_20260614_PlantDoc_ConvNeXt-Tiny,PlantDoc,ConvNeXt-Tiny,20260614,44,0.12578,0.18341,81.4258,0.8266,0.7979,0.8733
run_20260614_CUB-200-2011_ConvNeXt-Tiny,CUB-200-2011,ConvNeXt-Tiny,20260614,45,0.11609,0.17555,85.8978,0.8355,0.5443,0.8695
run_20260614_PlantVillage_Swin-Tiny,PlantVillage,Swin-Tiny,20260614,46,0.09921,0.13703,97.8135,0.8496,0.0812,0.8488
run_20260614_PlantDoc_Swin-Tiny,PlantDoc,Swin-Tiny,20260614,47,0.10855,0.16971,81.6072,0.8522,0.8303,0.8564
run_20260614_CUB-200-2011_Swin-Tiny,CUB-200-2011,Swin-Tiny,20260614,48,0.07648,0.14105,86.3044,0.8415,0.5671,0.8267
run_20260614_PlantVillage_ConvNeXtplusARM,PlantVillage,ConvNeXt+ARM,20260614,49,0.08691,0.06676,98.2588,0.87,0.1196,0.8734
run_20260614_PlantDoc_ConvNeXtplusARM,PlantDoc,ConvNeXt+ARM,20260614,50,0.11012,0.13331,83.2814,0.8564,0.6965,0.8698
run_20260614_CUB-200-2011_ConvNeXtplusARM,CUB-200-2011,ConvNeXt+ARM,20260614,51,0.07986,0.1556,87.603,0.8453,0.5343,0.8602
run_20260614_PlantVillage_UAMP-Net,PlantVillage,UAMP-Net,20260614,52,0.09646,0.08537,98.7155,0.9287,0.02,0.8215
run_20260614_PlantDoc_UAMP-Net,PlantDoc,UAMP-Net,20260614,53,0.04918,0.14915,86.0721,0.9357,0.5735,0.8534
run_20260614_CUB-200-2011_UAMP-Net,CUB-200-2011,UAMP-Net,20260614,54,0.0526,0.09616,90.0665,0.918,0.521,0.8311
run_20260601_PlantVillage_ResNet-50,PlantVillage,ResNet-50,20260601,55,0.06405,0.05999,96.4795,0.8552,0.1465,0.8874
run_20260601_PlantDoc_ResNet-50,PlantDoc,ResNet-50,20260601,56,0.04545,0.10127,75.9679,0.8512,0.98,0.8566
run_20260601_CUB-200-2011_ResNet-50,CUB-200-2011,ResNet-50,20260601,57,0.07227,0.12642,82.8196,0.8903,0.7695,0.8302
run_20260601_PlantVillage_EfficientNet-B3,PlantVillage,EfficientNet-B3,20260601,58,0.0464,0.06011,97.0393,0.84,0.0817,0.8484
run_20260601_PlantDoc_EfficientNet-B3,PlantDoc,EfficientNet-B3,20260601,59,0.04043,0.10512,79.9052,0.8353,0.8395,0.8361
run_20260601_CUB-200-2011_EfficientNet-B3,CUB-200-2011,EfficientNet-B3,20260601,60,0.04075,0.10098,85.8163,0.867,0.6514,0.8555
run_20260601_PlantVillage_ConvNeXt-Tiny,PlantVillage,ConvNeXt-Tiny,20260601,1,1.67055,1.82736,86.0688,0.7542,0.5648,0.8231
run_20260601_PlantDoc_ConvNeXt-Tiny,PlantDoc,ConvNeXt-Tiny,20260601,2,1.57686,1.79266,70.6285,0.7836,0.98,0.8513
run_20260601_CUB-200-2011_ConvNeXt-Tiny,CUB-200-2011,ConvNeXt-Tiny,20260601,3,1.4976,1.70198,75.7259,0.7429,0.98,0.8341
run_20260601_PlantVillage_Swin-Tiny,PlantVillage,Swin-Tiny,20260601,4,1.39894,1.52315,88.4348,0.7867,0.4826,0.8511
run_20260601_PlantDoc_Swin-Tiny,PlantDoc,Swin-Tiny,20260601,5,1.32305,1.4781,72.6342,0.7226,0.98,0.8605
run_20260601_CUB-200-2011_Swin-Tiny,CUB-200-2011,Swin-Tiny,20260601,6,1.23373,1.36434,79.0182,0.7706,0.8856,0.8504
run_20260601_PlantVillage_ConvNeXtplusARM,PlantVillage,ConvNeXt+ARM,20260601,7,1.14398,1.25046,90.886,0.7569,0.4206,0.8042
run_20260601_PlantDoc_ConvNeXtplusARM,PlantDoc,ConvNeXt+ARM,20260601,8,1.0897,1.21747,76.3412,0.7594,0.98,0.8088
run_20260601_CUB-200-2011_ConvNeXtplusARM,CUB-200-2011,ConvNeXt+ARM,20260601,9,1.01238,1.13025,81.4212,0.7551,0.7532,0.888
run_20260601_PlantVillage_UAMP-Net,PlantVillage,UAMP-Net,20260601,10,0.96152,1.02172,92.4137,0.7885,0.3559,0.8252
run_20260601_PlantDoc_UAMP-Net,PlantDoc,UAMP-Net,20260601,11,0.91495,0.98101,81.2213,0.8098,0.7802,0.8758
run_20260601_CUB-200-2011_UAMP-Net,CUB-200-2011,UAMP-Net,20260601,12,0.86113,0.92479,84.0055,0.8703,0.759,0.8331
run_20260607_PlantVillage_ResNet-50,PlantVillage,ResNet-50,20260607,13,0.80065,0.83419,91.4684,0.7554,0.3542,0.8882
run_20260607_PlantDoc_ResNet-50,PlantDoc,ResNet-50,20260607,14,0.76591,0.84791,72.4247,0.7832,0.98,0.8856
run_20260607_CUB-200-2011_ResNet-50,CUB-200-2011,ResNet-50,20260607,15,0.68561,0.82554,78.086,0.7491,0.8464,0.8162
run_20260607_PlantVillage_EfficientNet-B3,PlantVillage,EfficientNet-B3,20260607,16,0.6528,0.70487,93.0804,0.7876,0.2648,0.8443
run_20260607_PlantDoc_EfficientNet-B3,PlantDoc,EfficientNet-B3,20260607,17,0.63512,0.74037,76.8102,0.7931,0.98,0.8387
run_20260607_CUB-200-2011_EfficientNet-B3,CUB-200-2011,EfficientNet-B3,20260607,18,0.59327,0.67852,82.7511,0.7952,0.6957,0.8395
run_20260607_PlantVillage_ConvNeXt-Tiny,PlantVillage,ConvNeXt-Tiny,20260607,19,0.55189,0.55625,94.9897,0.7403,0.2003,0.8602
run_20260607_PlantDoc_ConvNeXt-Tiny,PlantDoc,ConvNeXt-Tiny,20260607,20,0.52494,0.607,79.1389,0.7849,0.9365,0.8368
run_20260607_CUB-200-2011_ConvNeXt-Tiny,CUB-200-2011,ConvNeXt-Tiny,20260607,21,0.47813,0.54514,83.9063,0.7958,0.68,0.8727
run_20260607_PlantVillage_Swin-Tiny,PlantVillage,Swin-Tiny,20260607,22,0.46667,0.48362,95.966,0.7955,0.167,0.8656
run_20260607_PlantDoc_Swin-Tiny,PlantDoc,Swin-Tiny,20260607,23,0.42237,0.51823,78.8951,0.789,0.9312,0.8702
run_20260607_CUB-200-2011_Swin-Tiny,CUB-200-2011,Swin-Tiny,20260607,24,0.38984,0.45509,85.4734,0.8084,0.6302,0.8671
run_20260607_PlantVillage_ConvNeXtplusARM,PlantVillage,ConvNeXt+ARM,20260607,25,0.38455,0.41461,96.2006,0.8146,0.109,0.8514
run_20260607_PlantDoc_ConvNeXtplusARM,PlantDoc,ConvNeXt+ARM,20260607,26,0.38249,0.42928,82.1387,0.821,0.7904,0.8386
run_20260607_CUB-200-2011_ConvNeXtplusARM,CUB-200-2011,ConvNeXt+ARM,20260607,27,0.34347,0.37452,86.5485,0.8075,0.572,0.8424
run_20260607_PlantVillage_UAMP-Net,PlantVillage,UAMP-Net,20260607,28,0.31307,0.31738,97.4895,0.874,0.0998,0.8477
run_20260607_PlantDoc_UAMP-Net,PlantDoc,UAMP-Net,20260607,29,0.27515,0.31849,85.4903,0.8634,0.5436,0.811
run_20260607_CUB-200-2011_UAMP-Net,CUB-200-2011,UAMP-Net,20260607,30,0.25217,0.32309,87.5177,0.8563,0.4938,0.8982
run_20260614_PlantVillage_ResNet-50,PlantVillage,ResNet-50,20260614,31,0.28156,0.30982,95.3665,0.8052,0.2239,0.8814
run_20260614_PlantDoc_ResNet-50,PlantDoc,ResNet-50,20260614,32,0.24972,0.32494,75.8275,0.783,0.978,0.8564
run_20260614_CUB-200-2011_ResNet-50,CUB-200-2011,ResNet-50,20260614,33,0.21523,0.26194,81.3082,0.8186,0.7895,0.8547
run_20260614_PlantVillage_EfficientNet-B3,PlantVillage,EfficientNet-B3,20260614,34,0.20968,0.18733,96.3635,0.817,0.1763,0.8342
run_20260614_PlantDoc_EfficientNet-B3,PlantDoc,EfficientNet-B3,20260614,35,0.1868,0.29699,79.5407,0.8103,0.9233,0.8392
run_20260614_CUB-200-2011_EfficientNet-B3,CUB-200-2011,EfficientNet-B3,20260614,36,0.18426,0.26814,84.2582,0.8296,0.7161,0.839
run_20260614_PlantVillage_ConvNeXt-Tiny,PlantVillage,ConvNeXt-Tiny,20260614,37,0.15747,0.19272,97.2679,0.8254,0.1855,0.8516
run_20260614_PlantDoc_ConvNeXt-Tiny,PlantDoc,ConvNeXt-Tiny,20260614,38,0.14308,0.27261,81.458,0.8172,0.839,0.8764
run_20260614_CUB-200-2011_ConvNeXt-Tiny,CUB-200-2011,ConvNeXt-Tiny,20260614,39,0.14601,0.22008,86.2632,0.8504,0.592,0.7993
run_20260614_PlantVillage_Swin-Tiny,PlantVillage,Swin-Tiny,20260614,40,0.13425,0.17993,97.4929,0.819,0.1827,0.852
run_20260614_PlantDoc_Swin-Tiny,PlantDoc,Swin-Tiny,20260614,41,0.14455,0.18935,81.5732,0.8403,0.7912,0.8291
run_20260614_CUB-200-2011_Swin-Tiny,CUB-200-2011,Swin-Tiny,20260614,42,0.11693,0.16825,86.7904,0.8383,0.6298,0.8488
run_20260614_PlantVillage_ConvNeXtplusARM,PlantVillage,ConvNeXt+ARM,20260614,43,0.12722,0.09852,97.8658,0.7987,0.0942,0.8602
run_20260614_PlantDoc_ConvNeXtplusARM,PlantDoc,ConvNeXt+ARM,20260614,44,0.11788,0.20782,83.7928,0.8285,0.5962,0.8622
run_20260614_CUB-200-2011_ConvNeXtplusARM,CUB-200-2011,ConvNeXt+ARM,20260614,45,0.11011,0.14909,87.4247,0.8421,0.5755,0.841
run_20260614_PlantVillage_UAMP-Net,PlantVillage,UAMP-Net,20260614,46,0.09341,0.11778,98.7464,0.8841,0.0948,0.8427
run_20260614_PlantDoc_UAMP-Net,PlantDoc,UAMP-Net,20260614,47,0.09568,0.13394,86.7512,0.9532,0.5212,0.8447
run_20260614_CUB-200-2011_UAMP-Net,CUB-200-2011,UAMP-Net,20260614,48,0.08123,0.10984,89.2399,0.9356,0.489,0.8465
run_20260601_PlantVillage_ResNet-50,PlantVillage,ResNet-50,20260601,49,0.09036,0.09033,96.2836,0.8756,0.1893,0.8365
run_20260601_PlantDoc_ResNet-50,PlantDoc,ResNet-50,20260601,50,0.07623,0.13749,75.6159,0.8235,0.98,0.8857
run_20260601_CUB-200-2011_ResNet-50,CUB-200-2011,ResNet-50,20260601,51,0.06313,0.10732,82.6943,0.8516,0.7481,0.8537
run_20260601_PlantVillage_EfficientNet-B3,PlantVillage,EfficientNet-B3,20260601,52,0.06627,0.11143,97.3755,0.8412,0.1469,0.8402
run_20260601_PlantDoc_EfficientNet-B3,PlantDoc,EfficientNet-B3,20260601,53,0.05631,0.12343,79.3594,0.8768,0.8911,0.8736
run_20260601_CUB-200-2011_EfficientNet-B3,CUB-200-2011,EfficientNet-B3,20260601,54,0.06888,0.11012,84.5771,0.8243,0.6333,0.8306
run_20260601_PlantVillage_ConvNeXt-Tiny,PlantVillage,ConvNeXt-Tiny,20260601,55,0.04937,0.07047,97.9291,0.8626,0.0757,0.8782
run_20260601_PlantDoc_ConvNeXt-Tiny,PlantDoc,ConvNeXt-Tiny,20260601,56,0.06951,0.13751,82.1441,0.8923,0.7366,0.8458
run_20260601_CUB-200-2011_ConvNeXt-Tiny,CUB-200-2011,ConvNeXt-Tiny,20260601,57,0.06372,0.11177,86.5783,0.8333,0.592,0.8347
run_20260601_PlantVillage_Swin-Tiny,PlantVillage,Swin-Tiny,20260601,58,0.07285,0.05502,97.7488,0.8708,0.08,0.8809
run_20260601_PlantDoc_Swin-Tiny,PlantDoc,Swin-Tiny,20260601,59,0.0421,0.11374,81.8078,0.8779,0.6476,0.8595
run_20260601_CUB-200-2011_Swin-Tiny,CUB-200-2011,Swin-Tiny,20260601,60,0.03962,0.10276,87.3224,0.867,0.4387,0.8591
run_20260601_PlantVillage_ConvNeXtplusARM,PlantVillage,ConvNeXt+ARM,20260601,1,1.70656,1.80846,86.2533,0.7231,0.6185,0.8371
run_20260601_PlantDoc_ConvNeXtplusARM,PlantDoc,ConvNeXt+ARM,20260601,2,1.60059,1.72799,72.8253,0.7132,0.98,0.8689
run_20260601_CUB-200-2011_ConvNeXtplusARM,CUB-200-2011,ConvNeXt+ARM,20260601,3,1.52499,1.66187,77.3663,0.7764,0.8902,0.8659
run_20260601_PlantVillage_UAMP-Net,PlantVillage,UAMP-Net,20260601,4,1.40003,1.5082,89.1326,0.812,0.377,0.826
run_20260601_PlantDoc_UAMP-Net,PlantDoc,UAMP-Net,20260601,5,1.31289,1.45453,77.4063,0.8165,0.8807,0.854
run_20260601_CUB-200-2011_UAMP-Net,CUB-200-2011,UAMP-Net,20260601,6,1.24079,1.34416,81.1325,0.8207,0.7986,0.8528
run_20260607_PlantVillage_ResNet-50,PlantVillage,ResNet-50,20260607,7,1.13516,1.25212,88.7405,0.7537,0.4375,0.854
run_20260607_PlantDoc_ResNet-50,PlantDoc,ResNet-50,20260607,8,1.08767,1.21782,68.6021,0.7848,0.98,0.8592
run_20260607_CUB-200-2011_ResNet-50,CUB-200-2011,ResNet-50,20260607,9,1.0393,1.16497,76.0083,0.801,0.9232,0.8267
run_20260607_PlantVillage_EfficientNet-B3,PlantVillage,EfficientNet-B3,20260607,10,0.94539,1.01972,91.0696,0.7543,0.4679,0.8549
run_20260607_PlantDoc_EfficientNet-B3,PlantDoc,EfficientNet-B3,20260607,11,0.89845,1.04081,74.0104,0.7676,0.98,0.831
run_20260607_CUB-200-2011_EfficientNet-B3,CUB-200-2011,EfficientNet-B3,20260607,12,0.84068,0.91656,80.3765,0.7695,0.8008,0.841
run_20260607_PlantVillage_ConvNeXt-Tiny,PlantVillage,ConvNeXt-Tiny,20260607,13,0.8051,0.82179,93.2303,0.7991,0.208,0.8297
run_20260607_PlantDoc_ConvNeXt-Tiny,PlantDoc,ConvNeXt-Tiny,20260607,14,0.76211,0.84364,77.778,0.7724,0.9276,0.8054
run_20260607_CUB-200-2011_ConvNeXt-Tiny,CUB-200-2011,ConvNeXt-Tiny,20260607,15,0.71194,0.82684,82.1555,0.772,0.7562,0.8506
run_20260607_PlantVillage_Swin-Tiny,PlantVillage,Swin-Tiny,20260607,16,0.64496,0.7089,94.1679,0.7815,0.2949,0.8465
run_20260607_PlantDoc_Swin-Tiny,PlantDoc,Swin-Tiny,20260607,17,0.64842,0.69558,77.9485,0.7851,0.9271,0.8679
run_20260607_CUB-200-2011_Swin-Tiny,CUB-200-2011,Swin-Tiny,20260607,18,0.59418,0.67983,84.2696,0.7777,0.6618,0.8762
run_20260607_PlantVillage_ConvNeXtplusARM,PlantVillage,ConvNeXt+ARM,20260607,19,0.5444,0.56511,95.5829,0.8347,0.2433,0.8661
run_20260607_PlantDoc_ConvNeXtplusARM,PlantDoc,ConvNeXt+ARM,20260607,20,0.5162,0.58069,81.0192,0.8013,0.8033,0.8154
run_20260607_CUB-200-2011_ConvNeXtplusARM,CUB-200-2011,ConvNeXt+ARM,20260607,21,0.47712,0.53096,85.4102,0.8041,0.6258,0.8292
run_20260607_PlantVillage_UAMP-Net,PlantVillage,UAMP-Net,20260607,22,0.46608,0.46323,96.3008,0.8524,0.1432,0.8628
run_20260607_PlantDoc_UAMP-Net,PlantDoc,UAMP-Net,20260607,23,0.43245,0.48445,84.5619,0.8524,0.6214,0.8803
run_20260607_CUB-200-2011_UAMP-Net,CUB-200-2011,UAMP-Net,20260607,24,0.39705,0.46502,88.1204,0.8639,0.5156,0.8502
run_20260614_PlantVillage_ResNet-50,PlantVillage,ResNet-50,20260614,25,0.39229,0.3729,94.5896,0.7904,0.2246,0.8845
run_20260614_PlantDoc_ResNet-50,PlantDoc,ResNet-50,20260614,26,0.32255,0.44455,74.549,0.8032,0.98,0.8286
run_20260614_CUB-200-2011_ResNet-50,CUB-200-2011,ResNet-50,20260614,27,0.35878,0.39013,80.7301,0.825,0.828,0.8433
run_20260614_PlantVillage_EfficientNet-B3,PlantVillage,EfficientNet-B3,20260614,28,0.3042,0.37066,95.8164,0.8173,0.1544,0.856
run_20260614_PlantDoc_EfficientNet-B3,PlantDoc,EfficientNet-B3,20260614,29,0.30216,0.3699,78.2453,0.7721,0.9363,0.832
run_20260614_CUB-200-2011_EfficientNet-B3,CUB-200-2011,EfficientNet-B3,20260614,30,0.26843,0.36505,84.4482,0.7796,0.7314,0.8444
run_20260614_PlantVillage_ConvNeXt-Tiny,PlantVillage,ConvNeXt-Tiny,20260614,31,0.27267,0.27816,97.1132,0.8112,0.1128,0.8608
run_20260614_PlantDoc_ConvNeXt-Tiny,PlantDoc,ConvNeXt-Tiny,20260614,32,0.24951,0.31795,80.8138,0.8557,0.7913,0.8376
run_20260614_CUB-200-2011_ConvNeXt-Tiny,CUB-200-2011,ConvNeXt-Tiny,20260614,33,0.2328,0.305,85.3573,0.8366,0.6078,0.8672
run_20260614_PlantVillage_Swin-Tiny,PlantVillage,Swin-Tiny,20260614,34,0.21131,0.26338,96.8471,0.8261,0.1328,0.8332
run_20260614_PlantDoc_Swin-Tiny,PlantDoc,Swin-Tiny,20260614,35,0.20079,0.28254,80.5356,0.8488,0.8634,0.8563
run_20260614_CUB-200-2011_Swin-Tiny,CUB-200-2011,Swin-Tiny,20260614,36,0.20383,0.22915,86.9317,0.839,0.5211,0.8426
run_20260614_PlantVillage_ConvNeXtplusARM,PlantVillage,ConvNeXt+ARM,20260614,37,0.17791,0.16452,97.9827,0.8485,0.0783,0.8594
run_20260614_PlantDoc_ConvNeXtplusARM,PlantDoc,ConvNeXt+ARM,20260614,38,0.17573,0.19754,83.3479,0.8304,0.5924,0.834
run_20260614_CUB-200-2011_ConvNeXtplusARM,CUB-200-2011,ConvNeXt+ARM,20260614,39,0.11923,0.17827,87.4971,0.8472,0.5672,0.8589
run_20260614_PlantVillage_UAMP-Net,PlantVillage,UAMP-Net,20260614,40,0.13784,0.14415,98.3853,0.9037,0.0382,0.8576
run_20260614_PlantDoc_UAMP-Net,PlantDoc,UAMP-Net,20260614,41,0.13228,0.18833,86.8666,0.8654,0.5897,0.8594
run_20260614_CUB-200-2011_UAMP-Net,CUB-200-2011,UAMP-Net,20260614,42,0.12006,0.1676,88.9777,0.9318,0.4941,0.8576
run_20260601_PlantVillage_ResNet-50,PlantVillage,ResNet-50,20260601,43,0.14115,0.12971,96.5777,0.8082,0.207,0.8625
run_20260601_PlantDoc_ResNet-50,PlantDoc,ResNet-50,20260601,44,0.09305,0.179,76.1603,0.8494,0.98,0.8249
run_20260601_CUB-200-2011_ResNet-50,CUB-200-2011,ResNet-50,20260601,45,0.13154,0.17631,82.3779,0.8349,0.7023,0.8741
run_20260601_PlantVillage_EfficientNet-B3,PlantVillage,EfficientNet-B3,20260601,46,0.11608,0.09504,97.2891,0.8344,0.1287,0.8192
run_20260601_PlantDoc_EfficientNet-B3,PlantDoc,EfficientNet-B3,20260601,47,0.07406,0.17442,80.0904,0.8411,0.8563,0.8735
run_20260601_CUB-200-2011_EfficientNet-B3,CUB-200-2011,EfficientNet-B3,20260601,48,0.09653,0.15109,84.8936,0.8558,0.578,0.839
run_20260601_PlantVillage_ConvNeXt-Tiny,PlantVillage,ConvNeXt-Tiny,20260601,49,0.10966,0.07504,97.9716,0.84,0.0648,0.8566
run_20260601_PlantDoc_ConvNeXt-Tiny,PlantDoc,ConvNeXt-Tiny,20260601,50,0.03228,0.15452,81.4362,0.8801,0.7353,0.8655
run_20260601_CUB-200-2011_ConvNeXt-Tiny,CUB-200-2011,ConvNeXt-Tiny,20260601,51,0.08787,0.11333,86.9816,0.8733,0.5506,0.8381
run_20260601_PlantVillage_Swin-Tiny,PlantVillage,Swin-Tiny,20260601,52,0.05119,0.06472,97.6496,0.8334,0.02,0.8035
run_20260601_PlantDoc_Swin-Tiny,PlantDoc,Swin-Tiny,20260601,53,0.08269,0.14324,82.3173,0.8578,0.7223,0.8253
run_20260601_CUB-200-2011_Swin-Tiny,CUB-200-2011,Swin-Tiny,20260601,54,0.05413,0.09725,87.5119,0.835,0.4581,0.8514
run_20260601_PlantVillage_ConvNeXtplusARM,PlantVillage,ConvNeXt+ARM,20260601,55,0.08654,0.06612,98.6323,0.8407,0.0668,0.8305
run_20260601_PlantDoc_ConvNeXtplusARM,PlantDoc,ConvNeXt+ARM,20260601,56,0.05231,0.12026,83.8651,0.8717,0.6638,0.8412
run_20260601_CUB-200-2011_ConvNeXtplusARM,CUB-200-2011,ConvNeXt+ARM,20260601,57,0.04609,0.11762,87.8363,0.8667,0.4587,0.8572
run_20260601_PlantVillage_UAMP-Net,PlantVillage,UAMP-Net,20260601,58,0.04423,0.018,98.856,0.9315,0.0465,0.8436
run_20260601_PlantDoc_UAMP-Net,PlantDoc,UAMP-Net,20260601,59,0.05715,0.065,86.1235,0.8843,0.5513,0.8662
run_20260601_CUB-200-2011_UAMP-Net,CUB-200-2011,UAMP-Net,20260601,60,0.03064,0.0911,89.6105,0.9361,0.4289,0.8686
run_20260607_PlantVillage_ResNet-50,PlantVillage,ResNet-50,20260607,1,1.69352,1.82326,84.5526,0.7715,0.7062,0.8383
run_20260607_PlantDoc_ResNet-50,PlantDoc,ResNet-50,20260607,2,1.60788,1.79516,64.541,0.7852,0.98,0.8509
run_20260607_CUB-200-2011_ResNet-50,CUB-200-2011,ResNet-50,20260607,3,1.50353,1.67527,72.1475,0.7781,0.98,0.8357
run_20260607_PlantVillage_EfficientNet-B3,PlantVillage,EfficientNet-B3,20260607,4,1.38325,1.52225,87.663,0.7819,0.4929,0.7999
run_20260607_PlantDoc_EfficientNet-B3,PlantDoc,EfficientNet-B3,20260607,5,1.3223,1.50476,71.1857,0.7721,0.98,0.8001
run_20260607_CUB-200-2011_EfficientNet-B3,CUB-200-2011,EfficientNet-B3,20260607,6,1.21955,1.39566,76.7544,0.755,0.98,0.8119
run_20260607_PlantVillage_ConvNeXt-Tiny,PlantVillage,ConvNeXt-Tiny,20260607,7,1.16871,1.23592,90.4485,0.7658,0.3723,0.8325
run_20260607_PlantDoc_ConvNeXt-Tiny,PlantDoc,ConvNeXt-Tiny,20260607,8,1.09512,1.21577,75.1598,0.7463,0.98,0.8416
run_20260607_CUB-200-2011_ConvNeXt-Tiny,CUB-200-2011,ConvNeXt-Tiny,20260607,9,1.02887,1.15,79.6053,0.7777,0.7424,0.8543
run_20260607_PlantVillage_Swin-Tiny,PlantVillage,Swin-Tiny,20260607,10,0.94225,1.0148,91.8613,0.8003,0.3243,0.8749
run_20260607_PlantDoc_Swin-Tiny,PlantDoc,Swin-Tiny,20260607,11,0.8853,0.9886,76.4569,0.7645,0.9171,0.8355
run_20260607_CUB-200-2011_Swin-Tiny,CUB-200-2011,Swin-Tiny,20260607,12,0.83421,0.9674,81.4532,0.7524,0.7833,0.8306
run_20260607_PlantVillage_ConvNeXtplusARM,PlantVillage,ConvNeXt+ARM,20260607,13,0.778,0.84993,93.6542,0.76,0.2056,0.82
run_20260607_PlantDoc_ConvNeXtplusARM,PlantDoc,ConvNeXt+ARM,20260607,14,0.74834,0.84192,79.9397,0.7359,0.8831,0.8744
run_20260607_CUB-200-2011_ConvNeXtplusARM,CUB-200-2011,ConvNeXt+ARM,20260607,15,0.6989,0.77482,84.4769,0.7733,0.6785,0.8348
run_20260607_PlantVillage_UAMP-Net,PlantVillage,UAMP-Net,20260607,16,0.65413,0.70372,95.2491,0.8279,0.1558,0.8601
run_20260607_PlantDoc_UAMP-Net,PlantDoc,UAMP-Net,20260607,17,0.63222,0.70616,82.2697,0.8483,0.6435,0.8263
run_20260607_CUB-200-2011_UAMP-Net,CUB-200-2011,UAMP-Net,20260607,18,0.55531,0.64081,86.6289,0.8575,0.5833,0.8266
run_20260614_PlantVillage_ResNet-50,PlantVillage,ResNet-50,20260614,19,0.561,0.58078,93.7627,0.804,0.2813,0.865
run_20260614_PlantDoc_ResNet-50,PlantDoc,ResNet-50,20260614,20,0.51909,0.64029,73.8473,0.7853,0.98,0.8711
run_20260614_CUB-200-2011_ResNet-50,CUB-200-2011,ResNet-50,20260614,21,0.48599,0.60656,79.7266,0.7797,0.9226,0.9044
run_20260614_PlantVillage_EfficientNet-B3,PlantVillage,EfficientNet-B3,20260614,22,0.45104,0.48805,94.8479,0.7829,0.1018,0.8184
run_20260614_PlantDoc_EfficientNet-B3,PlantDoc,EfficientNet-B3,20260614,23,0.43216,0.48119,77.5209,0.7886,0.8856,0.8634
run_20260614_CUB-200-2011_EfficientNet-B3,CUB-200-2011,EfficientNet-B3,20260614,24,0.40719,0.46661,82.8924,0.7647,0.7428,0.839
run_20260614_PlantVillage_ConvNeXt-Tiny,PlantVillage,ConvNeXt-Tiny,20260614,25,0.36157,0.37809,96.4276,0.7962,0.1465,0.8761
run_20260614_PlantDoc_ConvNeXt-Tiny,PlantDoc,ConvNeXt-Tiny,20260614,26,0.35491,0.41339,79.6612,0.8345,0.8474,0.8378
run_20260614_CUB-200-2011_ConvNeXt-Tiny,CUB-200-2011,ConvNeXt-Tiny,20260614,27,0.31699,0.39648,85.3226,0.771,0.5892,0.812
run_20260614_PlantVillage_Swin-Tiny,PlantVillage,Swin-Tiny,20260614,28,0.28534,0.32687,96.3904,0.7705,0.0889,0.8553
run_20260614_PlantDoc_Swin-Tiny,PlantDoc,Swin-Tiny,20260614,29,0.30715,0.35273,79.862,0.8046,0.8161,0.88
run_20260614_CUB-200-2011_Swin-Tiny,CUB-200-2011,Swin-Tiny,20260614,30,0.26804,0.32048,86.8146,0.8247,0.6059,0.8209
run_20260614_PlantVillage_ConvNeXtplusARM,PlantVillage,ConvNeXt+ARM,20260614,31,0.27178,0.26917,97.2883,0.8256,0.1256,0.8282
run_20260614_PlantDoc_ConvNeXtplusARM,PlantDoc,ConvNeXt+ARM,20260614,32,0.2482,0.27523,83.7974,0.8367,0.6826,0.8245
run_20260614_CUB-200-2011_ConvNeXtplusARM,CUB-200-2011,ConvNeXt+ARM,20260614,33,0.23675,0.28215,86.8893,0.8387,0.5165,0.865
run_20260614_PlantVillage_UAMP-Net,PlantVillage,UAMP-Net,20260614,34,0.21025,0.20319,98.1902,0.8995,0.1069,0.8552
run_20260614_PlantDoc_UAMP-Net,PlantDoc,UAMP-Net,20260614,35,0.20244,0.25702,86.6331,0.8817,0.6516,0.8974
run_20260614_CUB-200-2011_UAMP-Net,CUB-200-2011,UAMP-Net,20260614,36,0.19941,0.24455,88.7922,0.8884,0.4666,0.8077
run_20260601_PlantVillage_ResNet-50,PlantVillage,ResNet-50,20260601,37,0.16848,0.18614,96.2532,0.8262,0.0828,0.8511
run_20260601_PlantDoc_ResNet-50,PlantDoc,ResNet-50,20260601,38,0.16723,0.24935,75.2131,0.8028,0.98,0.8791
run_20260601_CUB-200-2011_ResNet-50,CUB-200-2011,ResNet-50,20260601,39,0.14996,0.21993,81.9964,0.824,0.664,0.8211
run_20260601_PlantVillage_EfficientNet-B3,PlantVillage,EfficientNet-B3,20260601,40,0.14373,0.19922,96.8894,0.8295,0.1509,0.8748
run_20260601_PlantDoc_EfficientNet-B3,PlantDoc,EfficientNet-B3,20260601,41,0.13669,0.18284,79.1384,0.812,0.9175,0.842
run_20260601_CUB-200-2011_EfficientNet-B3,CUB-200-2011,EfficientNet-B3,20260601,42,0.11029,0.20416,85.1076,0.8362,0.6277,0.8239
run_20260601_PlantVillage_ConvNeXt-Tiny,PlantVillage,ConvNeXt-Tiny,20260601,43,0.13765,0.13247,97.7227,0.8484,0.1571,0.8271
run_20260601_PlantDoc_ConvNeXt-Tiny,PlantDoc,ConvNeXt-Tiny,20260601,44,0.12373,0.18902,81.2942,0.845,0.739,0.8644
run_20260601_CUB-200-2011_ConvNeXt-Tiny,CUB-200-2011,ConvNeXt-Tiny,20260601,45,0.11888,0.14004,86.1315,0.8286,0.5216,0.8439
run_20260601_PlantVillage_Swin-Tiny,PlantVillage,Swin-Tiny,20260601,46,0.09475,0.12342,97.4604,0.8784,0.0634,0.8387
run_20260601_PlantDoc_Swin-Tiny,PlantDoc,Swin-Tiny,20260601,47,0.11875,0.14538,81.8977,0.8353,0.6714,0.8288
run_20260601_CUB-200-2011_Swin-Tiny,CUB-200-2011,Swin-Tiny,20260601,48,0.10511,0.13391,87.6549,0.8275,0.4829,0.8623
run_20260601_PlantVillage_ConvNeXtplusARM,PlantVillage,ConvNeXt+ARM,20260601,49,0.08472,0.07777,98.6213,0.8585,0.02,0.8526
run_20260601_PlantDoc_ConvNeXtplusARM,PlantDoc,ConvNeXt+ARM,20260601,50,0.08989,0.11674,82.7935,0.8802,0.769,0.8438
run_20260601_CUB-200-2011_ConvNeXtplusARM,CUB-200-2011,ConvNeXt+ARM,20260601,51,0.06616,0.11859,87.0936,0.8277,0.4011,0.8539
run_20260601_PlantVillage_UAMP-Net,PlantVillage,UAMP-Net,20260601,52,0.07185,0.07138,98.8987,0.9173,0.02,0.8708
run_20260601_PlantDoc_UAMP-Net,PlantDoc,UAMP-Net,20260601,53,0.06812,0.1327,85.7796,0.8896,0.5798,0.8736
run_20260601_CUB-200-2011_UAMP-Net,CUB-200-2011,UAMP-Net,20260601,54,0.08071,0.1091,88.6609,0.9161,0.524,0.8599
run_20260607_PlantVillage_ResNet-50,PlantVillage,ResNet-50,20260607,55,0.07125,0.07007,96.4723,0.8632,0.1792,0.868
run_20260607_PlantDoc_ResNet-50,PlantDoc,ResNet-50,20260607,56,0.03973,0.13638,76.6005,0.8674,0.98,0.8613
run_20260607_CUB-200-2011_ResNet-50,CUB-200-2011,ResNet-50,20260607,57,0.0478,0.13572,82.0457,0.8113,0.7656,0.8555
run_20260607_PlantVillage_EfficientNet-B3,PlantVillage,EfficientNet-B3,20260607,58,0.05699,0.04207,97.4494,0.8467,0.1655,0.8148
run_20260607_PlantDoc_EfficientNet-B3,PlantDoc,EfficientNet-B3,20260607,59,0.01628,0.16395,79.698,0.8688,0.7716,0.8509
run_20260607_CUB-200-2011_EfficientNet-B3,CUB-200-2011,EfficientNet-B3,20260607,60,0.0271,0.08281,85.472,0.8871,0.6895,0.8529
run_20260607_PlantVillage_ConvNeXt-Tiny,PlantVillage,ConvNeXt-Tiny,20260607,1,1.63339,1.83297,85.4805,0.7769,0.5359,0.8862
run_20260607_PlantDoc_ConvNeXt-Tiny,PlantDoc,ConvNeXt-Tiny,20260607,2,1.60806,1.79321,70.6342,0.7199,0.98,0.8753
run_20260607_CUB-200-2011_ConvNeXt-Tiny,CUB-200-2011,ConvNeXt-Tiny,20260607,3,1.50235,1.64489,76.7461,0.7404,0.931,0.8701
run_20260607_PlantVillage_Swin-Tiny,PlantVillage,Swin-Tiny,20260607,4,1.40744,1.48515,88.15,0.734,0.5006,0.8526
run_20260607_PlantDoc_Swin-Tiny,PlantDoc,Swin-Tiny,20260607,5,1.30202,1.45789,73.2703,0.7254,0.98,0.8347
run_20260607_CUB-200-2011_Swin-Tiny,CUB-200-2011,Swin-Tiny,20260607,6,1.25013,1.37455,79.2105,0.7429,0.8259,0.8635
run_20260607_PlantVillage_ConvNeXtplusARM,PlantVillage,ConvNeXt+ARM,20260607,7,1.1689,1.23576,90.8056,0.7507,0.4473,0.875
run_20260607_PlantDoc_ConvNeXtplusARM,PlantDoc,ConvNeXt+ARM,20260607,8,1.09752,1.23637,76.7249,0.738,0.9609,0.8462
run_20260607_CUB-200-2011_ConvNeXtplusARM,CUB-200-2011,ConvNeXt+ARM,20260607,9,1.01513,1.12747,81.075,0.7959,0.8108,0.8629
run_20260607_PlantVillage_UAMP-Net,PlantVillage,UAMP-Net,20260607,10,0.96127,1.03449,92.6218,0.8323,0.2434,0.8511
run_20260607_PlantDoc_UAMP-Net,PlantDoc,UAMP-Net,20260607,11,0.92649,0.98984,80.4451,0.8272,0.7609,0.8727
run_20260607_CUB-200-2011_UAMP-Net,CUB-200-2011,UAMP-Net,20260607,12,0.85106,0.90459,84.5144,0.8225,0.6277,0.8346
run_20260614_PlantVillage_ResNet-50,PlantVillage,ResNet-50,20260614,13,0.80092,0.86234,91.8519,0.7896,0.3692,0.828
run_20260614_PlantDoc_ResNet-50,PlantDoc,ResNet-50,20260614,14,0.74527,0.86252,72.1164,0.742,0.98,0.8499
run_20260614_CUB-200-2011_ResNet-50,CUB-200-2011,ResNet-50,20260614,15,0.71446,0.80763,77.8379,0.8151,0.9709,0.8602
run_20260614_PlantVillage_EfficientNet-B3,PlantVillage,EfficientNet-B3,20260614,16,0.65415,0.69514,93.6376,0.766,0.2476,0.8451
run_20260614_PlantDoc_EfficientNet-B3,PlantDoc,EfficientNet-B3,20260614,17,0.61535,0.72888,75.801,0.829,0.98,0.8609
run_20260614_CUB-200-2011_EfficientNet-B3,CUB-200-2011,EfficientNet-B3,20260614,18,0.55394,0.64932,81.7799,0.8231,0.7752,0.8391
run_20260614_PlantVillage_ConvNeXt-Tiny,PlantVillage,ConvNeXt-Tiny,20260614,19,0.55459,0.60204,95.4369,0.7799,0.1807,0.8871
run_20260614_PlantDoc_ConvNeXt-Tiny,PlantDoc,ConvNeXt-Tiny,20260614,20,0.51971,0.61649,79.7064,0.7869,0.8039,0.8627
run_20260614_CUB-200-2011_ConvNeXt-Tiny,CUB-200-2011,ConvNeXt-Tiny,20260614,21,0.48437,0.55299,84.5651,0.7541,0.6587,0.8498
run_20260614_PlantVillage_Swin-Tiny,PlantVillage,Swin-Tiny,20260614,22,0.44393,0.48888,95.2474,0.7781,0.223,0.8839
run_20260614_PlantDoc_Swin-Tiny,PlantDoc,Swin-Tiny,20260614,23,0.43695,0.50757,79.1062,0.7964,0.7976,0.8402
run_20260614_CUB-200-2011_Swin-Tiny,CUB-200-2011,Swin-Tiny,20260614,24,0.39883,0.46069,86.102,0.8003,0.5753,0.8845
run_20260614_PlantVillage_ConvNeXtplusARM,PlantVillage,ConvNeXt+ARM,20260614,25,0.40172,0.37742,96.6496,0.8072,0.0848,0.8577
run_20260614_PlantDoc_ConvNeXtplusARM,PlantDoc,ConvNeXt+ARM,20260614,26,0.3646,0.44167,83.2451,0.7936,0.7353,0.8248
run_20260614_CUB-200-2011_ConvNeXtplusARM,CUB-200-2011,ConvNeXt+ARM,20260614,27,0.32059,0.3781,85.8471,0.7929,0.6141,0.8542
run_20260614_PlantVillage_UAMP-Net,PlantVillage,UAMP-Net,20260614,28,0.29995,0.31914,97.5849,0.8685,0.1212,0.828
run_20260614_PlantDoc_UAMP-Net,PlantDoc,UAMP-Net,20260614,29,0.2616,0.30962,84.9531,0.8827,0.6054,0.8511
run_20260614_CUB-200-2011_UAMP-Net,CUB-200-2011,UAMP-Net,20260614,30,0.27543,0.3483,88.354,0.8346,0.4323,0.7909
run_20260601_PlantVillage_ResNet-50,PlantVillage,ResNet-50,20260601,31,0.26048,0.25829,95.3552,0.8051,0.1467,0.8436
run_20260601_PlantDoc_ResNet-50,PlantDoc,ResNet-50,20260601,32,0.25002,0.3245,75.3686,0.8447,0.98,0.8654
run_20260601_CUB-200-2011_ResNet-50,CUB-200-2011,ResNet-50,20260601,33,0.23699,0.28076,81.2139,0.7988,0.7759,0.8418
run_20260601_PlantVillage_EfficientNet-B3,PlantVillage,EfficientNet-B3,20260601,34,0.21745,0.23201,96.6644,0.8121,0.1769,0.8699
run_20260601_PlantDoc_EfficientNet-B3,PlantDoc,EfficientNet-B3,20260601,35,0.21151,0.27594,78.7653,0.8405,0.98,0.8428
run_20260601_CUB-200-2011_EfficientNet-B3,CUB-200-2011,EfficientNet-B3,20260601,36,0.17022,0.26779,84.5392,0.8287,0.682,0.8454
run_20260601_PlantVillage_ConvNeXt-Tiny,PlantVillage,ConvNeXt-Tiny,20260601,37,0.18575,0.17267,97.6928,0.8127,0.0981,0.8647
run_20260601_PlantDoc_ConvNeXt-Tiny,PlantDoc,ConvNeXt-Tiny,20260601,38,0.16232,0.26409,81.0135,0.8277,0.7137,0.8359
run_20260601_CUB-200-2011_ConvNeXt-Tiny,CUB-200-2011,ConvNeXt-Tiny,20260601,39,0.1619,0.22962,86.5154,0.8063,0.6075,0.8204
run_20260601_PlantVillage_Swin-Tiny,PlantVillage,Swin-Tiny,20260601,40,0.15625,0.14776,97.5188,0.8164,0.0823,0.8794
run_20260601_PlantDoc_Swin-Tiny,PlantDoc,Swin-Tiny,20260601,41,0.11534,0.2339,80.8139,0.8555,0.7535,0.8774
run_20260601_CUB-200-2011_Swin-Tiny,CUB-200-2011,Swin-Tiny,20260601,42,0.14331,0.16341,86.6858,0.8389,0.4007,0.8473
run_20260601_PlantVillage_ConvNeXtplusARM,PlantVillage,ConvNeXt+ARM,20260601,43,0.12114,0.09802,98.1615,0.838,0.02,0.8638
run_20260601_PlantDoc_ConvNeXtplusARM,PlantDoc,ConvNeXt+ARM,20260601,44,0.11593,0.19026,82.7049,0.8394,0.7386,0.8264
run_20260601_CUB-200-2011_ConvNeXtplusARM,CUB-200-2011,ConvNeXt+ARM,20260601,45,0.10247,0.14586,87.4129,0.8502,0.6085,0.8744
run_20260601_PlantVillage_UAMP-Net,PlantVillage,UAMP-Net,20260601,46,0.12545,0.07067,98.7175,0.9051,0.0263,0.8451
run_20260601_PlantDoc_UAMP-Net,PlantDoc,UAMP-Net,20260601,47,0.09839,0.1584,86.085,0.9177,0.6347,0.8447
run_20260601_CUB-200-2011_UAMP-Net,CUB-200-2011,UAMP-Net,20260601,48,0.07362,0.09423,89.8303,0.9037,0.279,0.8275
run_20260607_PlantVillage_ResNet-50,PlantVillage,ResNet-50,20260607,49,0.09457,0.0891,96.4522,0.8424,0.1326,0.8346
run_20260607_PlantDoc_ResNet-50,PlantDoc,ResNet-50,20260607,50,0.08621,0.17814,76.1661,0.8553,0.98,0.8445
run_20260607_CUB-200-2011_ResNet-50,CUB-200-2011,ResNet-50,20260607,51,0.08873,0.14073,82.3125,0.8264,0.879,0.8602
run_20260607_PlantVillage_EfficientNet-B3,PlantVillage,EfficientNet-B3,20260607,52,0.05385,0.06325,97.4388,0.8372,0.0542,0.8437
run_20260607_PlantDoc_EfficientNet-B3,PlantDoc,EfficientNet-B3,20260607,53,0.06595,0.12294,80.9335,0.8629,0.8404,0.8452
run_20260607_CUB-200-2011_EfficientNet-B3,CUB-200-2011,EfficientNet-B3,20260607,54,0.06508,0.11433,85.3075,0.8538,0.5282,0.8297
run_20260607_PlantVillage_ConvNeXt-Tiny,PlantVillage,ConvNeXt-Tiny,20260607,55,0.05674,0.07178,98.1507,0.8458,0.0556,0.8848
run_20260607_PlantDoc_ConvNeXt-Tiny,PlantDoc,ConvNeXt-Tiny,20260607,56,0.06868,0.11422,82.1694,0.8571,0.6892,0.862
run_20260607_CUB-200-2011_ConvNeXt-Tiny,CUB-200-2011,ConvNeXt-Tiny,20260607,57,0.05772,0.10266,87.1487,0.8873,0.5848,0.871
run_20260607_PlantVillage_Swin-Tiny,PlantVillage,Swin-Tiny,20260607,58,0.05055,0.08735,97.8469,0.8583,0.1596,0.7983
run_20260607_PlantDoc_Swin-Tiny,PlantDoc,Swin-Tiny,20260607,59,0.012,0.1001,81.3128,0.8424,0.7893,0.8432
run_20260607_CUB-200-2011_Swin-Tiny,CUB-200-2011,Swin-Tiny,20260607,60,0.02874,0.08737,87.3232,0.8586,0.4863,0.8566
run_20260607_PlantVillage_ConvNeXtplusARM,PlantVillage,ConvNeXt+ARM,20260607,1,1.66572,1.87493,85.996,0.7621,0.6929,0.8642
run_20260607_PlantDoc_ConvNeXtplusARM,PlantDoc,ConvNeXt+ARM,20260607,2,1.57772,1.78494,72.942,0.763,0.98,0.8753
run_20260607_CUB-200-2011_ConvNeXtplusARM,CUB-200-2011,ConvNeXt+ARM,20260607,3,1.50356,1.68002,77.8742,0.7568,0.8666,0.8353
run_20260607_PlantVillage_UAMP-Net,PlantVillage,UAMP-Net,20260607,4,1.41687,1.50183,88.8725,0.8001,0.4834,0.8629
run_20260607_PlantDoc_UAMP-Net,PlantDoc,UAMP-Net,20260607,5,1.34338,1.44375,77.3193,0.8161,0.8756,0.8188
run_20260607_CUB-200-2011_UAMP-Net,CUB-200-2011,UAMP-Net,20260607,6,1.23897,1.34122,81.1795,0.8334,0.7899,0.8648
run_20260614_PlantVillage_ResNet-50,PlantVillage,ResNet-50,20260614,7,1.14856,1.26254,88.7704,0.7845,0.4865,0.815
run_20260614_PlantDoc_ResNet-50,PlantDoc,ResNet-50,20260614,8,1.08958,1.26421,68.964,0.7951,0.98,0.8781
run_20260614_CUB-200-2011_ResNet-50,CUB-200-2011,ResNet-50,20260614,9,1.01957,1.13466,76.0108,0.7736,0.9606,0.8573
run_20260614_PlantVillage_EfficientNet-B3,PlantVillage,EfficientNet-B3,20260614,10,0.96411,1.02925,91.1479,0.7643,0.4304,0.8366
run_20260614_PlantDoc_EfficientNet-B3,PlantDoc,EfficientNet-B3,20260614,11,0.91792,1.03998,74.0856,0.7635,0.98,0.8251
run_20260614_CUB-200-2011_EfficientNet-B3,CUB-200-2011,EfficientNet-B3,20260614,12,0.84563,0.92376,79.751,0.7856,0.8209,0.874
run_20260614_PlantVillage_ConvNeXt-Tiny,PlantVillage,ConvNeXt-Tiny,20260614,13,0.81657,0.8255,93.1142,0.7853,0.2321,0.8661
run_20260614_PlantDoc_ConvNeXt-Tiny,PlantDoc,ConvNeXt-Tiny,20260614,14,0.75995,0.86622,77.0565,0.7796,0.9741,0.8894
run_20260614_CUB-200-2011_ConvNeXt-Tiny,CUB-200-2011,ConvNeXt-Tiny,20260614,15,0.67577,0.75824,82.5376,0.7649,0.6694,0.8531
run_20260614_PlantVillage_Swin-Tiny,PlantVillage,Swin-Tiny,20260614,16,0.67731,0.69885,94.2456,0.8078,0.2709,0.8421
run_20260614_PlantDoc_Swin-Tiny,PlantDoc,Swin-Tiny,20260614,17,0.62774,0.72137,78.8363,0.7982,0.8435,0.8426
run_20260614_CUB-200-2011_Swin-Tiny,CUB-200-2011,Swin-Tiny,20260614,18,0.60053,0.66426,84.6587,0.7591,0.7068,0.8435
run_20260614_PlantVillage_ConvNeXtplusARM,PlantVillage,ConvNeXt+ARM,20260614,19,0.57046,0.58624,95.6299,0.7683,0.2168,0.8178
run_20260614_PlantDoc_ConvNeXtplusARM,PlantDoc,ConvNeXt+ARM,20260614,20,0.51681,0.64628,81.2283,0.8011,0.8329,0.8654
run_20260614_CUB-200-2011_ConvNeXtplusARM,CUB-200-2011,ConvNeXt+ARM,20260614,21,0.48135,0.52687,85.1786,0.7887,0.5436,0.8495
run_20260614_PlantVillage_UAMP-Net,PlantVillage,UAMP-Net,20260614,22,0.44864,0.48006,96.6523,0.819,0.2048,0.8738
run_20260614_PlantDoc_UAMP-Net,PlantDoc,UAMP-Net,20260614,23,0.4092,0.48732,84.4747,0.8671,0.7066,0.8491
run_20260614_CUB-200-2011_UAMP-Net,CUB-200-2011,UAMP-Net,20260614,24,0.41857,0.46663,87.4107,0.8853,0.4686,0.847
run_20260601_PlantVillage_ResNet-50,PlantVillage,ResNet-50,20260601,25,0.38574,0.3696,94.7832,0.828,0.2031,0.853
run_20260601_PlantDoc_ResNet-50,PlantDoc,ResNet-50,20260601,26,0.3293,0.43951,75.1334,0.7886,0.98,0.8491
run_20260601_CUB-200-2011_ResNet-50,CUB-200-2011,ResNet-50,20260601,27,0.34042,0.38891,81.227,0.781,0.6713,0.8784
run_20260601_PlantVillage_EfficientNet-B3,PlantVillage,EfficientNet-B3,20260601,28,0.29493,0.30801,96.0013,0.8084,0.1685,0.884
run_20260601_PlantDoc_EfficientNet-B3,PlantDoc,EfficientNet-B3,20260601,29,0.29879,0.34794,78.2318,0.7708,0.9792,0.83
run_20260601_CUB-200-2011_EfficientNet-B3,CUB-200-2011,EfficientNet-B3,20260601,30,0.28892,0.36096,84.8608,0.8194,0.5809,0.8332
run_20260601_PlantVillage_ConvNeXt-Tiny,PlantVillage,ConvNeXt-Tiny,20260601,31,0.2885,0.28229,97.1123,0.7734,0.1062,0.8622
run_20260601_PlantDoc_ConvNeXt-Tiny,PlantDoc,ConvNeXt-Tiny,20260601,32,0.23305,0.3112,81.0076,0.8058,0.773,0.8666
run_20260601_CUB-200-2011_ConvNeXt-Tiny,CUB-200-2011,ConvNeXt-Tiny,20260601,33,0.24267,0.29153,86.4439,0.801,0.6009,0.8447
run_20260601_PlantVillage_Swin-Tiny,PlantVillage,Swin-Tiny,20260601,34,0.22172,0.23836,97.0882,0.8209,0.1842,0.8628
run_20260601_PlantDoc_Swin-Tiny,PlantDoc,Swin-Tiny,20260601,35,0.216,0.25696,80.9201,0.7801,0.7901,0.8258
run_20260601_CUB-200-2011_Swin-Tiny,CUB-200-2011,Swin-Tiny,20260601,36,0.18825,0.22298,87.1843,0.7884,0.536,0.8146
run_20260601_PlantVillage_ConvNeXtplusARM,PlantVillage,ConvNeXt+ARM,20260601,37,0.18681,0.21942,98.0475,0.8321,0.0877,0.8163
run_20260601_PlantDoc_ConvNeXtplusARM,PlantDoc,ConvNeXt+ARM,20260601,38,0.1563,0.24062,83.0483,0.8399,0.7173,0.8484
run_20260601_CUB-200-2011_ConvNeXtplusARM,CUB-200-2011,ConvNeXt+ARM,20260601,39,0.13486,0.17478,87.7951,0.7909,0.491,0.8372
run_20260601_PlantVillage_UAMP-Net,PlantVillage,UAMP-Net,20260601,40,0.15818,0.15954,98.3252,0.9239,0.059,0.8488
run_20260601_PlantDoc_UAMP-Net,PlantDoc,UAMP-Net,20260601,41,0.14319,0.18723,86.3604,0.8786,0.6059,0.8154
run_20260601_CUB-200-2011_UAMP-Net,CUB-200-2011,UAMP-Net,20260601,42,0.13508,0.18243,88.7944,0.8333,0.4965,0.8681
run_20260607_PlantVillage_ResNet-50,PlantVillage,ResNet-50,20260607,43,0.12481,0.11547,96.1787,0.8549,0.1406,0.846
run_20260607_PlantDoc_ResNet-50,PlantDoc,ResNet-50,20260607,44,0.11076,0.21025,75.6929,0.8679,0.98,0.8484
run_20260607_CUB-200-2011_ResNet-50,CUB-200-2011,ResNet-50,20260607,45,0.08789,0.15935,82.4466,0.8656,0.7629,0.8564
run_20260607_PlantVillage_EfficientNet-B3,PlantVillage,EfficientNet-B3,20260607,46,0.11076,0.12803,97.0474,0.8606,0.1073,0.8751
run_20260607_PlantDoc_EfficientNet-B3,PlantDoc,EfficientNet-B3,20260607,47,0.0859,0.15445,79.2158,0.8454,0.821,0.8784
run_20260607_CUB-200-2011_EfficientNet-B3,CUB-200-2011,EfficientNet-B3,20260607,48,0.10473,0.15488,85.0103,0.8606,0.5468,0.8723
run_20260607_PlantVillage_ConvNeXt-Tiny,PlantVillage,ConvNeXt-Tiny,20260607,49,0.06633,0.08331,98.0895,0.8762,0.1705,0.8754
run_20260607_PlantDoc_ConvNeXt-Tiny,PlantDoc,ConvNeXt-Tiny,20260607,50,0.08844,0.14939,81.2268,0.8635,0.8132,0.8548
run_20260607_CUB-200-2011_ConvNeXt-Tiny,CUB-200-2011,ConvNeXt-Tiny,20260607,51,0.05072,0.13566,86.0745,0.8347,0.5962,0.8373
run_20260607_PlantVillage_Swin-Tiny,PlantVillage,Swin-Tiny,20260607,52,0.07846,0.09992,98.0768,0.8658,0.0698,0.8099
run_20260607_PlantDoc_Swin-Tiny,PlantDoc,Swin-Tiny,20260607,53,0.06447,0.13863,80.393,0.8304,0.7533,0.877
run_20260607_CUB-200-2011_Swin-Tiny,CUB-200-2011,Swin-Tiny,20260607,54,0.06639,0.12969,88.0448,0.8596,0.4504,0.8692
run_20260607_PlantVillage_ConvNeXtplusARM,PlantVillage,ConvNeXt+ARM,20260607,55,0.04725,0.07397,98.2869,0.8943,0.1159,0.8558
run_20260607_PlantDoc_ConvNeXtplusARM,PlantDoc,ConvNeXt+ARM,20260607,56,0.05514,0.0915,83.8154,0.8515,0.8197,0.8608
run_20260607_CUB-200-2011_ConvNeXtplusARM,CUB-200-2011,ConvNeXt+ARM,20260607,57,0.03313,0.07905,87.518,0.8472,0.4871,0.8693
run_20260607_PlantVillage_UAMP-Net,PlantVillage,UAMP-Net,20260607,58,0.02868,0.04667,98.9619,0.9186,0.0397,0.8769
run_20260607_PlantDoc_UAMP-Net,PlantDoc,UAMP-Net,20260607,59,0.03556,0.12237,86.4086,0.9306,0.5314,0.8831
run_20260607_CUB-200-2011_UAMP-Net,CUB-200-2011,UAMP-Net,20260607,60,0.04432,0.0789,88.8509,0.9022,0.5119,0.8477
run_20260614_PlantVillage_ResNet-50,PlantVillage,ResNet-50,20260614,1,1.67474,1.83641,84.0234,0.7538,0.6478,0.8297
run_20260614_PlantDoc_ResNet-50,PlantDoc,ResNet-50,20260614,2,1.59673,1.81991,65.07,0.7284,0.98,0.8292
run_20260614_CUB-200-2011_ResNet-50,CUB-200-2011,ResNet-50,20260614,3,1.47965,1.70381,72.0398,0.798,0.98,0.8429
run_20260614_PlantVillage_EfficientNet-B3,PlantVillage,EfficientNet-B3,20260614,4,1.43165,1.52858,87.7815,0.7802,0.5544,0.855
run_20260614_PlantDoc_EfficientNet-B3,PlantDoc,EfficientNet-B3,20260614,5,1.29941,1.47842,70.8599,0.7505,0.98,0.8218
run_20260614_CUB-200-2011_EfficientNet-B3,CUB-200-2011,EfficientNet-B3,20260614,6,1.2513,1.33703,77.752,0.7483,0.897,0.8719
run_20260614_PlantVillage_ConvNeXt-Tiny,PlantVillage,ConvNeXt-Tiny,20260614,7,1.15131,1.26224,90.3258,0.7807,0.4263,0.8465
run_20260614_PlantDoc_ConvNeXt-Tiny,PlantDoc,ConvNeXt-Tiny,20260614,8,1.08075,1.25415,75.1952,0.8075,0.98,0.8436
run_20260614_CUB-200-2011_ConvNeXt-Tiny,CUB-200-2011,ConvNeXt-Tiny,20260614,9,1.02339,1.1392,80.3965,0.7436,0.8483,0.8302
run_20260614_PlantVillage_Swin-Tiny,PlantVillage,Swin-Tiny,20260614,10,0.94889,1.04504,92.0917,0.7684,0.3514,0.8852
run_20260614_PlantDoc_Swin-Tiny,PlantDoc,Swin-Tiny,20260614,11,0.91643,1.03139,76.0325,0.7812,0.9483,0.8492
run_20260614_CUB-200-2011_Swin-Tiny,CUB-200-2011,Swin-Tiny,20260614,12,0.84193,0.94093,82.487,0.7947,0.7003,0.848
run_20260614_PlantVillage_ConvNeXtplusARM,PlantVillage,ConvNeXt+ARM,20260614,13,0.80386,0.84717,93.8678,0.786,0.3291,0.8737
run_20260614_PlantDoc_ConvNeXtplusARM,PlantDoc,ConvNeXt+ARM,20260614,14,0.76916,0.84893,78.4172,0.7322,0.927,0.8556
run_20260614_CUB-200-2011_ConvNeXtplusARM,CUB-200-2011,ConvNeXt+ARM,20260614,15,0.72332,0.83202,83.3859,0.8064,0.7315,0.8406
run_20260614_PlantVillage_UAMP-Net,PlantVillage,UAMP-Net,20260614,16,0.65242,0.70636,95.2586,0.8495,0.1852,0.8341
run_20260614_PlantDoc_UAMP-Net,PlantDoc,UAMP-Net,20260614,17,0.6448,0.72827,82.799,0.8769,0.6269,0.8332
run_20260614_CUB-200-2011_UAMP-Net,CUB-200-2011,UAMP-Net,20260614,18,0.57608,0.64376,85.7166,0.8217,0.5753,0.8837
run_20260601_PlantVillage_ResNet-50,PlantVillage,ResNet-50,20260601,19,0.5498,0.57326,93.4692,0.7988,0.2785,0.8418
run_20260601_PlantDoc_ResNet-50,PlantDoc,ResNet-50,20260601,20,0.51227,0.59016,74.044,0.7855,0.98,0.8701
run_20260601_CUB-200-2011_ResNet-50,CUB-200-2011,ResNet-50,20260601,21,0.50357,0.58131,79.9699,0.7805,0.7306,0.8466
run_20260601_PlantVillage_EfficientNet-B3,PlantVillage,EfficientNet-B3,20260601,22,0.46451,0.47052,94.8822,0.7895,0.2624,0.8161
run_20260601_PlantDoc_EfficientNet-B3,PlantDoc,EfficientNet-B3,20260601,23,0.42383,0.49929,77.092,0.8004,0.9687,0.8522
run_20260601_CUB-200-2011_EfficientNet-B3,CUB-200-2011,EfficientNet-B3,20260601,24,0.40092,0.47372,83.2741,0.7674,0.7356,0.8474
run_20260601_PlantVillage_ConvNeXt-Tiny,PlantVillage,ConvNeXt-Tiny,20260601,25,0.38488,0.39473,96.0957,0.7994,0.0784,0.8528
run_20260601_PlantDoc_ConvNeXt-Tiny,PlantDoc,ConvNeXt-Tiny,20260601,26,0.34372,0.42388,80.2777,0.7998,0.6808,0.8474
run_20260601_CUB-200-2011_ConvNeXt-Tiny,CUB-200-2011,ConvNeXt-Tiny,20260601,27,0.35222,0.37769,84.9047,0.7746,0.6745,0.9023
run_20260601_PlantVillage_Swin-Tiny,PlantVillage,Swin-Tiny,20260601,28,0.33627,0.30049,96.6403,0.8172,0.0388,0.8621
run_20260601_PlantDoc_Swin-Tiny,PlantDoc,Swin-Tiny,20260601,29,0.29661,0.39113,80.5958,0.8077,0.8169,0.8372
run_20260601_CUB-200-2011_Swin-Tiny,CUB-200-2011,Swin-Tiny,20260601,30,0.26175,0.33291,86.0859,0.8053,0.5427,0.8746
run_20260601_PlantVillage_ConvNeXtplusARM,PlantVillage,ConvNeXt+ARM,20260601,31,0.27965,0.28404,97.6497,0.8427,0.02,0.8763
run_20260601_PlantDoc_ConvNeXtplusARM,PlantDoc,ConvNeXt+ARM,20260601,32,0.27188,0.33205,81.7848,0.7938,0.7422,0.8681
run_20260601_CUB-200-2011_ConvNeXtplusARM,CUB-200-2011,ConvNeXt+ARM,20260601,33,0.25562,0.28976,86.9465,0.8188,0.527,0.8598
run_20260601_PlantVillage_UAMP-Net,PlantVillage,UAMP-Net,20260601,34,0.21991,0.21243,97.9499,0.9197,0.0524,0.8716
run_20260601_PlantDoc_UAMP-Net,PlantDoc,UAMP-Net,20260601,35,0.22897,0.24165,85.9468,0.8448,0.5798,0.8562
run_20260601_CUB-200-2011_UAMP-Net,CUB-200-2011,UAMP-Net,20260601,36,0.17891,0.26773,88.5264,0.9304,0.5039,0.8428
run_20260607_PlantVillage_ResNet-50,PlantVillage,ResNet-50,20260607,37,0.18337,0.17491,95.5873,0.834,0.1999,0.8631
run_20260607_PlantDoc_ResNet-50,PlantDoc,ResNet-50,20260607,38,0.15779,0.22068,76.2561,0.8298,0.98,0.8357
run_20260607_CUB-200-2011_ResNet-50,CUB-200-2011,ResNet-50,20260607,39,0.17035,0.20935,81.7853,0.8438,0.7157,0.8611
run_20260607_PlantVillage_EfficientNet-B3,PlantVillage,EfficientNet-B3,20260607,40,0.14537,0.15642,96.7593,0.834,0.0223,0.8715
run_20260607_PlantDoc_EfficientNet-B3,PlantDoc,EfficientNet-B3,20260607,41,0.13779,0.21145,79.291,0.8501,0.9153,0.8373
run_20260607_CUB-200-2011_EfficientNet-B3,CUB-200-2011,EfficientNet-B3,20260607,42,0.14052,0.17165,84.8892,0.8529,0.6591,0.8515
run_20260607_PlantVillage_ConvNeXt-Tiny,PlantVillage,ConvNeXt-Tiny,20260607,43,0.10696,0.14209,97.7394,0.8112,0.02,0.8427
run_20260607_PlantDoc_ConvNeXt-Tiny,PlantDoc,ConvNeXt-Tiny,20260607,44,0.11386,0.17122,82.0382,0.8245,0.7453,0.8284
run_20260607_CUB-200-2011_ConvNeXt-Tiny,CUB-200-2011,ConvNeXt-Tiny,20260607,45,0.0988,0.1972,86.221,0.8553,0.5507,0.8441
run_20260607_PlantVillage_Swin-Tiny,PlantVillage,Swin-Tiny,20260607,46,0.09679,0.11281,97.5629,0.8888,0.02,0.8614
run_20260607_PlantDoc_Swin-Tiny,PlantDoc,Swin-Tiny,20260607,47,0.07864,0.17957,81.7033,0.8246,0.7869,0.8604
run_20260607_CUB-200-2011_Swin-Tiny,CUB-200-2011,Swin-Tiny,20260607,48,0.10303,0.13483,87.3795,0.8515,0.4927,0.8414
run_20260607_PlantVillage_ConvNeXtplusARM,PlantVillage,ConvNeXt+ARM,20260607,49,0.09651,0.07417,98.1233,0.8383,0.0603,0.83
run_20260607_PlantDoc_ConvNeXtplusARM,PlantDoc,ConvNeXt+ARM,20260607,50,0.08547,0.15859,83.4551,0.8694,0.6785,0.8436
run_20260607_CUB-200-2011_ConvNeXtplusARM,CUB-200-2011,ConvNeXt+ARM,20260607,51,0.09812,0.13922,87.635,0.8634,0.5569,0.8436
run_20260607_PlantVillage_UAMP-Net,PlantVillage,UAMP-Net,20260607,52,0.08581,0.05025,98.7639,0.8801,0.0971,0.8543
run_20260607_PlantDoc_UAMP-Net,PlantDoc,UAMP-Net,20260607,53,0.09847,0.12175,86.5472,0.9454,0.4852,0.8738
run_20260607_CUB-200-2011_UAMP-Net,CUB-200-2011,UAMP-Net,20260607,54,0.05616,0.11858,89.5173,0.9125,0.4643,0.8866
run_20260614_PlantVillage_ResNet-50,PlantVillage,ResNet-50,20260614,55,0.07103,0.09321,96.9059,0.8765,0.1139,0.8408
run_20260614_PlantDoc_ResNet-50,PlantDoc,ResNet-50,20260614,56,0.02668,0.14943,75.4064,0.863,0.98,0.818
run_20260614_CUB-200-2011_ResNet-50,CUB-200-2011,ResNet-50,20260614,57,0.03899,0.1103,83.0803,0.8705,0.768,0.8229
run_20260614_PlantVillage_EfficientNet-B3,PlantVillage,EfficientNet-B3,20260614,58,0.04205,0.05564,97.3477,0.878,0.1541,0.797
run_20260614_PlantDoc_EfficientNet-B3,PlantDoc,EfficientNet-B3,20260614,59,0.06927,0.13056,80.759,0.8563,0.7981,0.8322
run_20260614_CUB-200-2011_EfficientNet-B3,CUB-200-2011,EfficientNet-B3,20260614,60,0.03176,0.11596,85.0459,0.8865,0.6101,0.8393
run_20260614_PlantVillage_ConvNeXt-Tiny,PlantVillage,ConvNeXt-Tiny,20260614,1,1.71083,1.84778,85.8928,0.7722,0.6017,0.8554
run_20260614_PlantDoc_ConvNeXt-Tiny,PlantDoc,ConvNeXt-Tiny,20260614,2,1.60081,1.78099,70.2335,0.74,0.98,0.8345
run_20260614_CUB-200-2011_ConvNeXt-Tiny,CUB-200-2011,ConvNeXt-Tiny,20260614,3,1.4977,1.66806,76.2019,0.7802,0.8638,0.8659
run_20260614_PlantVillage_Swin-Tiny,PlantVillage,Swin-Tiny,20260614,4,1.38282,1.5259,88.1951,0.7518,0.5148,0.8499
run_20260614_PlantDoc_Swin-Tiny,PlantDoc,Swin-Tiny,20260614,5,1.30432,1.50532,72.9271,0.7689,0.98,0.8422
run_20260614_CUB-200-2011_Swin-Tiny,CUB-200-2011,Swin-Tiny,20260614,6,1.24763,1.39637,79.047,0.7799,0.7971,0.8419
run_20260614_PlantVillage_ConvNeXtplusARM,PlantVillage,ConvNeXt+ARM,20260614,7,1.17049,1.2426,90.8879,0.7582,0.3377,0.8433
run_20260614_PlantDoc_ConvNeXtplusARM,PlantDoc,ConvNeXt+ARM,20260614,8,1.10936,1.25325,77.026,0.7854,0.8426,0.838
run_20260614_CUB-200-2011_ConvNeXtplusARM,CUB-200-2011,ConvNeXt+ARM,20260614,9,1.03431,1.09412,81.176,0.7934,0.8029,0.8342
run_20260614_PlantVillage_UAMP-Net,PlantVillage,UAMP-Net,20260614,10,0.95107,1.0255,93.0002,0.8148,0.2534,0.8601
run_20260614_PlantDoc_UAMP-Net,PlantDoc,UAMP-Net,20260614,11,0.88754,1.03781,82.1703,0.877,0.7518,0.8734
run_20260614_CUB-200-2011_UAMP-Net,CUB-200-2011,UAMP-Net,20260614,12,0.86026,0.93237,84.4022,0.8318,0.6564,0.8679
run_20260601_PlantVillage_ResNet-50,PlantVillage,ResNet-50,20260601,13,0.80218,0.81608,91.8205,0.7801,0.3168,0.8634
run_20260601_PlantDoc_ResNet-50,PlantDoc,ResNet-50,20260601,14,0.76665,0.89004,71.5978,0.8046,0.98,0.836
run_20260601_CUB-200-2011_ResNet-50,CUB-200-2011,ResNet-50,20260601,15,0.68797,0.80706,77.9914,0.7934,0.8777,0.8642
run_20260601_PlantVillage_EfficientNet-B3,PlantVillage,EfficientNet-B3,20260601,16,0.65409,0.71657,93.5121,0.8051,0.2886,0.8581
run_20260601_PlantDoc_EfficientNet-B3,PlantDoc,EfficientNet-B3,20260601,17,0.61321,0.71765,76.9182,0.778,0.8747,0.8102
run_20260601_CUB-200-2011_EfficientNet-B3,CUB-200-2011,EfficientNet-B3,20260601,18,0.53631,0.63615,82.8199,0.8035,0.7226,0.855
run_20260601_PlantVillage_ConvNeXt-Tiny,PlantVillage,ConvNeXt-Tiny,20260601,19,0.55562,0.56237,95.0917,0.7711,0.2162,0.8724
run_20260601_PlantDoc_ConvNeXt-Tiny,PlantDoc,ConvNeXt-Tiny,20260601,20,0.51233,0.59979,78.8813,0.8271,0.9236,0.8373
run_20260601_CUB-200-2011_ConvNeXt-Tiny,CUB-200-2011,ConvNeXt-Tiny,20260601,21,0.4812,0.56473,83.8057,0.786,0.6148,0.8349
run_20260601_PlantVillage_Swin-Tiny,PlantVillage,Swin-Tiny,20260601,22,0.45239,0.50422,95.5833,0.8405,0.1615,0.8381
run_20260601_PlantDoc_Swin-Tiny,PlantDoc,Swin-Tiny,20260601,23,0.41391,0.48962,80.0144,0.8029,0.8096,0.8359
run_20260601_CUB-200-2011_Swin-Tiny,CUB-200-2011,Swin-Tiny,20260601,24,0.40381,0.45717,85.74,0.7687,0.6266,0.8791
run_20260601_PlantVillage_ConvNeXtplusARM,PlantVillage,ConvNeXt+ARM,20260601,25,0.38778,0.37202,96.6406,0.7939,0.2262,0.8248
run_20260601_PlantDoc_ConvNeXtplusARM,PlantDoc,ConvNeXt+ARM,20260601,26,0.34027,0.4239,82.3085,0.8013,0.7157,0.8453
run_20260601_CUB-200-2011_ConvNeXtplusARM,CUB-200-2011,ConvNeXt+ARM,20260601,27,0.32265,0.37162,86.9996,0.7417,0.5333,0.8609
run_20260601_PlantVillage_UAMP-Net,PlantVillage,UAMP-Net,20260601,28,0.30262,0.3063,97.5471,0.878,0.0816,0.8055
run_20260601_PlantDoc_UAMP-Net,PlantDoc,UAMP-Net,20260601,29,0.30514,0.34762,85.4287,0.8353,0.6637,0.8316
run_20260601_CUB-200-2011_UAMP-Net,CUB-200-2011,UAMP-Net,20260601,30,0.26846,0.33587,89.2914,0.8844,0.4456,0.8782
run_20260607_PlantVillage_ResNet-50,PlantVillage,ResNet-50,20260607,31,0.26158,0.2449,95.1958,0.8232,0.1532,0.8826
run_20260607_PlantDoc_ResNet-50,PlantDoc,ResNet-50,20260607,32,0.23864,0.36056,75.014,0.8114,0.98,0.8813
run_20260607_CUB-200-2011_ResNet-50,CUB-200-2011,ResNet-50,20260607,33,0.23881,0.28207,82.4907,0.8173,0.7363,0.8441
run_20260607_PlantVillage_EfficientNet-B3,PlantVillage,EfficientNet-B3,20260607,34,0.20254,0.24931,96.5233,0.8211,0.1336,0.8208
run_20260607_PlantDoc_EfficientNet-B3,PlantDoc,EfficientNet-B3,20260607,35,0.19393,0.29642,79.2645,0.8004,0.8786,0.8631
run_20260607_CUB-200-2011_EfficientNet-B3,CUB-200-2011,EfficientNet-B3,20260607,36,0.18796,0.23364,84.8224,0.8002,0.6085,0.8505
run_20260607_PlantVillage_ConvNeXt-Tiny,PlantVillage,ConvNeXt-Tiny,20260607,37,0.16762,0.19239,97.2572,0.8141,0.0901,0.8351
run_20260607_PlantDoc_ConvNeXt-Tiny,PlantDoc,ConvNeXt-Tiny,20260607,38,0.18981,0.25526,80.5097,0.8342,0.7857,0.8803
run_20260607_CUB-200-2011_ConvNeXt-Tiny,CUB-200-2011,ConvNeXt-Tiny,20260607,39,0.16368,0.2016,86.1927,0.8213,0.6532,0.8418
run_20260607_PlantVillage_Swin-Tiny,PlantVillage,Swin-Tiny,20260607,40,0.14449,0.15019,97.1996,0.8391,0.1105,0.8186
run_20260607_PlantDoc_Swin-Tiny,PlantDoc,Swin-Tiny,20260607,41,0.12193,0.21145,80.8853,0.8247,0.6839,0.8099
run_20260607_CUB-200-2011_Swin-Tiny,CUB-200-2011,Swin-Tiny,20260607,42,0.11773,0.19185,87.1526,0.8481,0.5654,0.872
run_20260607_PlantVillage_ConvNeXtplusARM,PlantVillage,ConvNeXt+ARM,20260607,43,0.11032,0.13731,98.2751,0.8554,0.1308,0.8447
run_20260607_PlantDoc_ConvNeXtplusARM,PlantDoc,ConvNeXt+ARM,20260607,44,0.10749,0.19379,84.2028,0.7999,0.7035,0.8521
run_20260607_CUB-200-2011_ConvNeXtplusARM,CUB-200-2011,ConvNeXt+ARM,20260607,45,0.10775,0.11484,88.0558,0.8545,0.4208,0.8842
run_20260607_PlantVillage_UAMP-Net,PlantVillage,UAMP-Net,20260607,46,0.09487,0.08867,98.5429,0.9025,0.0335,0.8639
run_20260607_PlantDoc_UAMP-Net,PlantDoc,UAMP-Net,20260607,47,0.09444,0.16347,86.326,0.8778,0.6064,0.8567
run_20260607_CUB-200-2011_UAMP-Net,CUB-200-2011,UAMP-Net,20260607,48,0.09902,0.13382,88.701,0.882,0.47,0.7974
run_20260614_PlantVillage_ResNet-50,PlantVillage,ResNet-50,20260614,49,0.08217,0.10631,96.3186,0.8667,0.2261,0.8321
run_20260614_PlantDoc_ResNet-50,PlantDoc,ResNet-50,20260614,50,0.09452,0.16177,76.2411,0.8652,0.9529,0.8635
run_20260614_CUB-200-2011_ResNet-50,CUB-200-2011,ResNet-50,20260614,51,0.07363,0.11533,81.4484,0.857,0.8197,0.8194
run_20260614_PlantVillage_EfficientNet-B3,PlantVillage,EfficientNet-B3,20260614,52,0.07535,0.0772,97.1699,0.868,0.1597,0.8876
run_20260614_PlantDoc_EfficientNet-B3,PlantDoc,EfficientNet-B3,20260614,53,0.07933,0.13295,80.0359,0.8805,0.9025,0.8818
run_20260614_CUB-200-2011_EfficientNet-B3,CUB-200-2011,EfficientNet-B3,20260614,54,0.09527,0.0995,84.8883,0.8665,0.6392,0.8599
run_20260614_PlantVillage_ConvNeXt-Tiny,PlantVillage,ConvNeXt-Tiny,20260614,55,0.06741,0.07937,98.0449,0.871,0.1601,0.8472
run_20260614_PlantDoc_ConvNeXt-Tiny,PlantDoc,ConvNeXt-Tiny,20260614,56,0.03405,0.12693,82.2382,0.843,0.7714,0.8263
run_20260614_CUB-200-2011_ConvNeXt-Tiny,CUB-200-2011,ConvNeXt-Tiny,20260614,57,0.03926,0.08914,87.1482,0.8737,0.4884,0.8702
run_20260614_PlantVillage_Swin-Tiny,PlantVillage,Swin-Tiny,20260614,58,0.06424,0.05629,97.707,0.8677,0.1491,0.8578
run_20260614_PlantDoc_Swin-Tiny,PlantDoc,Swin-Tiny,20260614,59,0.02954,0.12912,80.6547,0.8613,0.8022,0.8636
run_20260614_CUB-200-2011_Swin-Tiny,CUB-200-2011,Swin-Tiny,20260614,60,0.04338,0.10073,86.9555,0.8931,0.5335,0.8129
run_20260614_PlantVillage_ConvNeXtplusARM,PlantVillage,ConvNeXt+ARM,20260614,1,1.70431,1.82865,85.9137,0.7254,0.6203,0.819
run_20260614_PlantDoc_ConvNeXtplusARM,PlantDoc,ConvNeXt+ARM,20260614,2,1.61328,1.76591,72.382,0.7741,0.98,0.8705
run_20260614_CUB-200-2011_ConvNeXtplusARM,CUB-200-2011,ConvNeXt+ARM,20260614,3,1.47886,1.68239,77.5982,0.7725,0.98,0.8532
run_20260614_PlantVillage_UAMP-Net,PlantVillage,UAMP-Net,20260614,4,1.41222,1.50469,88.9865,0.8117,0.4316,0.8206
run_20260614_PlantDoc_UAMP-Net,PlantDoc,UAMP-Net,20260614,5,1.30705,1.44843,78.0352,0.8443,0.971,0.8521
run_20260614_CUB-200-2011_UAMP-Net,CUB-200-2011,UAMP-Net,20260614,6,1.26072,1.36865,81.3012,0.8019,0.7836,0.8511
run_20260601_PlantVillage_ResNet-50,PlantVillage,ResNet-50,20260601,7,1.15896,1.24246,89.016,0.7623,0.4602,0.8188
run_20260601_PlantDoc_ResNet-50,PlantDoc,ResNet-50,20260601,8,1.09295,1.24869,69.0858,0.76,0.98,0.8808
run_20260601_CUB-200-2011_ResNet-50,CUB-200-2011,ResNet-50,20260601,9,1.05188,1.14913,76.4088,0.782,0.974,0.8263
run_20260601_PlantVillage_EfficientNet-B3,PlantVillage,EfficientNet-B3,20260601,10,0.97266,1.04562,91.5254,0.8142,0.3859,0.8654
run_20260601_PlantDoc_EfficientNet-B3,PlantDoc,EfficientNet-B3,20260601,11,0.90639,1.04073,74.343,0.77,0.98,0.8368
run_20260601_CUB-200-2011_EfficientNet-B3,CUB-200-2011,EfficientNet-B3,20260601,12,0.82518,0.92864,80.2543,0.7499,0.8214,0.7946
run_20260601_PlantVillage_ConvNeXt-Tiny,PlantVillage,ConvNeXt-Tiny,20260601,13,0.79842,0.83525,92.8389,0.7691,0.4111,0.8523
run_20260601_PlantDoc_ConvNeXt-Tiny,PlantDoc,ConvNeXt-Tiny,20260601,14,0.75677,0.86708,76.7509,0.729,0.9635,0.8182
run_20260601_CUB-200-2011_ConvNeXt-Tiny,CUB-200-2011,ConvNeXt-Tiny,20260601,15,0.7062,0.77513,82.3623,0.8006,0.6927,0.8282
run_20260601_PlantVillage_Swin-Tiny,PlantVillage,Swin-Tiny,20260601,16,0.6806,0.70635,94.5243,0.7612,0.2248,0.8437
run_20260601_PlantDoc_Swin-Tiny,PlantDoc,Swin-Tiny,20260601,17,0.61853,0.73003,77.6276,0.7848,0.9312,0.8453
run_20260601_CUB-200-2011_Swin-Tiny,CUB-200-2011,Swin-Tiny,20260601,18,0.56162,0.64908,83.414,0.8216,0.6727,0.8116
run_20260601_PlantVillage_ConvNeXtplusARM,PlantVillage,ConvNeXt+ARM,20260601,19,0.5513,0.55722,95.5455,0.7723,0.2568,0.86
run_20260601_PlantDoc_ConvNeXtplusARM,PlantDoc,ConvNeXt+ARM,20260601,20,0.50972,0.6142,80.4342,0.7845,0.8201,0.8519
run_20260601_CUB-200-2011_ConvNeXtplusARM,CUB-200-2011,ConvNeXt+ARM,20260601,21,0.47651,0.55799,85.2079,0.8245,0.6313,0.853
run_20260601_PlantVillage_UAMP-Net,PlantVillage,UAMP-Net,20260601,22,0.44641,0.47096,96.6049,0.8198,0.144,0.8469
run_20260601_PlantDoc_UAMP-Net,PlantDoc,UAMP-Net,20260601,23,0.40363,0.47854,84.0092,0.8984,0.5947,0.8464
run_20260601_CUB-200-2011_UAMP-Net,CUB-200-2011,UAMP-Net,20260601,24,0.3984,0.42466,87.3566,0.8447,0.5513,0.8871
run_20260607_PlantVillage_ResNet-50,PlantVillage,ResNet-50,20260607,25,0.37717,0.39539,94.8361,0.8162,0.2636,0.8721
run_20260607_PlantDoc_ResNet-50,PlantDoc,ResNet-50,20260607,26,0.3679,0.44008,74.5843,0.7618,0.98,0.8495
run_20260607_CUB-200-2011_ResNet-50,CUB-200-2011,ResNet-50,20260607,27,0.32065,0.42059,81.4954,0.8359,0.6984,0.8415
run_20260607_PlantVillage_EfficientNet-B3,PlantVillage,EfficientNet-B3,20260607,28,0.31093,0.30737,96.0424,0.8482,0.1984,0.8454
run_20260607_PlantDoc_EfficientNet-B3,PlantDoc,EfficientNet-B3,20260607,29,0.27886,0.3789,78.7429,0.7945,0.8785,0.8959
run_20260607_CUB-200-2011_EfficientNet-B3,CUB-200-2011,EfficientNet-B3,20260607,30,0.25543,0.3199,83.9198,0.7724,0.6139,0.8667
run_20260607_PlantVillage_ConvNeXt-Tiny,PlantVillage,ConvNeXt-Tiny,20260607,31,0.2457,0.24545,97.0195,0.806,0.175,0.8578
run_20260607_PlantDoc_ConvNeXt-Tiny,PlantDoc,ConvNeXt-Tiny,20260607,32,0.24684,0.32513,80.8685,0.7889,0.8047,0.8798
run_20260607_CUB-200-2011_ConvNeXt-Tiny,CUB-200-2011,ConvNeXt-Tiny,20260607,33,0.23379,0.26676,85.5355,0.8375,0.6999,0.8488
run_20260607_PlantVillage_Swin-Tiny,PlantVillage,Swin-Tiny,20260607,34,0.22621,0.24377,96.7942,0.8542,0.1275,0.8521
run_20260607_PlantDoc_Swin-Tiny,PlantDoc,Swin-Tiny,20260607,35,0.2063,0.24862,80.8938,0.7848,0.807,0.8395
run_20260607_CUB-200-2011_Swin-Tiny,CUB-200-2011,Swin-Tiny,20260607,36,0.20963,0.24372,86.7355,0.8272,0.6457,0.8357
run_20260607_PlantVillage_ConvNeXtplusARM,PlantVillage,ConvNeXt+ARM,20260607,37,0.16021,0.18435,97.8775,0.8016,0.0499,0.8523
run_20260607_PlantDoc_ConvNeXtplusARM,PlantDoc,ConvNeXt+ARM,20260607,38,0.16267,0.21727,83.3519,0.8197,0.7443,0.8588
run_20260607_CUB-200-2011_ConvNeXtplusARM,CUB-200-2011,ConvNeXt+ARM,20260607,39,0.15005,0.19282,86.9284,0.8358,0.5377,0.8616
run_20260607_PlantVillage_UAMP-Net,PlantVillage,UAMP-Net,20260607,40,0.15301,0.132,98.2932,0.8729,0.1149,0.8815
run_20260607_PlantDoc_UAMP-Net,PlantDoc,UAMP-Net,20260607,41,0.14813,0.18189,85.5871,0.898,0.5762,0.8754
run_20260607_CUB-200-2011_UAMP-Net,CUB-200-2011,UAMP-Net,20260607,42,0.14361,0.17788,90.1112,0.877,0.4252,0.8277
run_20260614_PlantVillage_ResNet-50,PlantVillage,ResNet-50,20260614,43,0.1307,0.13887,96.3323,0.8354,0.0881,0.8597
run_20260614_PlantDoc_ResNet-50,PlantDoc,ResNet-50,20260614,44,0.101,0.21625,76.2112,0.8334,0.98,0.8663
run_20260614_CUB-200-2011_ResNet-50,CUB-200-2011,ResNet-50,20260614,45,0.10355,0.18345,82.7426,0.8422,0.6808,0.8284
run_20260614_PlantVillage_EfficientNet-B3,PlantVillage,EfficientNet-B3,20260614,46,0.09237,0.10683,97.2623,0.8458,0.1546,0.8764
run_20260614_PlantDoc_EfficientNet-B3,PlantDoc,EfficientNet-B3,20260614,47,0.08522,0.17842,79.6237,0.8867,0.8545,0.8591
run_20260614_CUB-200-2011_EfficientNet-B3,CUB-200-2011,EfficientNet-B3,20260614,48,0.0733,0.15301,85.3511,0.8594,0.5915,0.8182
run_20260614_PlantVillage_ConvNeXt-Tiny,PlantVillage,ConvNeXt-Tiny,20260614,49,0.0817,0.12393,98.176,0.8471,0.085,0.8301
run_20260614_PlantDoc_ConvNeXt-Tiny,PlantDoc,ConvNeXt-Tiny,20260614,50,0.08802,0.13386,81.6759,0.8292,0.7781,0.8449
run_20260614_CUB-200-2011_ConvNeXt-Tiny,CUB-200-2011,ConvNeXt-Tiny,20260614,51,0.03649,0.13635,86.6076,0.8614,0.6271,0.8102
run_20260614_PlantVillage_Swin-Tiny,PlantVillage,Swin-Tiny,20260614,52,0.07534,0.04166,97.9166,0.8457,0.0959,0.8481
run_20260614_PlantDoc_Swin-Tiny,PlantDoc,Swin-Tiny,20260614,53,0.05729,0.1356,81.1789,0.8263,0.7953,0.8364
run_20260614_CUB-200-2011_Swin-Tiny,CUB-200-2011,Swin-Tiny,20260614,54,0.0854,0.1066,87.5956,0.8935,0.5312,0.8388
run_20260614_PlantVillage_ConvNeXtplusARM,PlantVillage,ConvNeXt+ARM,20260614,55,0.05529,0.0387,98.4323,0.8856,0.0415,0.8634
run_20260614_PlantDoc_ConvNeXtplusARM,PlantDoc,ConvNeXt+ARM,20260614,56,0.05861,0.0839,83.1467,0.88,0.6919,0.8305
run_20260614_CUB-200-2011_ConvNeXtplusARM,CUB-200-2011,ConvNeXt+ARM,20260614,57,0.0689,0.08119,87.7681,0.848,0.5228,0.8574
run_20260614_PlantVillage_UAMP-Net,PlantVillage,UAMP-Net,20260614,58,0.04426,0.04551,99.0996,0.948,0.02,0.8337
run_20260614_PlantDoc_UAMP-Net,PlantDoc,UAMP-Net,20260614,59,0.0429,0.0841,86.8329,0.98,0.4894,0.852
run_20260614_CUB-200-2011_UAMP-Net,CUB-200-2011,UAMP-Net,20260614,60,0.0302,0.1034,89.7675,0.9209,0.3565,0.8314
run_20260601_PlantVillage_ResNet-50,PlantVillage,ResNet-50,20260601,1,1.659,1.86328,84.2097,0.7557,0.6606,0.8322
run_20260601_PlantDoc_ResNet-50,PlantDoc,ResNet-50,20260601,2,1.58484,1.80356,65.8745,0.7452,0.98,0.8188
run_20260601_CUB-200-2011_ResNet-50,CUB-200-2011,ResNet-50,20260601,3,1.46298,1.64132,71.7878,0.7664,0.98,0.8618
run_20260601_PlantVillage_EfficientNet-B3,PlantVillage,EfficientNet-B3,20260601,4,1.36681,1.54231,87.6207,0.7849,0.5113,0.8602
run_20260601_PlantDoc_EfficientNet-B3,PlantDoc,EfficientNet-B3,20260601,5,1.29055,1.50762,70.563,0.7306,0.98,0.8431
run_20260601_CUB-200-2011_EfficientNet-B3,CUB-200-2011,EfficientNet-B3,20260601,6,1.22808,1.38011,77.0594,0.7128,0.98,0.8521
run_20260601_PlantVillage_ConvNeXt-Tiny,PlantVillage,ConvNeXt-Tiny,20260601,7,1.15511,1.28257,90.4541,0.7409,0.3473,0.845
run_20260601_PlantDoc_ConvNeXt-Tiny,PlantDoc,ConvNeXt-Tiny,20260601,8,1.07518,1.26764,75.3782,0.7627,0.98,0.8304
run_20260601_CUB-200-2011_ConvNeXt-Tiny,CUB-200-2011,ConvNeXt-Tiny,20260601,9,1.03826,1.16606,80.2481,0.7802,0.8475,0.8613
run_20260601_PlantVillage_Swin-Tiny,PlantVillage,Swin-Tiny,20260601,10,0.9647,1.02952,92.0777,0.7888,0.3959,0.8561
run_20260601_PlantDoc_Swin-Tiny,PlantDoc,Swin-Tiny,20260601,11,0.89373,1.01682,75.6702,0.7934,0.98,0.8319
run_20260601_CUB-200-2011_Swin-Tiny,CUB-200-2011,Swin-Tiny,20260601,12,0.85751,0.9446,82.4271,0.7574,0.7281,0.8513
run_20260601_PlantVillage_ConvNeXtplusARM,PlantVillage,ConvNeXt+ARM,20260601,13,0.81428,0.83633,93.316,0.7639,0.2555,0.8484
run_20260601_PlantDoc_ConvNeXtplusARM,PlantDoc,ConvNeXt+ARM,20260601,14,0.75423,0.89394,79.2775,0.7717,0.7398,0.8216
run_20260601_CUB-200-2011_ConvNeXtplusARM,CUB-200-2011,ConvNeXt+ARM,20260601,15,0.69887,0.74505,83.3877,0.7867,0.7906,0.8191
run_20260601_PlantVillage_UAMP-Net,PlantVillage,UAMP-Net,20260601,16,0.65505,0.67169,95.2862,0.7963,0.2707,0.8628
run_20260601_PlantDoc_UAMP-Net,PlantDoc,UAMP-Net,20260601,17,0.61807,0.7217,82.666,0.8593,0.7544,0.8496
run_20260601_CUB-200-2011_UAMP-Net,CUB-200-2011,UAMP-Net,20260601,18,0.58944,0.64441,86.2575,0.8513,0.5176,0.8513
run_20260607_PlantVillage_ResNet-50,PlantVillage,ResNet-50,20260607,19,0.54545,0.56616,93.5131,0.8008,0.2844,0.8563
run_20260607_PlantDoc_ResNet-50,PlantDoc,ResNet-50,20260607,20,0.50183,0.62089,73.4422,0.8036,0.98,0.817
run_20260607_CUB-200-2011_ResNet-50,CUB-200-2011,ResNet-50,20260607,21,0.48831,0.52164,80.177,0.7915,0.8186,0.8669
run_20260607_PlantVillage_EfficientNet-B3,PlantVillage,EfficientNet-B3,20260607,22,0.43529,0.50994,94.9839,0.7931,0.228,0.8699
run_20260607_PlantDoc_EfficientNet-B3,PlantDoc,EfficientNet-B3,20260607,23,0.39325,0.47344,77.2632,0.8023,0.9156,0.8125
run_20260607_CUB-200-2011_EfficientNet-B3,CUB-200-2011,EfficientNet-B3,20260607,24,0.39116,0.44866,83.5799,0.8254,0.7749,0.8993
run_20260607_PlantVillage_ConvNeXt-Tiny,PlantVillage,ConvNeXt-Tiny,20260607,25,0.3608,0.37102,96.2506,0.787,0.0872,0.861
run_20260607_PlantDoc_ConvNeXt-Tiny,PlantDoc,ConvNeXt-Tiny,20260607,26,0.34734,0.46424,81.2284,0.8196,0.7425,0.8428
run_20260607_CUB-200-2011_ConvNeXt-Tiny,CUB-200-2011,ConvNeXt-Tiny,20260607,27,0.30382,0.39398,84.9301,0.7899,0.6102,0.819
run_20260607_PlantVillage_Swin-Tiny,PlantVillage,Swin-Tiny,20260607,28,0.31234,0.33259,96.7837,0.7823,0.1417,0.8593
run_20260607_PlantDoc_Swin-Tiny,PlantDoc,Swin-Tiny,20260607,29,0.28908,0.38073,80.9572,0.8117,0.8204,0.8465
run_20260607_CUB-200-2011_Swin-Tiny,CUB-200-2011,Swin-Tiny,20260607,30,0.29109,0.34681,87.2521,0.7843,0.5717,0.809
run_20260607_PlantVillage_ConvNeXtplusARM,PlantVillage,ConvNeXt+ARM,20260607,31,0.27962,0.24878,97.1315,0.8101,0.0814,0.8455
run_20260607_PlantDoc_ConvNeXtplusARM,PlantDoc,ConvNeXt+ARM,20260607,32,0.2521,0.2893,83.2808,0.8565,0.6624,0.8315
run_20260607_CUB-200-2011_ConvNeXtplusARM,CUB-200-2011,ConvNeXt+ARM,20260607,33,0.21899,0.27536,87.2691,0.8086,0.5229,0.8755
run_20260607_PlantVillage_UAMP-Net,PlantVillage,UAMP-Net,20260607,34,0.24101,0.21245,98.0188,0.864,0.1398,0.8362
run_20260607_PlantDoc_UAMP-Net,PlantDoc,UAMP-Net,20260607,35,0.19824,0.26707,85.7129,0.8683,0.5687,0.8354
run_20260607_CUB-200-2011_UAMP-Net,CUB-200-2011,UAMP-Net,20260607,36,0.19484,0.22944,89.2468,0.8705,0.5247,0.8767
run_20260614_PlantVillage_ResNet-50,PlantVillage,ResNet-50,20260614,37,0.1944,0.20447,96.3965,0.83,0.104,0.868
run_20260614_PlantDoc_ResNet-50,PlantDoc,ResNet-50,20260614,38,0.1766,0.22685,75.7264,0.8397,0.9608,0.8723
run_20260614_CUB-200-2011_ResNet-50,CUB-200-2011,ResNet-50,20260614,39,0.15913,0.20978,82.2885,0.8333,0.7345,0.8252
run_20260614_PlantVillage_EfficientNet-B3,PlantVillage,EfficientNet-B3,20260614,40,0.16051,0.12867,96.8567,0.8223,0.1341,0.8908
run_20260614_PlantDoc_EfficientNet-B3,PlantDoc,EfficientNet-B3,20260614,41,0.13679,0.23035,78.9119,0.8233,0.8162,0.8604
run_20260614_CUB-200-2011_EfficientNet-B3,CUB-200-2011,EfficientNet-B3,20260614,42,0.16242,0.17334,85.8464,0.8595,0.6275,0.8704
run_20260614_PlantVillage_ConvNeXt-Tiny,PlantVillage,ConvNeXt-Tiny,20260614,43,0.14531,0.10172,97.3582,0.8304,0.1889,0.8853
run_20260614_PlantDoc_ConvNeXt-Tiny,PlantDoc,ConvNeXt-Tiny,20260614,44,0.09418,0.19664,80.9388,0.8576,0.8295,0.874
run_20260614_CUB-200-2011_ConvNeXt-Tiny,CUB-200-2011,ConvNeXt-Tiny,20260614,45,0.1189,0.15734,86.9127,0.8224,0.5988,0.8378
run_20260614_PlantVillage_Swin-Tiny,PlantVillage,Swin-Tiny,20260614,46,0.08866,0.10567,97.6487,0.8217,0.1096,0.8701
run_20260614_PlantDoc_Swin-Tiny,PlantDoc,Swin-Tiny,20260614,47,0.13152,0.15102,81.7619,0.8721,0.7163,0.8512
run_20260614_CUB-200-2011_Swin-Tiny,CUB-200-2011,Swin-Tiny,20260614,48,0.10082,0.14396,87.0477,0.8748,0.5331,0.8785
run_20260614_PlantVillage_ConvNeXtplusARM,PlantVillage,ConvNeXt+ARM,20260614,49,0.09171,0.10361,98.6871,0.855,0.02,0.8296
run_20260614_PlantDoc_ConvNeXtplusARM,PlantDoc,ConvNeXt+ARM,20260614,50,0.05495,0.17825,84.2892,0.8272,0.662,0.8566
run_20260614_CUB-200-2011_ConvNeXtplusARM,CUB-200-2011,ConvNeXt+ARM,20260614,51,0.07987,0.10308,87.7021,0.8357,0.4906,0.8766
run_20260614_PlantVillage_UAMP-Net,PlantVillage,UAMP-Net,20260614,52,0.0654,0.05066,98.6067,0.9339,0.0925,0.8547
run_20260614_PlantDoc_UAMP-Net,PlantDoc,UAMP-Net,20260614,53,0.05487,0.12626,86.418,0.8612,0.6016,0.833
run_20260614_CUB-200-2011_UAMP-Net,CUB-200-2011,UAMP-Net,20260614,54,0.0828,0.06601,89.5312,0.8548,0.3465,0.8436
run_20260601_PlantVillage_ResNet-50,PlantVillage,ResNet-50,20260601,55,0.0651,0.05129,96.5474,0.8618,0.1485,0.8483
run_20260601_PlantDoc_ResNet-50,PlantDoc,ResNet-50,20260601,56,0.04515,0.16194,76.5014,0.8646,0.98,0.8323
run_20260601_CUB-200-2011_ResNet-50,CUB-200-2011,ResNet-50,20260601,57,0.02249,0.11006,82.8917,0.8819,0.6185,0.8243
run_20260601_PlantVillage_EfficientNet-B3,PlantVillage,EfficientNet-B3,20260601,58,0.0387,0.04272,97.0858,0.8663,0.1396,0.8509
run_20260601_PlantDoc_EfficientNet-B3,PlantDoc,EfficientNet-B3,20260601,59,0.0582,0.12966,79.2753,0.867,0.8741,0.8654
run_20260601_CUB-200-2011_EfficientNet-B3,CUB-200-2011,EfficientNet-B3,20260601,60,0.03184,0.07488,85.4339,0.8798,0.7188,0.8325
run_20260601_PlantVillage_ConvNeXt-Tiny,PlantVillage,ConvNeXt-Tiny,20260601,1,1.69445,1.82705,85.7681,0.7534,0.6076,0.8245
run_20260601_PlantDoc_ConvNeXt-Tiny,PlantDoc,ConvNeXt-Tiny,20260601,2,1.61237,1.77605,70.7639,0.7483,0.98,0.8535
run_20260601_CUB-200-2011_ConvNeXt-Tiny,CUB-200-2011,ConvNeXt-Tiny,20260601,3,1.50376,1.65313,75.6492,0.7733,0.8845,0.8479
run_20260601_PlantVillage_Swin-Tiny,PlantVillage,Swin-Tiny,20260601,4,1.40628,1.50204,88.216,0.7252,0.5762,0.8602
run_20260601_PlantDoc_Swin-Tiny,PlantDoc,Swin-Tiny,20260601,5,1.32773,1.48922,73.4944,0.7369,0.98,0.8919
run_20260601_CUB-200-2011_Swin-Tiny,CUB-200-2011,Swin-Tiny,20260601,6,1.22045,1.37343,79.4962,0.7682,0.8974,0.8621
run_20260601_PlantVillage_ConvNeXtplusARM,PlantVillage,ConvNeXt+ARM,20260601,7,1.15037,1.19891,90.8329,0.7442,0.404,0.8345
run_20260601_PlantDoc_ConvNeXtplusARM,PlantDoc,ConvNeXt+ARM,20260601,8,1.09893,1.22508,77.0404,0.771,0.9615,0.8645
run_20260601_CUB-200-2011_ConvNeXtplusARM,CUB-200-2011,ConvNeXt+ARM,20260601,9,1.01887,1.13718,81.5393,0.776,0.782,0.8703
run_20260601_PlantVillage_UAMP-Net,PlantVillage,UAMP-Net,20260601,10,0.95293,1.04741,92.7072,0.8445,0.3335,0.8578
run_20260601_PlantDoc_UAMP-Net,PlantDoc,UAMP-Net,20260601,11,0.91787,1.00518,80.9647,0.8261,0.7621,0.8402
run_20260601_CUB-200-2011_UAMP-Net,CUB-200-2011,UAMP-Net,20260601,12,0.85522,0.97314,84.3861,0.8299,0.6958,0.8572
run_20260607_PlantVillage_ResNet-50,PlantVillage,ResNet-50,20260607,13,0.80952,0.86591,91.8233,0.7619,0.3511,0.8363
run_20260607_PlantDoc_ResNet-50,PlantDoc,ResNet-50,20260607,14,0.76307,0.87244,72.4672,0.7881,0.98,0.8248
run_20260607_CUB-200-2011_ResNet-50,CUB-200-2011,ResNet-50,20260607,15,0.73023,0.80232,78.6504,0.7924,0.9044,0.847
run_20260607_PlantVillage_EfficientNet-B3,PlantVillage,EfficientNet-B3,20260607,16,0.67065,0.70086,93.5725,0.7914,0.2258,0.8316
run_20260607_PlantDoc_EfficientNet-B3,PlantDoc,EfficientNet-B3,20260607,17,0.60347,0.72358,76.1978,0.7539,0.98,0.8303
run_20260607_CUB-200-2011_EfficientNet-B3,CUB-200-2011,EfficientNet-B3,20260607,18,0.59754,0.7045,81.5106,0.7976,0.766,0.8794
run_20260607_PlantVillage_ConvNeXt-Tiny,PlantVillage,ConvNeXt-Tiny,20260607,19,0.55555,0.56567,94.8993,0.7761,0.2224,0.8725
run_20260607_PlantDoc_ConvNeXt-Tiny,PlantDoc,ConvNeXt-Tiny,20260607,20,0.51418,0.60922,78.2909,0.7764,0.9265,0.8662
run_20260607_CUB-200-2011_ConvNeXt-Tiny,CUB-200-2011,ConvNeXt-Tiny,20260607,21,0.47505,0.59944,84.4313,0.8241,0.5724,0.8519
run_20260607_PlantVillage_Swin-Tiny,PlantVillage,Swin-Tiny,20260607,22,0.43535,0.4517,95.839,0.8017,0.1199,0.8318
run_20260607_PlantDoc_Swin-Tiny,PlantDoc,Swin-Tiny,20260607,23,0.39207,0.51142,79.3671,0.7727,0.7758,0.8403
run_20260607_CUB-200-2011_Swin-Tiny,CUB-200-2011,Swin-Tiny,20260607,24,0.36078,0.46564,85.3048,0.7795,0.6473,0.8376
run_20260607_PlantVillage_ConvNeXtplusARM,PlantVillage,ConvNeXt+ARM,20260607,25,0.37983,0.41961,96.4709,0.7914,0.0771,0.8452
run_20260607_PlantDoc_ConvNeXtplusARM,PlantDoc,ConvNeXt+ARM,20260607,26,0.35175,0.43452,80.982,0.7957,0.8606,0.8555
run_20260607_CUB-200-2011_ConvNeXtplusARM,CUB-200-2011,ConvNeXt+ARM,20260607,27,0.34949,0.3938,86.5393,0.7731,0.5061,0.8486
run_20260607_PlantVillage_UAMP-Net,PlantVillage,UAMP-Net,20260607,28,0.28791,0.32308,97.1625,0.8692,0.1865,0.8588
run_20260607_PlantDoc_UAMP-Net,PlantDoc,UAMP-Net,20260607,29,0.27479,0.34193,85.5124,0.8719,0.6368,0.8141
run_20260607_CUB-200-2011_UAMP-Net,CUB-200-2011,UAMP-Net,20260607,30,0.28125,0.3169,88.5461,0.8878,0.4574,0.8639
run_20260614_PlantVillage_ResNet-50,PlantVillage,ResNet-50,20260614,31,0.28771,0.30949,95.4418,0.7968,0.1208,0.8472
run_20260614_PlantDoc_ResNet-50,PlantDoc,ResNet-50,20260614,32,0.24926,0.35358,76.3255,0.8097,0.9775,0.8365
run_20260614_CUB-200-2011_ResNet-50,CUB-200-2011,ResNet-50,20260614,33,0.21353,0.2775,81.8669,0.8314,0.7792,0.8628
run_20260614_PlantVillage_EfficientNet-B3,PlantVillage,EfficientNet-B3,20260614,34,0.22202,0.24198,96.594,0.8387,0.1631,0.8391
run_20260614_PlantDoc_EfficientNet-B3,PlantDoc,EfficientNet-B3,20260614,35,0.19109,0.30174,78.7384,0.821,0.9416,0.8397
run_20260614_CUB-200-2011_EfficientNet-B3,CUB-200-2011,EfficientNet-B3,20260614,36,0.19762,0.25036,84.8352,0.8199,0.6918,0.8724
run_20260614_PlantVillage_ConvNeXt-Tiny,PlantVillage,ConvNeXt-Tiny,20260614,37,0.18664,0.19587,97.6726,0.8213,0.1049,0.8638
run_20260614_PlantDoc_ConvNeXt-Tiny,PlantDoc,ConvNeXt-Tiny,20260614,38,0.14966,0.26301,81.857,0.8083,0.8554,0.8474
run_20260614_CUB-200-2011_ConvNeXt-Tiny,CUB-200-2011,ConvNeXt-Tiny,20260614,39,0.15932,0.1742,86.1348,0.8297,0.512,0.8757
run_20260614_PlantVillage_Swin-Tiny,PlantVillage,Swin-Tiny,20260614,40,0.14636,0.17488,97.0917,0.8426,0.1403,0.8874
run_20260614_PlantDoc_Swin-Tiny,PlantDoc,Swin-Tiny,20260614,41,0.13688,0.24908,80.8019,0.8487,0.8209,0.8432
run_20260614_CUB-200-2011_Swin-Tiny,CUB-200-2011,Swin-Tiny,20260614,42,0.14308,0.1835,87.7407,0.8319,0.5986,0.8415
run_20260614_PlantVillage_ConvNeXtplusARM,PlantVillage,ConvNeXt+ARM,20260614,43,0.12354,0.13784,97.9798,0.8483,0.0863,0.8712
run_20260614_PlantDoc_ConvNeXtplusARM,PlantDoc,ConvNeXt+ARM,20260614,44,0.11151,0.1798,83.2062,0.862,0.6427,0.8439
run_20260614_CUB-200-2011_ConvNeXtplusARM,CUB-200-2011,ConvNeXt+ARM,20260614,45,0.10367,0.13919,87.9636,0.8167,0.599,0.8725
run_20260614_PlantVillage_UAMP-Net,PlantVillage,UAMP-Net,20260614,46,0.11066,0.10051,98.6373,0.8784,0.092,0.8539
run_20260614_PlantDoc_UAMP-Net,PlantDoc,UAMP-Net,20260614,47,0.0718,0.12104,86.336,0.8993,0.5338,0.8613
run_20260614_CUB-200-2011_UAMP-Net,CUB-200-2011,UAMP-Net,20260614,48,0.09216,0.14662,89.2519,0.9418,0.4719,0.8338
run_20260601_PlantVillage_ResNet-50,PlantVillage,ResNet-50,20260601,49,0.08262,0.08162,96.1279,0.8736,0.1202,0.8643
run_20260601_PlantDoc_ResNet-50,PlantDoc,ResNet-50,20260601,50,0.07043,0.15272,76.1198,0.8563,0.98,0.8486
run_20260601_CUB-200-2011_ResNet-50,CUB-200-2011,ResNet-50,20260601,51,0.0854,0.15438,82.6611,0.8889,0.7155,0.8207
run_20260601_PlantVillage_EfficientNet-B3,PlantVillage,EfficientNet-B3,20260601,52,0.09657,0.08383,97.6389,0.8626,0.1452,0.8863
run_20260601_PlantDoc_EfficientNet-B3,PlantDoc,EfficientNet-B3,20260601,53,0.04351,0.11568,80.2047,0.8412,0.8288,0.8189
run_20260601_CUB-200-2011_EfficientNet-B3,CUB-200-2011,EfficientNet-B3,20260601,54,0.07517,0.12114,84.6851,0.8512,0.6343,0.8434
run_20260601_PlantVillage_ConvNeXt-Tiny,PlantVillage,ConvNeXt-Tiny,20260601,55,0.04152,0.06954,97.8897,0.869,0.0429,0.8473
run_20260601_PlantDoc_ConvNeXt-Tiny,PlantDoc,ConvNeXt-Tiny,20260601,56,0.04985,0.1019,82.3214,0.8801,0.6947,0.8605
run_20260601_CUB-200-2011_ConvNeXt-Tiny,CUB-200-2011,ConvNeXt-Tiny,20260601,57,0.08048,0.12508,86.9528,0.8882,0.5774,0.853
run_20260601_PlantVillage_Swin-Tiny,PlantVillage,Swin-Tiny,20260601,58,0.04975,0.07397,98.0496,0.8499,0.0948,0.8467
run_20260601_PlantDoc_Swin-Tiny,PlantDoc,Swin-Tiny,20260601,59,0.0696,0.10164,80.7441,0.8855,0.7974,0.8543
run_20260601_CUB-200-2011_Swin-Tiny,CUB-200-2011,Swin-Tiny,20260601,60,0.06302,0.0935,87.7529,0.8546,0.5512,0.8511
run_20260601_PlantVillage_ConvNeXtplusARM,PlantVillage,ConvNeXt+ARM,20260601,1,1.66186,1.84439,86.1068,0.7476,0.5152,0.8326
run_20260601_PlantDoc_ConvNeXtplusARM,PlantDoc,ConvNeXt+ARM,20260601,2,1.60782,1.79369,71.9418,0.7738,0.98,0.8241
run_20260601_CUB-200-2011_ConvNeXtplusARM,CUB-200-2011,ConvNeXt+ARM,20260601,3,1.47012,1.63245,77.0705,0.7521,0.98,0.8351
run_20260601_PlantVillage_UAMP-Net,PlantVillage,UAMP-Net,20260601,4,1.397,1.50323,89.1838,0.8184,0.5123,0.8529
run_20260601_PlantDoc_UAMP-Net,PlantDoc,UAMP-Net,20260601,5,1.31786,1.44957,77.6538,0.8149,0.9663,0.8532
run_20260601_CUB-200-2011_UAMP-Net,CUB-200-2011,UAMP-Net,20260601,6,1.21726,1.34264,80.9797,0.857,0.8157,0.8497
run_20260607_PlantVillage_ResNet-50,PlantVillage,ResNet-50,20260607,7,1.17499,1.24549,88.7148,0.775,0.5005,0.869
run_20260607_PlantDoc_ResNet-50,PlantDoc,ResNet-50,20260607,8,1.07661,1.25563,69.459,0.7817,0.98,0.8186
run_20260607_CUB-200-2011_ResNet-50,CUB-200-2011,ResNet-50,20260607,9,0.99772,1.17744,75.2422,0.7792,0.98,0.827
run_20260607_PlantVillage_EfficientNet-B3,PlantVillage,EfficientNet-B3,20260607,10,0.99818,1.03186,91.3036,0.7791,0.2862,0.8562
run_20260607_PlantDoc_EfficientNet-B3,PlantDoc,EfficientNet-B3,20260607,11,0.9024,1.05526,73.3276,0.7714,0.98,0.8131
run_20260607_CUB-200-2011_EfficientNet-B3,CUB-200-2011,EfficientNet-B3,20260607,12,0.8368,0.96684,79.7042,0.7965,0.8027,0.8418
run_20260607_PlantVillage_ConvNeXt-Tiny,PlantVillage,ConvNeXt-Tiny,20260607,13,0.78123,0.82166,93.12,0.7874,0.3259,0.8226
run_20260607_PlantDoc_ConvNeXt-Tiny,PlantDoc,ConvNeXt-Tiny,20260607,14,0.73869,0.87316,77.292,0.7984,0.8994,0.8669
run_20260607_CUB-200-2011_ConvNeXt-Tiny,CUB-200-2011,ConvNeXt-Tiny,20260607,15,0.71901,0.77333,82.7021,0.7963,0.8073,0.8574
run_20260607_PlantVillage_Swin-Tiny,PlantVillage,Swin-Tiny,20260607,16,0.67728,0.67026,94.356,0.7814,0.1923,0.86
run_20260607_PlantDoc_Swin-Tiny,PlantDoc,Swin-Tiny,20260607,17,0.64063,0.72689,77.6555,0.7933,0.9495,0.8297
run_20260607_CUB-200-2011_Swin-Tiny,CUB-200-2011,Swin-Tiny,20260607,18,0.60103,0.65639,84.0452,0.7619,0.6357,0.8649
run_20260607_PlantVillage_ConvNeXtplusARM,PlantVillage,ConvNeXt+ARM,20260607,19,0.54963,0.5945,95.501,0.7644,0.2181,0.8397
run_20260607_PlantDoc_ConvNeXtplusARM,PlantDoc,ConvNeXt+ARM,20260607,20,0.53335,0.59755,81.2187,0.8119,0.7647,0.8261
run_20260607_CUB-200-2011_ConvNeXtplusARM,CUB-200-2011,ConvNeXt+ARM,20260607,21,0.47432,0.56952,85.6935,0.7867,0.6644,0.8613
run_20260607_PlantVillage_UAMP-Net,PlantVillage,UAMP-Net,20260607,22,0.46267,0.47297,96.1241,0.8556,0.0822,0.8531
run_20260607_PlantDoc_UAMP-Net,PlantDoc,UAMP-Net,20260607,23,0.42744,0.47321,84.5002,0.8719,0.7239,0.872
run_20260607_CUB-200-2011_UAMP-Net,CUB-200-2011,UAMP-Net,20260607,24,0.39633,0.43393,87.1972,0.8396,0.6144,0.8786
run_20260614_PlantVillage_ResNet-50,PlantVillage,ResNet-50,20260614,25,0.36126,0.36206,95.2073,0.7661,0.275,0.8279
run_20260614_PlantDoc_ResNet-50,PlantDoc,ResNet-50,20260614,26,0.38101,0.46127,74.8535,0.7788,0.98,0.8511
run_20260614_CUB-200-2011_ResNet-50,CUB-200-2011,ResNet-50,20260614,27,0.31727,0.39348,81.0492,0.7931,0.8971,0.8488
run_20260614_PlantVillage_EfficientNet-B3,PlantVillage,EfficientNet-B3,20260614,28,0.29803,0.32958,95.6814,0.8223,0.1796,0.8603
run_20260614_PlantDoc_EfficientNet-B3,PlantDoc,EfficientNet-B3,20260614,29,0.29633,0.36028,78.1296,0.8137,0.8786,0.8367
run_20260614_CUB-200-2011_EfficientNet-B3,CUB-200-2011,EfficientNet-B3,20260614,30,0.30541,0.3461,83.6502,0.8275,0.7049,0.8206
run_20260614_PlantVillage_ConvNeXt-Tiny,PlantVillage,ConvNeXt-Tiny,20260614,31,0.27605,0.26349,96.7162,0.8234,0.0973,0.8069
run_20260614_PlantDoc_ConvNeXt-Tiny,PlantDoc,ConvNeXt-Tiny,20260614,32,0.2548,0.3529,80.5917,0.8224,0.817,0.8745
run_20260614_CUB-200-2011_ConvNeXt-Tiny,CUB-200-2011,ConvNeXt-Tiny,20260614,33,0.19528,0.28018,86.6869,0.7982,0.6392,0.8548
run_20260614_PlantVillage_Swin-Tiny,PlantVillage,Swin-Tiny,20260614,34,0.21219,0.2495,96.9185,0.8203,0.1961,0.8577
run_20260614_PlantDoc_Swin-Tiny,PlantDoc,Swin-Tiny,20260614,35,0.20485,0.25944,80.6038,0.7867,0.7896,0.8199
run_20260614_CUB-200-2011_Swin-Tiny,CUB-200-2011,Swin-Tiny,20260614,36,0.18069,0.22469,87.2073,0.8,0.4271,0.8484
run_20260614_PlantVillage_ConvNeXtplusARM,PlantVillage,ConvNeXt+ARM,20260614,37,0.20945,0.1815,97.4877,0.8133,0.145,0.8472
run_20260614_PlantDoc_ConvNeXtplusARM,PlantDoc,ConvNeXt+ARM,20260614,38,0.18007,0.25937,83.4753,0.828,0.6791,0.8595
run_20260614_CUB-200-2011_ConvNeXtplusARM,CUB-200-2011,ConvNeXt+ARM,20260614,39,0.14803,0.21395,87.5718,0.8267,0.5246,0.8634
run_20260614_PlantVillage_UAMP-Net,PlantVillage,UAMP-Net,20260614,40,0.16162,0.15391,98.7455,0.867,0.0552,0.8429
run_20260614_PlantDoc_UAMP-Net,PlantDoc,UAMP-Net,20260614,41,0.11991,0.18194,86.0552,0.8746,0.5649,0.8603
run_20260614_CUB-200-2011_UAMP-Net,CUB-200-2011,UAMP-Net,20260614,42,0.11102,0.16657,89.9483,0.9063,0.3896,0.8493
run_20260601_PlantVillage_ResNet-50,PlantVillage,ResNet-50,20260601,43,0.13222,0.12738,96.3924,0.8273,0.2071,0.8095
run_20260601_PlantDoc_ResNet-50,PlantDoc,ResNet-50,20260601,44,0.11785,0.18028,76.1996,0.8621,0.98,0.8648
run_20260601_CUB-200-2011_ResNet-50,CUB-200-2011,ResNet-50,20260601,45,0.12428,0.16081,81.9253,0.8539,0.7675,0.8621
run_20260601_PlantVillage_EfficientNet-B3,PlantVillage,EfficientNet-B3,20260601,46,0.09081,0.11384,97.0603,0.8456,0.0806,0.8678
run_20260601_PlantDoc_EfficientNet-B3,PlantDoc,EfficientNet-B3,20260601,47,0.10748,0.15992,79.9152,0.8552,0.8147,0.8458
run_20260601_CUB-200-2011_EfficientNet-B3,CUB-200-2011,EfficientNet-B3,20260601,48,0.08692,0.14992,84.9993,0.8338,0.6138,0.7891
run_20260601_PlantVillage_ConvNeXt-Tiny,PlantVillage,ConvNeXt-Tiny,20260601,49,0.09403,0.07244,97.9262,0.8526,0.0487,0.8567
run_20260601_PlantDoc_ConvNeXt-Tiny,PlantDoc,ConvNeXt-Tiny,20260601,50,0.07973,0.14228,81.8687,0.815,0.761,0.8644
run_20260601_CUB-200-2011_ConvNeXt-Tiny,CUB-200-2011,ConvNeXt-Tiny,20260601,51,0.07081,0.13398,86.609,0.8669,0.5624,0.8407
run_20260601_PlantVillage_Swin-Tiny,PlantVillage,Swin-Tiny,20260601,52,0.03234,0.07719,97.7922,0.8818,0.1257,0.8765
run_20260601_PlantDoc_Swin-Tiny,PlantDoc,Swin-Tiny,20260601,53,0.05106,0.14642,81.194,0.8614,0.8173,0.8632
run_20260601_CUB-200-2011_Swin-Tiny,CUB-200-2011,Swin-Tiny,20260601,54,0.06205,0.08749,87.0958,0.892,0.6274,0.8511
run_20260601_PlantVillage_ConvNeXtplusARM,PlantVillage,ConvNeXt+ARM,20260601,55,0.05161,0.06543,98.1241,0.8494,0.0836,0.8594
run_20260601_PlantDoc_ConvNeXtplusARM,PlantDoc,ConvNeXt+ARM,20260601,56,0.05361,0.09506,84.1245,0.835,0.7218,0.8836
run_20260601_CUB-200-2011_ConvNeXtplusARM,CUB-200-2011,ConvNeXt+ARM,20260601,57,0.0538,0.08377,87.6094,0.8747,0.4447,0.8489
run_20260601_PlantVillage_UAMP-Net,PlantVillage,UAMP-Net,20260601,58,0.06407,0.08464,98.8044,0.9612,0.0584,0.8369
run_20260601_PlantDoc_UAMP-Net,PlantDoc,UAMP-Net,20260601,59,0.04023,0.1098,86.4544,0.9089,0.5873,0.8638
run_20260601_CUB-200-2011_UAMP-Net,CUB-200-2011,UAMP-Net,20260601,60,0.03911,0.09655,89.4735,0.9384,0.3851,0.8397
run_20260607_PlantVillage_ResNet-50,PlantVillage,ResNet-50,20260607,1,1.68684,1.86567,84.2241,0.7127,0.5724,0.8376
run_20260607_PlantDoc_ResNet-50,PlantDoc,ResNet-50,20260607,2,1.57559,1.85879,64.8221,0.7458,0.98,0.8879
run_20260607_CUB-200-2011_ResNet-50,CUB-200-2011,ResNet-50,20260607,3,1.46026,1.68708,70.9191,0.7827,0.98,0.8642
run_20260607_PlantVillage_EfficientNet-B3,PlantVillage,EfficientNet-B3,20260607,4,1.40252,1.50954,87.6559,0.7469,0.5598,0.8381
run_20260607_PlantDoc_EfficientNet-B3,PlantDoc,EfficientNet-B3,20260607,5,1.32885,1.52146,70.6465,0.7658,0.98,0.8593
run_20260607_CUB-200-2011_EfficientNet-B3,CUB-200-2011,EfficientNet-B3,20260607,6,1.23111,1.39734,76.5271,0.7422,0.9048,0.8552
run_20260607_PlantVillage_ConvNeXt-Tiny,PlantVillage,ConvNeXt-Tiny,20260607,7,1.16007,1.24148,90.0954,0.7915,0.4292,0.8718
run_20260607_PlantDoc_ConvNeXt-Tiny,PlantDoc,ConvNeXt-Tiny,20260607,8,1.10888,1.22709,75.1746,0.7806,0.98,0.865
run_20260607_CUB-200-2011_ConvNeXt-Tiny,CUB-200-2011,ConvNeXt-Tiny,20260607,9,1.03461,1.15698,80.3322,0.7741,0.7422,0.8646
run_20260607_PlantVillage_Swin-Tiny,PlantVillage,Swin-Tiny,20260607,10,0.94424,1.03526,92.12,0.7834,0.2403,0.846
run_20260607_PlantDoc_Swin-Tiny,PlantDoc,Swin-Tiny,20260607,11,0.90001,1.02291,75.8426,0.7703,0.98,0.8451
run_20260607_CUB-200-2011_Swin-Tiny,CUB-200-2011,Swin-Tiny,20260607,12,0.84303,0.92619,82.9696,0.8035,0.7674,0.857
run_20260607_PlantVillage_ConvNeXtplusARM,PlantVillage,ConvNeXt+ARM,20260607,13,0.80445,0.84898,93.5949,0.8003,0.349,0.8377
run_20260607_PlantDoc_ConvNeXtplusARM,PlantDoc,ConvNeXt+ARM,20260607,14,0.75002,0.84468,78.9237,0.791,0.8347,0.8275
run_20260607_CUB-200-2011_ConvNeXtplusARM,CUB-200-2011,ConvNeXt+ARM,20260607,15,0.72812,0.80686,84.2157,0.8127,0.7059,0.8221
run_20260607_PlantVillage_UAMP-Net,PlantVillage,UAMP-Net,20260607,16,0.65585,0.70027,95.4297,0.8579,0.2873,0.8509
run_20260607_PlantDoc_UAMP-Net,PlantDoc,UAMP-Net,20260607,17,0.63848,0.70697,82.7568,0.8768,0.662,0.8441
run_20260607_CUB-200-2011_UAMP-Net,CUB-200-2011,UAMP-Net,20260607,18,0.58718,0.63768,86.9553,0.8485,0.5315,0.858
run_20260614_PlantVillage_ResNet-50,PlantVillage,ResNet-50,20260614,19,0.54312,0.6002,93.4488,0.7623,0.1911,0.8369
run_20260614_PlantDoc_ResNet-50,PlantDoc,ResNet-50,20260614,20,0.51379,0.63074,74.1494,0.8006,0.98,0.8296
run_20260614_CUB-200-2011_ResNet-50,CUB-200-2011,ResNet-50,20260614,21,0.48184,0.57964,79.6258,0.7507,0.8661,0.8893
run_20260614_PlantVillage_EfficientNet-B3,PlantVillage,EfficientNet-B3,20260614,22,0.4247,0.46954,94.7675,0.7975,0.2314,0.8513
run_20260614_PlantDoc_EfficientNet-B3,PlantDoc,EfficientNet-B3,20260614,23,0.4523,0.5014,77.5162,0.7877,0.8964,0.8545
run_20260614_CUB-200-2011_EfficientNet-B3,CUB-200-2011,EfficientNet-B3,20260614,24,0.37092,0.48758,82.1262,0.777,0.6876,0.8677
run_20260614_PlantVillage_ConvNeXt-Tiny,PlantVillage,ConvNeXt-Tiny,20260614,25,0.35087,0.36072,96.3625,0.8288,0.1932,0.8178
run_20260614_PlantDoc_ConvNeXt-Tiny,PlantDoc,ConvNeXt-Tiny,20260614,26,0.3899,0.45222,81.05,0.7857,0.7388,0.8623
run_20260614_CUB-200-2011_ConvNeXt-Tiny,CUB-200-2011,ConvNeXt-Tiny,20260614,27,0.34699,0.36429,84.9599,0.7658,0.6014,0.899
run_20260614_PlantVillage_Swin-Tiny,PlantVillage,Swin-Tiny,20260614,28,0.32913,0.32539,96.5972,0.8188,0.1224,0.8736
run_20260614_PlantDoc_Swin-Tiny,PlantDoc,Swin-Tiny,20260614,29,0.31366,0.3709,80.2635,0.8539,0.8956,0.8689
run_20260614_CUB-200-2011_Swin-Tiny,CUB-200-2011,Swin-Tiny,20260614,30,0.28696,0.33496,86.1478,0.8412,0.5397,0.8492
run_20260614_PlantVillage_ConvNeXtplusARM,PlantVillage,ConvNeXt+ARM,20260614,31,0.25778,0.24345,97.4518,0.8115,0.1438,0.8743
run_20260614_PlantDoc_ConvNeXtplusARM,PlantDoc,ConvNeXt+ARM,20260614,32,0.24692,0.32646,82.2142,0.8548,0.7854,0.8428
run_20260614_CUB-200-2011_ConvNeXtplusARM,CUB-200-2011,ConvNeXt+ARM,20260614,33,0.23356,0.30093,86.4549,0.8296,0.6264,0.8537
run_20260614_PlantVillage_UAMP-Net,PlantVillage,UAMP-Net,20260614,34,0.20458,0.22308,98.067,0.9061,0.1036,0.8704
run_20260614_PlantDoc_UAMP-Net,PlantDoc,UAMP-Net,20260614,35,0.17092,0.25057,85.9427,0.8777,0.6074,0.8703
run_20260614_CUB-200-2011_UAMP-Net,CUB-200-2011,UAMP-Net,20260614,36,0.20343,0.22589,87.7342,0.9116,0.5183,0.844
run_20260601_PlantVillage_ResNet-50,PlantVillage,ResNet-50,20260601,37,0.15269,0.22455,95.94,0.807,0.0701,0.8221
run_20260601_PlantDoc_ResNet-50,PlantDoc,ResNet-50,20260601,38,0.15576,0.2486,75.7558,0.7901,0.98,0.8537
run_20260601_CUB-200-2011_ResNet-50,CUB-200-2011,ResNet-50,20260601,39,0.17397,0.24354,82.134,0.817,0.7042,0.8343
run_20260601_PlantVillage_EfficientNet-B3,PlantVillage,EfficientNet-B3,20260601,40,0.14504,0.15316,97.0222,0.8559,0.0939,0.8055
run_20260601_PlantDoc_EfficientNet-B3,PlantDoc,EfficientNet-B3,20260601,41,0.13493,0.19334,79.3948,0.8346,0.9066,0.8519
run_20260601_CUB-200-2011_EfficientNet-B3,CUB-200-2011,EfficientNet-B3,20260601,42,0.10939,0.18624,84.6005,0.8135,0.5837,0.8489
run_20260601_PlantVillage_ConvNeXt-Tiny,PlantVillage,ConvNeXt-Tiny,20260601,43,0.11272,0.14093,97.8034,0.8708,0.02,0.8271
run_20260601_PlantDoc_ConvNeXt-Tiny,PlantDoc,ConvNeXt-Tiny,20260601,44,0.09354,0.16678,82.0137,0.8484,0.7434,0.8693
run_20260601_CUB-200-2011_ConvNeXt-Tiny,CUB-200-2011,ConvNeXt-Tiny,20260601,45,0.12664,0.20375,85.3126,0.8484,0.6199,0.8557
run_20260601_PlantVillage_Swin-Tiny,PlantVillage,Swin-Tiny,20260601,46,0.08419,0.12882,97.8093,0.8181,0.1271,0.8623
run_20260601_PlantDoc_Swin-Tiny,PlantDoc,Swin-Tiny,20260601,47,0.10437,0.14313,81.7996,0.823,0.7994,0.8251
run_20260601_CUB-200-2011_Swin-Tiny,CUB-200-2011,Swin-Tiny,20260601,48,0.094,0.12975,88.2004,0.8282,0.618,0.8296
run_20260601_PlantVillage_ConvNeXtplusARM,PlantVillage,ConvNeXt+ARM,20260601,49,0.07856,0.07906,98.1332,0.8471,0.11,0.8641
run_20260601_PlantDoc_ConvNeXtplusARM,PlantDoc,ConvNeXt+ARM,20260601,50,0.07715,0.14452,83.9206,0.8583,0.6505,0.8399
run_20260601_CUB-200-2011_ConvNeXtplusARM,CUB-200-2011,ConvNeXt+ARM,20260601,51,0.09068,0.11602,87.3305,0.8526,0.614,0.8429
run_20260601_PlantVillage_UAMP-Net,PlantVillage,UAMP-Net,20260601,52,0.06735,0.08272,98.7532,0.9216,0.02,0.8672
run_20260601_PlantDoc_UAMP-Net,PlantDoc,UAMP-Net,20260601,53,0.0737,0.13329,86.4859,0.8931,0.5654,0.8485
run_20260601_CUB-200-2011_UAMP-Net,CUB-200-2011,UAMP-Net,20260601,54,0.07693,0.11393,89.2603,0.8934,0.432,0.8573
run_20260607_PlantVillage_ResNet-50,PlantVillage,ResNet-50,20260607,55,0.08174,0.05757,96.6977,0.8519,0.0929,0.8811
run_20260607_PlantDoc_ResNet-50,PlantDoc,ResNet-50,20260607,56,0.06002,0.14016,76.847,0.8776,0.8988,0.8451
run_20260607_CUB-200-2011_ResNet-50,CUB-200-2011,ResNet-50,20260607,57,0.04145,0.11486,81.9171,0.8638,0.7229,0.8557
run_20260607_PlantVillage_EfficientNet-B3,PlantVillage,EfficientNet-B3,20260607,58,0.02303,0.07239,97.6702,0.8633,0.0431,0.8288
run_20260607_PlantDoc_EfficientNet-B3,PlantDoc,EfficientNet-B3,20260607,59,0.05117,0.12619,79.528,0.8812,0.9759,0.8488
run_20260607_CUB-200-2011_EfficientNet-B3,CUB-200-2011,EfficientNet-B3,20260607,60,0.04387,0.0821,85.0747,0.9025,0.682,0.8334
run_20260607_PlantVillage_ConvNeXt-Tiny,PlantVillage,ConvNeXt-Tiny,20260607,1,1.68699,1.87493,85.6012,0.7431,0.556,0.8699
run_20260607_PlantDoc_ConvNeXt-Tiny,PlantDoc,ConvNeXt-Tiny,20260607,2,1.61035,1.79241,70.9454,0.7712,0.98,0.8621
run_20260607_CUB-200-2011_ConvNeXt-Tiny,CUB-200-2011,ConvNeXt-Tiny,20260607,3,1.49987,1.6549,76.7408,0.7598,0.9391,0.8448
run_20260607_PlantVillage_Swin-Tiny,PlantVillage,Swin-Tiny,20260607,4,1.37583,1.54467,88.2823,0.76,0.6328,0.878
run_20260607_PlantDoc_Swin-Tiny,PlantDoc,Swin-Tiny,20260607,5,1.31747,1.47417,72.5713,0.7313,0.98,0.8861
run_20260607_CUB-200-2011_Swin-Tiny,CUB-200-2011,Swin-Tiny,20260607,6,1.25653,1.36964,78.9985,0.7592,0.8395,0.8091
run_20260607_PlantVillage_ConvNeXtplusARM,PlantVillage,ConvNeXt+ARM,20260607,7,1.18919,1.2438,90.4979,0.7729,0.3679,0.832
run_20260607_PlantDoc_ConvNeXtplusARM,PlantDoc,ConvNeXt+ARM,20260607,8,1.12892,1.23495,76.6779,0.7536,0.9722,0.8335
run_20260607_CUB-200-2011_ConvNeXtplusARM,CUB-200-2011,ConvNeXt+ARM,20260607,9,1.01769,1.14834,81.5036,0.7768,0.7355,0.8534
run_20260607_PlantVillage_UAMP-Net,PlantVillage,UAMP-Net,20260607,10,0.97718,1.06042,92.6185,0.8322,0.2346,0.8503
run_20260607_PlantDoc_UAMP-Net,PlantDoc,UAMP-Net,20260607,11,0.91786,1.01543,81.4506,0.8131,0.8067,0.8704
run_20260607_CUB-200-2011_UAMP-Net,CUB-200-2011,UAMP-Net,20260607,12,0.83203,0.91771,84.3359,0.8201,0.645,0.8386
run_20260614_PlantVillage_ResNet-50,PlantVillage,ResNet-50,20260614,13,0.79065,0.87789,91.6122,0.7908,0.3292,0.8667
run_20260614_PlantDoc_ResNet-50,PlantDoc,ResNet-50,20260614,14,0.75524,0.86957,71.8781,0.7888,0.98,0.8565
run_20260614_CUB-200-2011_ResNet-50,CUB-200-2011,ResNet-50,20260614,15,0.69441,0.81777,79.2294,0.7584,0.861,0.843
run_20260614_PlantVillage_EfficientNet-B3,PlantVillage,EfficientNet-B3,20260614,16,0.67198,0.68567,93.1504,0.7751,0.2428,0.8443
run_20260614_PlantDoc_EfficientNet-B3,PlantDoc,EfficientNet-B3,20260614,17,0.59658,0.6858,76.1451,0.7987,0.9458,0.8367
run_20260614_CUB-200-2011_EfficientNet-B3,CUB-200-2011,EfficientNet-B3,20260614,18,0.56357,0.66147,82.2632,0.8152,0.673,0.8524
run_20260614_PlantVillage_ConvNeXt-Tiny,PlantVillage,ConvNeXt-Tiny,20260614,19,0.54623,0.55712,95.0704,0.7961,0.1958,0.8278
run_20260614_PlantDoc_ConvNeXt-Tiny,PlantDoc,ConvNeXt-Tiny,20260614,20,0.53948,0.61712,78.6795,0.8237,0.8492,0.8739
run_20260614_CUB-200-2011_ConvNeXt-Tiny,CUB-200-2011,ConvNeXt-Tiny,20260614,21,0.49695,0.53459,84.3102,0.8056,0.7336,0.8867
run_20260614_PlantVillage_Swin-Tiny,PlantVillage,Swin-Tiny,20260614,22,0.43374,0.44483,95.8515,0.8009,0.2121,0.8399
run_20260614_PlantDoc_Swin-Tiny,PlantDoc,Swin-Tiny,20260614,23,0.44406,0.50465,79.4709,0.8019,0.8162,0.8301
run_20260614_CUB-200-2011_Swin-Tiny,CUB-200-2011,Swin-Tiny,20260614,24,0.40717,0.48138,85.5218,0.813,0.5444,0.8549
run_20260614_PlantVillage_ConvNeXtplusARM,PlantVillage,ConvNeXt+ARM,20260614,25,0.38615,0.3926,96.5946,0.7826,0.1265,0.781
run_20260614_PlantDoc_ConvNeXtplusARM,PlantDoc,ConvNeXt+ARM,20260614,26,0.31709,0.42829,81.7988,0.8415,0.7294,0.8409
run_20260614_CUB-200-2011_ConvNeXtplusARM,CUB-200-2011,ConvNeXt+ARM,20260614,27,0.33281,0.38244,86.1783,0.7795,0.4928,0.8653
run_20260614_PlantVillage_UAMP-Net,PlantVillage,UAMP-Net,20260614,28,0.32877,0.32972,97.4233,0.8302,0.1287,0.8465
run_20260614_PlantDoc_UAMP-Net,PlantDoc,UAMP-Net,20260614,29,0.29235,0.35241,85.23,0.8638,0.6733,0.8469
run_20260614_CUB-200-2011_UAMP-Net,CUB-200-2011,UAMP-Net,20260614,30,0.25991,0.32096,88.7803,0.8708,0.5946,0.8314
run_20260601_PlantVillage_ResNet-50,PlantVillage,ResNet-50,20260601,31,0.2914,0.27938,95.4191,0.8394,0.1878,0.782
run_20260601_PlantDoc_ResNet-50,PlantDoc,ResNet-50,20260601,32,0.24245,0.33367,76.0245,0.8409,0.9712,0.8625
run_20260601_CUB-200-2011_ResNet-50,CUB-200-2011,ResNet-50,20260601,33,0.20551,0.28651,81.3791,0.8288,0.8167,0.8699
run_20260601_PlantVillage_EfficientNet-B3,PlantVillage,EfficientNet-B3,20260601,34,0.19427,0.22643,96.5857,0.8294,0.1348,0.86
run_20260601_PlantDoc_EfficientNet-B3,PlantDoc,EfficientNet-B3,20260601,35,0.19892,0.2842,78.4212,0.8136,0.9046,0.8663
run_20260601_CUB-200-2011_EfficientNet-B3,CUB-200-2011,EfficientNet-B3,20260601,36,0.1816,0.27518,84.9652,0.8217,0.5417,0.8828
run_20260601_PlantVillage_ConvNeXt-Tiny,PlantVillage,ConvNeXt-Tiny,20260601,37,0.1833,0.17092,97.6026,0.7989,0.054,0.8778
run_20260601_PlantDoc_ConvNeXt-Tiny,PlantDoc,ConvNeXt-Tiny,20260601,38,0.1882,0.2409,80.8411,0.8298,0.764,0.8441
run_20260601_CUB-200-2011_ConvNeXt-Tiny,CUB-200-2011,ConvNeXt-Tiny,20260601,39,0.15892,0.15714,86.7216,0.846,0.5027,0.8795
run_20260601_PlantVillage_Swin-Tiny,PlantVillage,Swin-Tiny,20260601,40,0.14171,0.1469,97.6492,0.8351,0.1383,0.8456
run_20260601_PlantDoc_Swin-Tiny,PlantDoc,Swin-Tiny,20260601,41,0.14504,0.17336,80.8664,0.8306,0.7455,0.8282
run_20260601_CUB-200-2011_Swin-Tiny,CUB-200-2011,Swin-Tiny,20260601,42,0.14161,0.20452,87.2811,0.8465,0.477,0.881
run_20260601_PlantVillage_ConvNeXtplusARM,PlantVillage,ConvNeXt+ARM,20260601,43,0.1344,0.12392,98.3026,0.8207,0.0345,0.8411
run_20260601_PlantDoc_ConvNeXtplusARM,PlantDoc,ConvNeXt+ARM,20260601,44,0.1254,0.16401,83.786,0.8088,0.7549,0.8429
run_20260601_CUB-200-2011_ConvNeXtplusARM,CUB-200-2011,ConvNeXt+ARM,20260601,45,0.11254,0.13541,87.6927,0.8551,0.4771,0.7963
run_20260601_PlantVillage_UAMP-Net,PlantVillage,UAMP-Net,20260601,46,0.09332,0.07046,98.6726,0.8795,0.02,0.8194
run_20260601_PlantDoc_UAMP-Net,PlantDoc,UAMP-Net,20260601,47,0.08427,0.14632,86.4374,0.8873,0.6339,0.8503
run_20260601_CUB-200-2011_UAMP-Net,CUB-200-2011,UAMP-Net,20260601,48,0.08078,0.13587,89.1755,0.8957,0.4751,0.8332
run_20260607_PlantVillage_ResNet-50,PlantVillage,ResNet-50,20260607,49,0.07234,0.06797,96.484,0.8855,0.0978,0.8518
run_20260607_PlantDoc_ResNet-50,PlantDoc,ResNet-50,20260607,50,0.0809,0.20407,75.8001,0.8503,0.9441,0.8865
run_20260607_CUB-200-2011_ResNet-50,CUB-200-2011,ResNet-50,20260607,51,0.06612,0.15984,82.7601,0.8424,0.7459,0.8891
run_20260607_PlantVillage_EfficientNet-B3,PlantVillage,EfficientNet-B3,20260607,52,0.07586,0.08628,97.221,0.8466,0.1404,0.8096
run_20260607_PlantDoc_EfficientNet-B3,PlantDoc,EfficientNet-B3,20260607,53,0.06385,0.14267,79.5775,0.8647,0.8673,0.8338
run_20260607_CUB-200-2011_EfficientNet-B3,CUB-200-2011,EfficientNet-B3,20260607,54,0.09233,0.09908,85.4585,0.8661,0.6244,0.8376
run_20260607_PlantVillage_ConvNeXt-Tiny,PlantVillage,ConvNeXt-Tiny,20260607,55,0.03425,0.0581,97.7998,0.8481,0.1485,0.8367
run_20260607_PlantDoc_ConvNeXt-Tiny,PlantDoc,ConvNeXt-Tiny,20260607,56,0.05074,0.11848,81.5445,0.8719,0.8254,0.8727
run_20260607_CUB-200-2011_ConvNeXt-Tiny,CUB-200-2011,ConvNeXt-Tiny,20260607,57,0.05095,0.12197,86.2299,0.8969,0.6049,0.8436
run_20260607_PlantVillage_Swin-Tiny,PlantVillage,Swin-Tiny,20260607,58,0.05048,0.07048,98.3619,0.85,0.02,0.8999
run_20260607_PlantDoc_Swin-Tiny,PlantDoc,Swin-Tiny,20260607,59,0.03337,0.09977,81.4376,0.8702,0.8103,0.8795
run_20260607_CUB-200-2011_Swin-Tiny,CUB-200-2011,Swin-Tiny,20260607,60,0.03234,0.0807,87.3803,0.881,0.5399,0.8386
run_20260607_PlantVillage_ConvNeXtplusARM,PlantVillage,ConvNeXt+ARM,20260607,1,1.70718,1.84,85.9845,0.7644,0.5153,0.8303
run_20260607_PlantDoc_ConvNeXtplusARM,PlantDoc,ConvNeXt+ARM,20260607,2,1.59174,1.77346,72.9579,0.7304,0.98,0.8432
run_20260607_CUB-200-2011_ConvNeXtplusARM,CUB-200-2011,ConvNeXt+ARM,20260607,3,1.47358,1.65116,76.7816,0.7386,0.98,0.8381
run_20260607_PlantVillage_UAMP-Net,PlantVillage,UAMP-Net,20260607,4,1.38624,1.52308,88.8593,0.8081,0.3915,0.8566
run_20260607_PlantDoc_UAMP-Net,PlantDoc,UAMP-Net,20260607,5,1.32246,1.4606,78.215,0.8157,0.944,0.8149
run_20260607_CUB-200-2011_UAMP-Net,CUB-200-2011,UAMP-Net,20260607,6,1.21559,1.36445,80.8462,0.8262,0.8157,0.8587
run_20260614_PlantVillage_ResNet-50,PlantVillage,ResNet-50,20260614,7,1.15471,1.23102,88.5652,0.7733,0.4285,0.8454
run_20260614_PlantDoc_ResNet-50,PlantDoc,ResNet-50,20260614,8,1.09708,1.24236,68.5482,0.7802,0.98,0.8571
run_20260614_CUB-200-2011_ResNet-50,CUB-200-2011,ResNet-50,20260614,9,1.03217,1.16048,75.8067,0.7964,0.98,0.8768
run_20260614_PlantVillage_EfficientNet-B3,PlantVillage,EfficientNet-B3,20260614,10,0.96891,1.00387,91.3476,0.7546,0.3731,0.8493
run_20260614_PlantDoc_EfficientNet-B3,PlantDoc,EfficientNet-B3,20260614,11,0.91832,1.02711,73.7041,0.7962,0.98,0.855
run_20260614_CUB-200-2011_EfficientNet-B3,CUB-200-2011,EfficientNet-B3,20260614,12,0.84828,0.95647,80.5598,0.7878,0.7399,0.8719
run_20260614_PlantVillage_ConvNeXt-Tiny,PlantVillage,ConvNeXt-Tiny,20260614,13,0.79986,0.83831,93.2674,0.7629,0.3109,0.8328
run_20260614_PlantDoc_ConvNeXt-Tiny,PlantDoc,ConvNeXt-Tiny,20260614,14,0.7435,0.85635,78.2206,0.7876,0.9631,0.8471
run_20260614_CUB-200-2011_ConvNeXt-Tiny,CUB-200-2011,ConvNeXt-Tiny,20260614,15,0.69637,0.80257,82.6077,0.7672,0.7702,0.8664
run_20260614_PlantVillage_Swin-Tiny,PlantVillage,Swin-Tiny,20260614,16,0.68282,0.69945,94.2556,0.7754,0.1471,0.8578
run_20260614_PlantDoc_Swin-Tiny,PlantDoc,Swin-Tiny,20260614,17,0.62602,0.72543,78.32,0.7948,0.9327,0.8169
run_20260614_CUB-200-2011_Swin-Tiny,CUB-200-2011,Swin-Tiny,20260614,18,0.60589,0.67405,84.9722,0.8009,0.6236,0.8393
run_20260614_PlantVillage_ConvNeXtplusARM,PlantVillage,ConvNeXt+ARM,20260614,19,0.53627,0.55382,95.5265,0.7978,0.2078,0.8319
run_20260614_PlantDoc_ConvNeXtplusARM,PlantDoc,ConvNeXt+ARM,20260614,20,0.53735,0.59656,81.4664,0.7873,0.7767,0.853
run_20260614_CUB-200-2011_ConvNeXtplusARM,CUB-200-2011,ConvNeXt+ARM,20260614,21,0.48711,0.53721,84.9041,0.811,0.4348,0.8861
run_20260614_PlantVillage_UAMP-Net,PlantVillage,UAMP-Net,20260614,22,0.44274,0.46981,96.6003,0.8511,0.0951,0.8376
run_20260614_PlantDoc_UAMP-Net,PlantDoc,UAMP-Net,20260614,23,0.43752,0.51112,84.3938,0.8438,0.6575,0.8786
run_20260614_CUB-200-2011_UAMP-Net,CUB-200-2011,UAMP-Net,20260614,24,0.37979,0.44732,87.5993,0.8667,0.6324,0.8473
run_20260601_PlantVillage_ResNet-50,PlantVillage,ResNet-50,20260601,25,0.36603,0.41122,95.1797,0.8272,0.1699,0.8696
run_20260601_PlantDoc_ResNet-50,PlantDoc,ResNet-50,20260601,26,0.34699,0.45195,74.476,0.8238,0.98,0.8683
run_20260601_CUB-200-2011_ResNet-50,CUB-200-2011,ResNet-50,20260601,27,0.3093,0.39099,80.9147,0.8146,0.7899,0.8358
run_20260601_PlantVillage_EfficientNet-B3,PlantVillage,EfficientNet-B3,20260601,28,0.29553,0.33674,95.8984,0.7955,0.1438,0.8154
run_20260601_PlantDoc_EfficientNet-B3,PlantDoc,EfficientNet-B3,20260601,29,0.27655,0.37154,78.1496,0.8398,0.9026,0.8231
run_20260601_CUB-200-2011_EfficientNet-B3,CUB-200-2011,EfficientNet-B3,20260601,30,0.27837,0.33957,83.8805,0.8099,0.7403,0.8672
run_20260601_PlantVillage_ConvNeXt-Tiny,PlantVillage,ConvNeXt-Tiny,20260601,31,0.26481,0.26837,96.8071,0.8335,0.088,0.8665
run_20260601_PlantDoc_ConvNeXt-Tiny,PlantDoc,ConvNeXt-Tiny,20260601,32,0.24087,0.31299,81.0676,0.7946,0.8165,0.8551
run_20260601_CUB-200-2011_ConvNeXt-Tiny,CUB-200-2011,ConvNeXt-Tiny,20260601,33,0.23866,0.2501,85.201,0.8148,0.6964,0.8471
run_20260601_PlantVillage_Swin-Tiny,PlantVillage,Swin-Tiny,20260601,34,0.21899,0.24806,97.3864,0.8222,0.02,0.8518
run_20260601_PlantDoc_Swin-Tiny,PlantDoc,Swin-Tiny,20260601,35,0.19656,0.27919,80.866,0.8319,0.7389,0.8147
run_20260601_CUB-200-2011_Swin-Tiny,CUB-200-2011,Swin-Tiny,20260601,36,0.16575,0.24288,86.6259,0.868,0.5087,0.7983
run_20260601_PlantVillage_ConvNeXtplusARM,PlantVillage,ConvNeXt+ARM,20260601,37,0.19474,0.17196,97.866,0.8296,0.0763,0.8694
run_20260601_PlantDoc_ConvNeXtplusARM,PlantDoc,ConvNeXt+ARM,20260601,38,0.15914,0.22366,84.013,0.8157,0.6526,0.8821
run_20260601_CUB-200-2011_ConvNeXtplusARM,CUB-200-2011,ConvNeXt+ARM,20260601,39,0.17423,0.21399,87.9509,0.8177,0.5664,0.8061
run_20260601_PlantVillage_UAMP-Net,PlantVillage,UAMP-Net,20260601,40,0.13,0.13449,98.523,0.8957,0.02,0.8476
run_20260601_PlantDoc_UAMP-Net,PlantDoc,UAMP-Net,20260601,41,0.13043,0.16265,86.388,0.8836,0.5754,0.8415
run_20260601_CUB-200-2011_UAMP-Net,CUB-200-2011,UAMP-Net,20260601,42,0.1117,0.13866,89.7133,0.8741,0.4407,0.8218
run_20260607_PlantVillage_ResNet-50,PlantVillage,ResNet-50,20260607,43,0.11539,0.11441,96.206,0.8332,0.1172,0.8719
run_20260607_PlantDoc_ResNet-50,PlantDoc,ResNet-50,20260607,44,0.11393,0.19018,75.5723,0.8541,0.98,0.8358
run_20260607_CUB-200-2011_ResNet-50,CUB-200-2011,ResNet-50,20260607,45,0.11479,0.16193,82.5088,0.8508,0.7341,0.8697
run_20260607_PlantVillage_EfficientNet-B3,PlantVillage,EfficientNet-B3,20260607,46,0.10099,0.12706,96.8836,0.81,0.1453,0.8137
run_20260607_PlantDoc_EfficientNet-B3,PlantDoc,EfficientNet-B3,20260607,47,0.11272,0.16252,79.8799,0.8181,0.7735,0.864
run_20260607_CUB-200-2011_EfficientNet-B3,CUB-200-2011,EfficientNet-B3,20260607,48,0.10291,0.13759,84.6133,0.8634,0.6204,0.8186
run_20260607_PlantVillage_ConvNeXt-Tiny,PlantVillage,ConvNeXt-Tiny,20260607,49,0.0867,0.08024,98.0454,0.8531,0.0692,0.8315
run_20260607_PlantDoc_ConvNeXt-Tiny,PlantDoc,ConvNeXt-Tiny,20260607,50,0.06563,0.1385,82.4118,0.8363,0.77,0.8658
run_20260607_CUB-200-2011_ConvNeXt-Tiny,CUB-200-2011,ConvNeXt-Tiny,20260607,51,0.08342,0.13541,86.7171,0.8742,0.5588,0.8747
run_20260607_PlantVillage_Swin-Tiny,PlantVillage,Swin-Tiny,20260607,52,0.06551,0.07808,97.6287,0.8428,0.0895,0.8761
run_20260607_PlantDoc_Swin-Tiny,PlantDoc,Swin-Tiny,20260607,53,0.06743,0.1344,82.1452,0.8559,0.8793,0.8587
run_20260607_CUB-200-2011_Swin-Tiny,CUB-200-2011,Swin-Tiny,20260607,54,0.06782,0.09552,87.4952,0.8793,0.5192,0.855
run_20260607_PlantVillage_ConvNeXtplusARM,PlantVillage,ConvNeXt+ARM,20260607,55,0.04422,0.07918,98.3093,0.8911,0.02,0.848
run_20260607_PlantDoc_ConvNeXtplusARM,PlantDoc,ConvNeXt+ARM,20260607,56,0.06012,0.11256,84.2977,0.8875,0.7071,0.8417
run_20260607_CUB-200-2011_ConvNeXtplusARM,CUB-200-2011,ConvNeXt+ARM,20260607,57,0.03678,0.11504,87.8769,0.8393,0.4424,0.8044
run_20260607_PlantVillage_UAMP-Net,PlantVillage,UAMP-Net,20260607,58,0.06182,0.018,98.8251,0.9036,0.0529,0.8781
run_20260607_PlantDoc_UAMP-Net,PlantDoc,UAMP-Net,20260607,59,0.05014,0.07446,87.5513,0.8947,0.4547,0.8418
run_20260607_CUB-200-2011_UAMP-Net,CUB-200-2011,UAMP-Net,20260607,60,0.03256,0.07849,89.2555,0.9471,0.3618,0.9024
run_20260614_PlantVillage_ResNet-50,PlantVillage,ResNet-50,20260614,1,1.70277,1.83714,84.0498,0.7163,0.552,0.8451
run_20260614_PlantDoc_ResNet-50,PlantDoc,ResNet-50,20260614,2,1.58455,1.79817,65.2739,0.7267,0.98,0.8552
run_20260614_CUB-200-2011_ResNet-50,CUB-200-2011,ResNet-50,20260614,3,1.48495,1.6807,72.2282,0.7409,0.98,0.8482
run_20260614_PlantVillage_EfficientNet-B3,PlantVillage,EfficientNet-B3,20260614,4,1.41766,1.53102,87.2753,0.7681,0.4943,0.8414
run_20260614_PlantDoc_EfficientNet-B3,PlantDoc,EfficientNet-B3,20260614,5,1.33154,1.49408,70.4704,0.7572,0.98,0.8537
run_20260614_CUB-200-2011_EfficientNet-B3,CUB-200-2011,EfficientNet-B3,20260614,6,1.23123,1.38285,76.6842,0.7678,0.9151,0.8696
run_20260614_PlantVillage_ConvNeXt-Tiny,PlantVillage,ConvNeXt-Tiny,20260614,7,1.16508,1.25017,90.4912,0.7333,0.3695,0.8568
run_20260614_PlantDoc_ConvNeXt-Tiny,PlantDoc,ConvNeXt-Tiny,20260614,8,1.12437,1.22854,74.7356,0.7578,0.98,0.8436
run_20260614_CUB-200-2011_ConvNeXt-Tiny,CUB-200-2011,ConvNeXt-Tiny,20260614,9,1.02538,1.14397,80.1779,0.7393,0.7756,0.8415
run_20260614_PlantVillage_Swin-Tiny,PlantVillage,Swin-Tiny,20260614,10,0.95332,1.06878,92.0072,0.7781,0.3324,0.8319
run_20260614_PlantDoc_Swin-Tiny,PlantDoc,Swin-Tiny,20260614,11,0.92812,1.03988,75.3488,0.7509,0.98,0.8395
run_20260614_CUB-200-2011_Swin-Tiny,CUB-200-2011,Swin-Tiny,20260614,12,0.8675,0.99332,82.5777,0.7758,0.7436,0.8676
run_20260614_PlantVillage_ConvNeXtplusARM,PlantVillage,ConvNeXt+ARM,20260614,13,0.79446,0.86091,93.3391,0.7549,0.3217,0.836
run_20260614_PlantDoc_ConvNeXtplusARM,PlantDoc,ConvNeXt+ARM,20260614,14,0.74533,0.87407,79.187,0.7566,0.8186,0.851
run_20260614_CUB-200-2011_ConvNeXtplusARM,CUB-200-2011,ConvNeXt+ARM,20260614,15,0.6881,0.78453,84.4616,0.7535,0.65,0.8358
run_20260614_PlantVillage_UAMP-Net,PlantVillage,UAMP-Net,20260614,16,0.66028,0.66971,95.0896,0.8322,0.2744,0.8234
run_20260614_PlantDoc_UAMP-Net,PlantDoc,UAMP-Net,20260614,17,0.61406,0.66086,83.2596,0.8399,0.7829,0.8331
run_20260614_CUB-200-2011_UAMP-Net,CUB-200-2011,UAMP-Net,20260614,18,0.61726,0.66353,85.8981,0.8144,0.6153,0.8623
run_20260601_PlantVillage_ResNet-50,PlantVillage,ResNet-50,20260601,19,0.56787,0.5746,93.8483,0.8011,0.2907,0.8793
run_20260601_PlantDoc_ResNet-50,PlantDoc,ResNet-50,20260601,20,0.52305,0.64444,73.5023,0.7708,0.98,0.8438
run_20260601_CUB-200-2011_ResNet-50,CUB-200-2011,ResNet-50,20260601,21,0.47981,0.59815,80.0223,0.8194,0.8835,0.8514
run_20260601_PlantVillage_EfficientNet-B3,PlantVillage,EfficientNet-B3,20260601,22,0.46292,0.49956,95.0026,0.7791,0.1545,0.8927
run_20260601_PlantDoc_EfficientNet-B3,PlantDoc,EfficientNet-B3,20260601,23,0.4124,0.54526,77.7013,0.8378,0.944,0.8624
run_20260601_CUB-200-2011_EfficientNet-B3,CUB-200-2011,EfficientNet-B3,20260601,24,0.40621,0.47008,83.0435,0.7912,0.666,0.8394
run_20260601_PlantVillage_ConvNeXt-Tiny,PlantVillage,ConvNeXt-Tiny,20260601,25,0.38934,0.40926,96.407,0.7892,0.0726,0.8481
run_20260601_PlantDoc_ConvNeXt-Tiny,PlantDoc,ConvNeXt-Tiny,20260601,26,0.35471,0.43342,79.2892,0.8332,0.8214,0.8227
run_20260601_CUB-200-2011_ConvNeXt-Tiny,CUB-200-2011,ConvNeXt-Tiny,20260601,27,0.32775,0.40176,85.6597,0.7594,0.6573,0.8225
run_20260601_PlantVillage_Swin-Tiny,PlantVillage,Swin-Tiny,20260601,28,0.316,0.32788,96.5488,0.8603,0.1647,0.8787
run_20260601_PlantDoc_Swin-Tiny,PlantDoc,Swin-Tiny,20260601,29,0.31283,0.38053,80.2696,0.807,0.8232,0.8623
run_20260601_CUB-200-2011_Swin-Tiny,CUB-200-2011,Swin-Tiny,20260601,30,0.28068,0.30565,86.3059,0.8247,0.6065,0.8518
run_20260601_PlantVillage_ConvNeXtplusARM,PlantVillage,ConvNeXt+ARM,20260601,31,0.26867,0.26496,97.1083,0.8365,0.103,0.8702
run_20260601_PlantDoc_ConvNeXtplusARM,PlantDoc,ConvNeXt+ARM,20260601,32,0.24007,0.32287,82.7683,0.8222,0.7339,0.8561
run_20260601_CUB-200-2011_ConvNeXtplusARM,CUB-200-2011,ConvNeXt+ARM,20260601,33,0.23245,0.29324,86.4677,0.8311,0.5407,0.8718
run_20260601_PlantVillage_UAMP-Net,PlantVillage,UAMP-Net,20260601,34,0.20701,0.23131,98.1523,0.8625,0.1137,0.8147
run_20260601_PlantDoc_UAMP-Net,PlantDoc,UAMP-Net,20260601,35,0.2311,0.26502,86.1519,0.9164,0.47,0.8303
run_20260601_CUB-200-2011_UAMP-Net,CUB-200-2011,UAMP-Net,20260601,36,0.18131,0.23483,88.9338,0.8787,0.438,0.8586
run_20260607_PlantVillage_ResNet-50,PlantVillage,ResNet-50,20260607,37,0.17174,0.1864,95.9678,0.8077,0.0937,0.8588
run_20260607_PlantDoc_ResNet-50,PlantDoc,ResNet-50,20260607,38,0.1352,0.26569,76.0517,0.7953,0.98,0.8913
run_20260607_CUB-200-2011_ResNet-50,CUB-200-2011,ResNet-50,20260607,39,0.1484,0.22737,81.4446,0.8458,0.7843,0.8443
run_20260607_PlantVillage_EfficientNet-B3,PlantVillage,EfficientNet-B3,20260607,40,0.15038,0.16018,96.7411,0.8531,0.1229,0.899
run_20260607_PlantDoc_EfficientNet-B3,PlantDoc,EfficientNet-B3,20260607,41,0.1361,0.19134,79.2694,0.8422,0.846,0.8279
run_20260607_CUB-200-2011_EfficientNet-B3,CUB-200-2011,EfficientNet-B3,20260607,42,0.11535,0.18471,84.1593,0.8318,0.6818,0.8241
run_20260607_PlantVillage_ConvNeXt-Tiny,PlantVillage,ConvNeXt-Tiny,20260607,43,0.12028,0.09546,98.005,0.855,0.1306,0.8277
run_20260607_PlantDoc_ConvNeXt-Tiny,PlantDoc,ConvNeXt-Tiny,20260607,44,0.13535,0.21894,81.5494,0.8649,0.7675,0.8585
run_20260607_CUB-200-2011_ConvNeXt-Tiny,CUB-200-2011,ConvNeXt-Tiny,20260607,45,0.12685,0.13019,86.1758,0.872,0.5915,0.8587
run_20260607_PlantVillage_Swin-Tiny,PlantVillage,Swin-Tiny,20260607,46,0.09551,0.08533,97.902,0.8233,0.1165,0.8682
run_20260607_PlantDoc_Swin-Tiny,PlantDoc,Swin-Tiny,20260607,47,0.11564,0.15077,81.6899,0.8541,0.7661,0.863
run_20260607_CUB-200-2011_Swin-Tiny,CUB-200-2011,Swin-Tiny,20260607,48,0.10264,0.12889,87.4847,0.8387,0.4786,0.829
run_20260607_PlantVillage_ConvNeXtplusARM,PlantVillage,ConvNeXt+ARM,20260607,49,0.09613,0.08504,98.2061,0.8578,0.108,0.8396
run_20260607_PlantDoc_ConvNeXtplusARM,PlantDoc,ConvNeXt+ARM,20260607,50,0.07518,0.11901,84.0844,0.8513,0.662,0.8895
run_20260607_CUB-200-2011_ConvNeXtplusARM,CUB-200-2011,ConvNeXt+ARM,20260607,51,0.04392,0.16263,88.4672,0.8749,0.5687,0.8458
run_20260607_PlantVillage_UAMP-Net,PlantVillage,UAMP-Net,20260607,52,0.08434,0.12012,98.5735,0.9269,0.0724,0.8471
run_20260607_PlantDoc_UAMP-Net,PlantDoc,UAMP-Net,20260607,53,0.05395,0.12963,86.6448,0.9181,0.5176,0.8593
run_20260607_CUB-200-2011_UAMP-Net,CUB-200-2011,UAMP-Net,20260607,54,0.041,0.11525,89.1822,0.9524,0.4485,0.8428
run_20260614_PlantVillage_ResNet-50,PlantVillage,ResNet-50,20260614,55,0.0456,0.08041,96.8567,0.8688,0.171,0.8906
run_20260614_PlantDoc_ResNet-50,PlantDoc,ResNet-50,20260614,56,0.04273,0.12652,76.9442,0.9026,0.9568,0.8617
run_20260614_CUB-200-2011_ResNet-50,CUB-200-2011,ResNet-50,20260614,57,0.05531,0.1286,82.8875,0.8433,0.7346,0.8657
run_20260614_PlantVillage_EfficientNet-B3,PlantVillage,EfficientNet-B3,20260614,58,0.0538,0.06353,97.1169,0.847,0.1028,0.8153
run_20260614_PlantDoc_EfficientNet-B3,PlantDoc,EfficientNet-B3,20260614,59,0.04223,0.1153,78.9721,0.8332,0.8406,0.864
run_20260614_CUB-200-2011_EfficientNet-B3,CUB-200-2011,EfficientNet-B3,20260614,60,0.04131,0.10102,85.0444,0.8734,0.663,0.8348
run_20260614_PlantVillage_ConvNeXt-Tiny,PlantVillage,ConvNeXt-Tiny,20260614,1,1.67482,1.80975,85.7725,0.7529,0.6501,0.8425
run_20260614_PlantDoc_ConvNeXt-Tiny,PlantDoc,ConvNeXt-Tiny,20260614,2,1.58526,1.77624,69.9738,0.7736,0.98,0.8518
run_20260614_CUB-200-2011_ConvNeXt-Tiny,CUB-200-2011,ConvNeXt-Tiny,20260614,3,1.49476,1.66,76.668,0.7364,0.98,0.8729
run_20260614_PlantVillage_Swin-Tiny,PlantVillage,Swin-Tiny,20260614,4,1.3846,1.51004,88.1499,0.7527,0.4466,0.8539
run_20260614_PlantDoc_Swin-Tiny,PlantDoc,Swin-Tiny,20260614,5,1.34759,1.48099,72.7356,0.7641,0.98,0.875
run_20260614_CUB-200-2011_Swin-Tiny,CUB-200-2011,Swin-Tiny,20260614,6,1.25253,1.38161,79.1475,0.7846,0.872,0.8643
run_20260614_PlantVillage_ConvNeXtplusARM,PlantVillage,ConvNeXt+ARM,20260614,7,1.14042,1.20993,90.8224,0.7901,0.3481,0.8622
run_20260614_PlantDoc_ConvNeXtplusARM,PlantDoc,ConvNeXt+ARM,20260614,8,1.06887,1.22601,77.0308,0.7612,0.9792,0.8385
run_20260614_CUB-200-2011_ConvNeXtplusARM,CUB-200-2011,ConvNeXt+ARM,20260614,9,1.03248,1.1221,81.5107,0.7564,0.723,0.8392
run_20260614_PlantVillage_UAMP-Net,PlantVillage,UAMP-Net,20260614,10,0.95736,1.08139,92.5403,0.8108,0.3622,0.8554
run_20260614_PlantDoc_UAMP-Net,PlantDoc,UAMP-Net,20260614,11,0.92634,1.01284,81.3138,0.7954,0.719,0.857
run_20260614_CUB-200-2011_UAMP-Net,CUB-200-2011,UAMP-Net,20260614,12,0.84303,0.99078,83.9373,0.8449,0.7265,0.8464
run_20260601_PlantVillage_ResNet-50,PlantVillage,ResNet-50,20260601,13,0.79282,0.81972,91.7563,0.7896,0.3675,0.8426
run_20260601_PlantDoc_ResNet-50,PlantDoc,ResNet-50,20260601,14,0.78773,0.86576,72.5463,0.7358,0.98,0.7938
run_20260601_CUB-200-2011_ResNet-50,CUB-200-2011,ResNet-50,20260601,15,0.70634,0.79294,78.0276,0.7836,0.8877,0.8336
run_20260601_PlantVillage_EfficientNet-B3,PlantVillage,EfficientNet-B3,20260601,16,0.66459,0.68914,93.7257,0.7807,0.318,0.8633
run_20260601_PlantDoc_EfficientNet-B3,PlantDoc,EfficientNet-B3,20260601,17,0.62508,0.7376,76.1265,0.7776,0.98,0.8203
run_20260601_CUB-200-2011_EfficientNet-B3,CUB-200-2011,EfficientNet-B3,20260601,18,0.60461,0.66828,82.9292,0.7903,0.778,0.8653
run_20260601_PlantVillage_ConvNeXt-Tiny,PlantVillage,ConvNeXt-Tiny,20260601,19,0.53441,0.57989,95.0928,0.7905,0.2458,0.8753
run_20260601_PlantDoc_ConvNeXt-Tiny,PlantDoc,ConvNeXt-Tiny,20260601,20,0.51413,0.60091,78.9515,0.7745,0.9143,0.8395
run_20260601_CUB-200-2011_ConvNeXt-Tiny,CUB-200-2011,ConvNeXt-Tiny,20260601,21,0.50459,0.54077,83.7466,0.8188,0.7281,0.8248
run_20260601_PlantVillage_Swin-Tiny,PlantVillage,Swin-Tiny,20260601,22,0.44955,0.49084,95.9882,0.7943,0.19,0.832
run_20260601_PlantDoc_Swin-Tiny,PlantDoc,Swin-Tiny,20260601,23,0.45505,0.5035,79.2552,0.7831,0.8368,0.8538
run_20260601_CUB-200-2011_Swin-Tiny,CUB-200-2011,Swin-Tiny,20260601,24,0.3754,0.43943,85.8839,0.7905,0.537,0.8929
run_20260601_PlantVillage_ConvNeXtplusARM,PlantVillage,ConvNeXt+ARM,20260601,25,0.37522,0.40753,96.3906,0.7597,0.0547,0.8287
run_20260601_PlantDoc_ConvNeXtplusARM,PlantDoc,ConvNeXt+ARM,20260601,26,0.36634,0.41502,82.5123,0.7938,0.6888,0.8403
run_20260601_CUB-200-2011_ConvNeXtplusARM,CUB-200-2011,ConvNeXt+ARM,20260601,27,0.33967,0.38403,86.2049,0.8054,0.5785,0.8562
run_20260601_PlantVillage_UAMP-Net,PlantVillage,UAMP-Net,20260601,28,0.31491,0.31598,97.3254,0.8459,0.1636,0.8214
run_20260601_PlantDoc_UAMP-Net,PlantDoc,UAMP-Net,20260601,29,0.31498,0.33905,85.3056,0.889,0.6919,0.8793
run_20260601_CUB-200-2011_UAMP-Net,CUB-200-2011,UAMP-Net,20260601,30,0.28157,0.32557,87.9452,0.9281,0.4822,0.8424
run_20260607_PlantVillage_ResNet-50,PlantVillage,ResNet-50,20260607,31,0.27929,0.22644,95.3994,0.8205,0.2104,0.8593
run_20260607_PlantDoc_ResNet-50,PlantDoc,ResNet-50,20260607,32,0.23786,0.3242,76.2713,0.8096,0.9682,0.834
run_20260607_CUB-200-2011_ResNet-50,CUB-200-2011,ResNet-50,20260607,33,0.24363,0.30344,82.9528,0.8026,0.7147,0.8287
run_20260607_PlantVillage_EfficientNet-B3,PlantVillage,EfficientNet-B3,20260607,34,0.20892,0.23843,96.3747,0.7784,0.2188,0.8408
run_20260607_PlantDoc_EfficientNet-B3,PlantDoc,EfficientNet-B3,20260607,35,0.19537,0.2494,78.7014,0.8495,0.9619,0.8627
run_20260607_CUB-200-2011_EfficientNet-B3,CUB-200-2011,EfficientNet-B3,20260607,36,0.17406,0.22079,84.617,0.8288,0.5775,0.8493
run_20260607_PlantVillage_ConvNeXt-Tiny,PlantVillage,ConvNeXt-Tiny,20260607,37,0.19482,0.19181,97.4236,0.8485,0.0772,0.8351
run_20260607_PlantDoc_ConvNeXt-Tiny,PlantDoc,ConvNeXt-Tiny,20260607,38,0.16885,0.24314,81.883,0.8422,0.7467,0.8123
run_20260607_CUB-200-2011_ConvNeXt-Tiny,CUB-200-2011,ConvNeXt-Tiny,20260607,39,0.17852,0.20685,86.0323,0.8028,0.564,0.8372
run_20260607_PlantVillage_Swin-Tiny,PlantVillage,Swin-Tiny,20260607,40,0.12956,0.14613,97.6138,0.8354,0.0487,0.8546
run_20260607_PlantDoc_Swin-Tiny,PlantDoc,Swin-Tiny,20260607,41,0.13077,0.22383,82.1081,0.8223,0.6537,0.8727
run_20260607_CUB-200-2011_Swin-Tiny,CUB-200-2011,Swin-Tiny,20260607,42,0.13516,0.17391,87.2169,0.8487,0.6298,0.843
run_20260607_PlantVillage_ConvNeXtplusARM,PlantVillage,ConvNeXt+ARM,20260607,43,0.1078,0.14642,97.5632,0.8377,0.0863,0.8709
run_20260607_PlantDoc_ConvNeXtplusARM,PlantDoc,ConvNeXt+ARM,20260607,44,0.11004,0.18127,83.6151,0.8265,0.7123,0.8501
run_20260607_CUB-200-2011_ConvNeXtplusARM,CUB-200-2011,ConvNeXt+ARM,20260607,45,0.11963,0.14288,87.0698,0.8252,0.4484,0.849
run_20260607_PlantVillage_UAMP-Net,PlantVillage,UAMP-Net,20260607,46,0.10173,0.11236,98.5962,0.8857,0.0562,0.8179
run_20260607_PlantDoc_UAMP-Net,PlantDoc,UAMP-Net,20260607,47,0.10847,0.15416,86.3774,0.904,0.5945,0.837
run_20260607_CUB-200-2011_UAMP-Net,CUB-200-2011,UAMP-Net,20260607,48,0.0983,0.12375,90.3032,0.8996,0.3478,0.811
run_20260614_PlantVillage_ResNet-50,PlantVillage,ResNet-50,20260614,49,0.05067,0.07693,96.153,0.8392,0.247,0.8416
run_20260614_PlantDoc_ResNet-50,PlantDoc,ResNet-50,20260614,50,0.08198,0.18358,76.2313,0.8338,0.9424,0.8882
run_20260614_CUB-200-2011_ResNet-50,CUB-200-2011,ResNet-50,20260614,51,0.07765,0.13393,82.1442,0.8518,0.6662,0.8519
run_20260614_PlantVillage_EfficientNet-B3,PlantVillage,EfficientNet-B3,20260614,52,0.08305,0.09766,97.2175,0.8825,0.0918,0.8713
run_20260614_PlantDoc_EfficientNet-B3,PlantDoc,EfficientNet-B3,20260614,53,0.07872,0.15064,79.4384,0.8866,0.9073,0.8438
run_20260614_CUB-200-2011_EfficientNet-B3,CUB-200-2011,EfficientNet-B3,20260614,54,0.08872,0.10593,84.8453,0.8674,0.5767,0.875
run_20260614_PlantVillage_ConvNeXt-Tiny,PlantVillage,ConvNeXt-Tiny,20260614,55,0.05129,0.07065,97.6555,0.8202,0.1707,0.8555
run_20260614_PlantDoc_ConvNeXt-Tiny,PlantDoc,ConvNeXt-Tiny,20260614,56,0.04677,0.11059,81.3161,0.8648,0.8336,0.8705
run_20260614_CUB-200-2011_ConvNeXt-Tiny,CUB-200-2011,ConvNeXt-Tiny,20260614,57,0.04294,0.10761,86.6181,0.8364,0.5406,0.8372
run_20260614_PlantVillage_Swin-Tiny,PlantVillage,Swin-Tiny,20260614,58,0.05102,0.05533,97.8966,0.8976,0.0421,0.8309
run_20260614_PlantDoc_Swin-Tiny,PlantDoc,Swin-Tiny,20260614,59,0.04004,0.10194,82.1101,0.8473,0.7687,0.8446
run_20260614_CUB-200-2011_Swin-Tiny,CUB-200-2011,Swin-Tiny,20260614,60,0.05599,0.08169,88.0983,0.8726,0.524,0.8596
run_20260614_PlantVillage_ConvNeXtplusARM,PlantVillage,ConvNeXt+ARM,20260614,1,1.66582,1.81861,86.0054,0.7348,0.7022,0.8109
run_20260614_PlantDoc_ConvNeXtplusARM,PlantDoc,ConvNeXt+ARM,20260614,2,1.60295,1.77936,72.7839,0.7398,0.98,0.8508
run_20260614_CUB-200-2011_ConvNeXtplusARM,CUB-200-2011,ConvNeXt+ARM,20260614,3,1.50751,1.58465,77.7804,0.7688,0.8918,0.852
run_20260614_PlantVillage_UAMP-Net,PlantVillage,UAMP-Net,20260614,4,1.39954,1.52773,89.0222,0.8165,0.4316,0.868
run_20260614_PlantDoc_UAMP-Net,PlantDoc,UAMP-Net,20260614,5,1.29676,1.4726,77.7251,0.812,0.98,0.8381
run_20260614_CUB-200-2011_UAMP-Net,CUB-200-2011,UAMP-Net,20260614,6,1.21038,1.35954,81.6762,0.8223,0.7986,0.826
run_20260601_PlantVillage_ResNet-50,PlantVillage,ResNet-50,20260601,7,1.12679,1.25235,88.901,0.767,0.4509,0.8843
run_20260601_PlantDoc_ResNet-50,PlantDoc,ResNet-50,20260601,8,1.08599,1.26594,68.9746,0.757,0.98,0.8491
run_20260601_CUB-200-2011_ResNet-50,CUB-200-2011,ResNet-50,20260601,9,1.03809,1.17612,75.641,0.7926,0.9474,0.8291
run_20260601_PlantVillage_EfficientNet-B3,PlantVillage,EfficientNet-B3,20260601,10,0.95049,1.04434,91.2279,0.7858,0.3585,0.8383
run_20260601_PlantDoc_EfficientNet-B3,PlantDoc,EfficientNet-B3,20260601,11,0.90922,1.01308,74.2139,0.8005,0.98,0.8889
run_20260601_CUB-200-2011_EfficientNet-B3,CUB-200-2011,EfficientNet-B3,20260601,12,0.8468,0.96771,79.9536,0.771,0.9248,0.8498
run_20260601_PlantVillage_ConvNeXt-Tiny,PlantVillage,ConvNeXt-Tiny,20260601,13,0.80025,0.85899,93.3593,0.7885,0.1929,0.8266
run_20260601_PlantDoc_ConvNeXt-Tiny,PlantDoc,ConvNeXt-Tiny,20260601,14,0.72184,0.84315,77.3776,0.8182,0.9261,0.8519
run_20260601_CUB-200-2011_ConvNeXt-Tiny,CUB-200-2011,ConvNeXt-Tiny,20260601,15,0.70532,0.78088,82.911,0.7634,0.7436,0.8267
run_20260601_PlantVillage_Swin-Tiny,PlantVillage,Swin-Tiny,20260601,16,0.66241,0.6904,94.2032,0.8098,0.2154,0.8713
run_20260601_PlantDoc_Swin-Tiny,PlantDoc,Swin-Tiny,20260601,17,0.63676,0.75272,78.702,0.8277,0.9665,0.8187
run_20260601_CUB-200-2011_Swin-Tiny,CUB-200-2011,Swin-Tiny,20260601,18,0.58856,0.66874,84.7804,0.7616,0.6222,0.8423
run_20260601_PlantVillage_ConvNeXtplusARM,PlantVillage,ConvNeXt+ARM,20260601,19,0.56352,0.53746,95.2189,0.7796,0.2517,0.8553
run_20260601_PlantDoc_ConvNeXtplusARM,PlantDoc,ConvNeXt+ARM,20260601,20,0.52298,0.5725,81.5658,0.7717,0.7918,0.8454
run_20260601_CUB-200-2011_ConvNeXtplusARM,CUB-200-2011,ConvNeXt+ARM,20260601,21,0.47878,0.56335,85.0729,0.8182,0.6453,0.8673
run_20260601_PlantVillage_UAMP-Net,PlantVillage,UAMP-Net,20260601,22,0.45948,0.47657,96.8382,0.8788,0.259,0.8585
run_20260601_PlantDoc_UAMP-Net,PlantDoc,UAMP-Net,20260601,23,0.41798,0.51025,84.7228,0.826,0.6762,0.8557
run_20260601_CUB-200-2011_UAMP-Net,CUB-200-2011,UAMP-Net,20260601,24,0.41726,0.42665,87.5542,0.8484,0.4921,0.8562
run_20260607_PlantVillage_ResNet-50,PlantVillage,ResNet-50,20260607,25,0.37191,0.42536,94.801,0.7743,0.2714,0.8628
run_20260607_PlantDoc_ResNet-50,PlantDoc,ResNet-50,20260607,26,0.35101,0.45061,74.4809,0.7974,0.98,0.8455
run_20260607_CUB-200-2011_ResNet-50,CUB-200-2011,ResNet-50,20260607,27,0.31976,0.39295,81.1643,0.7788,0.8338,0.8493
run_20260607_PlantVillage_EfficientNet-B3,PlantVillage,EfficientNet-B3,20260607,28,0.29053,0.31153,96.095,0.8228,0.1094,0.8749
run_20260607_PlantDoc_EfficientNet-B3,PlantDoc,EfficientNet-B3,20260607,29,0.27839,0.37073,78.6897,0.7865,0.8982,0.8415
run_20260607_CUB-200-2011_EfficientNet-B3,CUB-200-2011,EfficientNet-B3,20260607,30,0.27789,0.3341,84.3116,0.816,0.5813,0.8594
run_20260607_PlantVillage_ConvNeXt-Tiny,PlantVillage,ConvNeXt-Tiny,20260607,31,0.26537,0.27397,96.9103,0.8224,0.1139,0.8564
run_20260607_PlantDoc_ConvNeXt-Tiny,PlantDoc,ConvNeXt-Tiny,20260607,32,0.26969,0.28684,81.1544,0.8041,0.7816,0.8287
run_20260607_CUB-200-2011_ConvNeXt-Tiny,CUB-200-2011,ConvNeXt-Tiny,20260607,33,0.2527,0.35189,85.4297,0.8007,0.6348,0.8343
run_20260607_PlantVillage_Swin-Tiny,PlantVillage,Swin-Tiny,20260607,34,0.22087,0.23926,96.7136,0.8276,0.2048,0.8439
run_20260607_PlantDoc_Swin-Tiny,PlantDoc,Swin-Tiny,20260607,35,0.18956,0.24985,80.7474,0.8211,0.7551,0.7977
run_20260607_CUB-200-2011_Swin-Tiny,CUB-200-2011,Swin-Tiny,20260607,36,0.18153,0.22873,86.7757,0.8093,0.6346,0.853
run_20260607_PlantVillage_ConvNeXtplusARM,PlantVillage,ConvNeXt+ARM,20260607,37,0.18128,0.17833,97.766,0.8364,0.1368,0.864
run_20260607_PlantDoc_ConvNeXtplusARM,PlantDoc,ConvNeXt+ARM,20260607,38,0.15758,0.22364,83.7686,0.8231,0.5964,0.8352
run_20260607_CUB-200-2011_ConvNeXtplusARM,CUB-200-2011,ConvNeXt+ARM,20260607,39,0.16638,0.1998,87.2341,0.8354,0.5461,0.8542
run_20260607_PlantVillage_UAMP-Net,PlantVillage,UAMP-Net,20260607,40,0.10954,0.13919,98.4186,0.8586,0.0766,0.8413
run_20260607_PlantDoc_UAMP-Net,PlantDoc,UAMP-Net,20260607,41,0.09436,0.18387,87.399,0.8737,0.4759,0.8494
run_20260607_CUB-200-2011_UAMP-Net,CUB-200-2011,UAMP-Net,20260607,42,0.11857,0.17131,88.8586,0.8655,0.4216,0.8398
run_20260614_PlantVillage_ResNet-50,PlantVillage,ResNet-50,20260614,43,0.11622,0.10896,96.4134,0.8405,0.2177,0.8499
run_20260614_PlantDoc_ResNet-50,PlantDoc,ResNet-50,20260614,44,0.13563,0.23604,75.5498,0.7933,0.98,0.8549
run_20260614_CUB-200-2011_ResNet-50,CUB-200-2011,ResNet-50,20260614,45,0.08318,0.17257,82.7498,0.8262,0.7087,0.8635
run_20260614_PlantVillage_EfficientNet-B3,PlantVillage,EfficientNet-B3,20260614,46,0.08215,0.10001,97.141,0.8447,0.1177,0.8339
run_20260614_PlantDoc_EfficientNet-B3,PlantDoc,EfficientNet-B3,20260614,47,0.08545,0.15352,79.6001,0.8407,0.9733,0.8753
run_20260614_CUB-200-2011_EfficientNet-B3,CUB-200-2011,EfficientNet-B3,20260614,48,0.09428,0.16502,85.3073,0.8403,0.515,0.8581
run_20260614_PlantVillage_ConvNeXt-Tiny,PlantVillage,ConvNeXt-Tiny,20260614,49,0.08816,0.08595,98.2247,0.8512,0.0653,0.8548
run_20260614_PlantDoc_ConvNeXt-Tiny,PlantDoc,ConvNeXt-Tiny,20260614,50,0.0652,0.17303,81.7274,0.8546,0.7942,0.8262
run_20260614_CUB-200-2011_ConvNeXt-Tiny,CUB-200-2011,ConvNeXt-Tiny,20260614,51,0.06156,0.09706,86.4172,0.8079,0.4997,0.8372
run_20260614_PlantVillage_Swin-Tiny,PlantVillage,Swin-Tiny,20260614,52,0.06389,0.06165,97.5276,0.8401,0.1022,0.8238
run_20260614_PlantDoc_Swin-Tiny,PlantDoc,Swin-Tiny,20260614,53,0.06668,0.11807,80.8854,0.8577,0.7884,0.8561
run_20260614_CUB-200-2011_Swin-Tiny,CUB-200-2011,Swin-Tiny,20260614,54,0.05657,0.11141,87.4277,0.8777,0.5362,0.8163
run_20260614_PlantVillage_ConvNeXtplusARM,PlantVillage,ConvNeXt+ARM,20260614,55,0.046,0.04973,98.5866,0.8259,0.0868,0.8355
run_20260614_PlantDoc_ConvNeXtplusARM,PlantDoc,ConvNeXt+ARM,20260614,56,0.04746,0.10615,84.1497,0.8617,0.6176,0.8128
run_20260614_CUB-200-2011_ConvNeXtplusARM,CUB-200-2011,ConvNeXt+ARM,20260614,57,0.0572,0.08926,88.4205,0.8703,0.4473,0.868
run_20260614_PlantVillage_UAMP-Net,PlantVillage,UAMP-Net,20260614,58,0.05358,0.039,99.293,0.9628,0.0575,0.8235
run_20260614_PlantDoc_UAMP-Net,PlantDoc,UAMP-Net,20260614,59,0.05518,0.11327,86.9778,0.9238,0.4949,0.8655
run_20260614_CUB-200-2011_UAMP-Net,CUB-200-2011,UAMP-Net,20260614,60,0.04439,0.07712,89.6311,0.9173,0.5048,0.8058
run_20260601_PlantVillage_ResNet-50,PlantVillage,ResNet-50,20260601,1,1.68679,1.82426,84.176,0.7583,0.7054,0.8381
run_20260601_PlantDoc_ResNet-50,PlantDoc,ResNet-50,20260601,2,1.58478,1.83613,65.2609,0.7366,0.98,0.8167
run_20260601_CUB-200-2011_ResNet-50,CUB-200-2011,ResNet-50,20260601,3,1.51393,1.66947,71.5328,0.7701,0.98,0.8241
run_20260601_PlantVillage_EfficientNet-B3,PlantVillage,EfficientNet-B3,20260601,4,1.41515,1.50438,87.1736,0.7478,0.5508,0.8451
run_20260601_PlantDoc_EfficientNet-B3,PlantDoc,EfficientNet-B3,20260601,5,1.3064,1.48938,70.7595,0.7359,0.98,0.877
run_20260601_CUB-200-2011_EfficientNet-B3,CUB-200-2011,EfficientNet-B3,20260601,6,1.24322,1.37244,77.5815,0.7616,0.9414,0.8545
run_20260601_PlantVillage_ConvNeXt-Tiny,PlantVillage,ConvNeXt-Tiny,20260601,7,1.16513,1.26075,90.6844,0.7463,0.3573,0.8507
run_20260601_PlantDoc_ConvNeXt-Tiny,PlantDoc,ConvNeXt-Tiny,20260601,8,1.09075,1.22985,74.7812,0.7602,0.98,0.8305
run_20260601_CUB-200-2011_ConvNeXt-Tiny,CUB-200-2011,ConvNeXt-Tiny,20260601,9,1.03085,1.13226,80.3126,0.796,0.8307,0.8171
run_20260601_PlantVillage_Swin-Tiny,PlantVillage,Swin-Tiny,20260601,10,0.95704,1.00671,91.9451,0.7652,0.3814,0.8747
run_20260601_PlantDoc_Swin-Tiny,PlantDoc,Swin-Tiny,20260601,11,0.91922,1.04921,75.8106,0.7507,0.98,0.853
run_20260601_CUB-200-2011_Swin-Tiny,CUB-200-2011,Swin-Tiny,20260601,12,0.8068,0.92489,81.995,0.7523,0.7363,0.8297
run_20260601_PlantVillage_ConvNeXtplusARM,PlantVillage,ConvNeXt+ARM,20260601,13,0.78777,0.8413,93.8735,0.7894,0.2904,0.8766
run_20260601_PlantDoc_ConvNeXtplusARM,PlantDoc,ConvNeXt+ARM,20260601,14,0.72969,0.86105,78.5206,0.7946,0.8999,0.859
run_20260601_CUB-200-2011_ConvNeXtplusARM,CUB-200-2011,ConvNeXt+ARM,20260601,15,0.69228,0.76322,83.3274,0.7729,0.7144,0.8181
run_20260601_PlantVillage_UAMP-Net,PlantVillage,UAMP-Net,20260601,16,0.68287,0.67632,95.0783,0.8365,0.1529,0.866
run_20260601_PlantDoc_UAMP-Net,PlantDoc,UAMP-Net,20260601,17,0.6322,0.68007,82.8265,0.8264,0.7791,0.8185
run_20260601_CUB-200-2011_UAMP-Net,CUB-200-2011,UAMP-Net,20260601,18,0.59205,0.62351,86.3209,0.8306,0.6082,0.839
run_20260607_PlantVillage_ResNet-50,PlantVillage,ResNet-50,20260607,19,0.55744,0.58745,93.5818,0.8405,0.2566,0.8281
run_20260607_PlantDoc_ResNet-50,PlantDoc,ResNet-50,20260607,20,0.53175,0.6436,74.2484,0.8035,0.98,0.8741
run_20260607_CUB-200-2011_ResNet-50,CUB-200-2011,ResNet-50,20260607,21,0.49465,0.55853,80.4815,0.7961,0.8301,0.8807
run_20260607_PlantVillage_EfficientNet-B3,PlantVillage,EfficientNet-B3,20260607,22,0.47384,0.49246,94.7633,0.8391,0.1811,0.8257
run_20260607_PlantDoc_EfficientNet-B3,PlantDoc,EfficientNet-B3,20260607,23,0.43896,0.51573,77.7766,0.7907,0.98,0.8508
run_20260607_CUB-200-2011_EfficientNet-B3,CUB-200-2011,EfficientNet-B3,20260607,24,0.39347,0.4727,83.2109,0.7898,0.665,0.845
run_20260607_PlantVillage_ConvNeXt-Tiny,PlantVillage,ConvNeXt-Tiny,20260607,25,0.3842,0.3929,96.0994,0.747,0.1635,0.888
run_20260607_PlantDoc_ConvNeXt-Tiny,PlantDoc,ConvNeXt-Tiny,20260607,26,0.35616,0.41996,79.9373,0.788,0.8616,0.8198
run_20260607_CUB-200-2011_ConvNeXt-Tiny,CUB-200-2011,ConvNeXt-Tiny,20260607,27,0.34627,0.39613,85.771,0.8022,0.6099,0.8376
run_20260607_PlantVillage_Swin-Tiny,PlantVillage,Swin-Tiny,20260607,28,0.33675,0.31511,96.9597,0.8368,0.181,0.8422
run_20260607_PlantDoc_Swin-Tiny,PlantDoc,Swin-Tiny,20260607,29,0.30092,0.38028,80.7776,0.8101,0.8668,0.8355
run_20260607_CUB-200-2011_Swin-Tiny,CUB-200-2011,Swin-Tiny,20260607,30,0.26804,0.2916,87.0369,0.7993,0.536,0.8573
run_20260607_PlantVillage_ConvNeXtplusARM,PlantVillage,ConvNeXt+ARM,20260607,31,0.26673,0.29045,96.9268,0.8022,0.1128,0.839
run_20260607_PlantDoc_ConvNeXtplusARM,PlantDoc,ConvNeXt+ARM,20260607,32,0.24151,0.31356,83.1879,0.7924,0.7802,0.8638
run_20260607_CUB-200-2011_ConvNeXtplusARM,CUB-200-2011,ConvNeXt+ARM,20260607,33,0.18398,0.32539,87.5507,0.8145,0.4934,0.8571
run_20260607_PlantVillage_UAMP-Net,PlantVillage,UAMP-Net,20260607,34,0.19486,0.23991,98.0362,0.8141,0.1097,0.8614
run_20260607_PlantDoc_UAMP-Net,PlantDoc,UAMP-Net,20260607,35,0.2017,0.26014,85.4288,0.864,0.582,0.8614
run_20260607_CUB-200-2011_UAMP-Net,CUB-200-2011,UAMP-Net,20260607,36,0.19898,0.20749,89.4389,0.9005,0.4964,0.8398
run_20260614_PlantVillage_ResNet-50,PlantVillage,ResNet-50,20260614,37,0.16703,0.1763,95.7602,0.82,0.2318,0.8594
run_20260614_PlantDoc_ResNet-50,PlantDoc,ResNet-50,20260614,38,0.18321,0.25287,75.502,0.7897,0.98,0.8446
run_20260614_CUB-200-2011_ResNet-50,CUB-200-2011,ResNet-50,20260614,39,0.1446,0.21997,82.7962,0.8192,0.7663,0.821
run_20260614_PlantVillage_EfficientNet-B3,PlantVillage,EfficientNet-B3,20260614,40,0.16264,0.13744,97.0186,0.8444,0.2216,0.8499
run_20260614_PlantDoc_EfficientNet-B3,PlantDoc,EfficientNet-B3,20260614,41,0.19126,0.2162,79.7495,0.8297,0.7662,0.8397
run_20260614_CUB-200-2011_EfficientNet-B3,CUB-200-2011,EfficientNet-B3,20260614,42,0.11559,0.20045,85.3859,0.8147,0.6306,0.8642
run_20260614_PlantVillage_ConvNeXt-Tiny,PlantVillage,ConvNeXt-Tiny,20260614,43,0.14012,0.11279,97.7962,0.8472,0.0228,0.8444
run_20260614_PlantDoc_ConvNeXt-Tiny,PlantDoc,ConvNeXt-Tiny,20260614,44,0.13447,0.19024,81.4149,0.8327,0.82,0.8089
run_20260614_CUB-200-2011_ConvNeXt-Tiny,CUB-200-2011,ConvNeXt-Tiny,20260614,45,0.11145,0.15995,85.8027,0.8437,0.541,0.8262
run_20260614_PlantVillage_Swin-Tiny,PlantVillage,Swin-Tiny,20260614,46,0.09958,0.09885,97.4944,0.8211,0.0792,0.8897
run_20260614_PlantDoc_Swin-Tiny,PlantDoc,Swin-Tiny,20260614,47,0.12049,0.13522,81.4697,0.862,0.7979,0.8206
run_20260614_CUB-200-2011_Swin-Tiny,CUB-200-2011,Swin-Tiny,20260614,48,0.05455,0.13832,87.6307,0.8562,0.5559,0.8515
run_20260614_PlantVillage_ConvNeXtplusARM,PlantVillage,ConvNeXt+ARM,20260614,49,0.1163,0.10755,98.2931,0.87,0.0372,0.8425
run_20260614_PlantDoc_ConvNeXtplusARM,PlantDoc,ConvNeXt+ARM,20260614,50,0.08695,0.13439,84.0151,0.8873,0.6415,0.8631
run_20260614_CUB-200-2011_ConvNeXtplusARM,CUB-200-2011,ConvNeXt+ARM,20260614,51,0.07663,0.13957,88.5525,0.8327,0.4772,0.8865
run_20260614_PlantVillage_UAMP-Net,PlantVillage,UAMP-Net,20260614,52,0.08196,0.08363,99.3916,0.8975,0.02,0.8419
run_20260614_PlantDoc_UAMP-Net,PlantDoc,UAMP-Net,20260614,53,0.07491,0.09903,86.3724,0.9171,0.566,0.8404
run_20260614_CUB-200-2011_UAMP-Net,CUB-200-2011,UAMP-Net,20260614,54,0.05495,0.11036,89.5502,0.9223,0.4457,0.8808
run_20260601_PlantVillage_ResNet-50,PlantVillage,ResNet-50,20260601,55,0.08734,0.08896,96.4049,0.8336,0.1323,0.8657
run_20260601_PlantDoc_ResNet-50,PlantDoc,ResNet-50,20260601,56,0.06753,0.1505,76.0816,0.8896,0.98,0.8255
run_20260601_CUB-200-2011_ResNet-50,CUB-200-2011,ResNet-50,20260601,57,0.05068,0.11144,82.5306,0.8599,0.6701,0.8556
run_20260601_PlantVillage_EfficientNet-B3,PlantVillage,EfficientNet-B3,20260601,58,0.05798,0.07234,97.2265,0.8538,0.1206,0.8539
run_20260601_PlantDoc_EfficientNet-B3,PlantDoc,EfficientNet-B3,20260601,59,0.02854,0.12656,79.4693,0.8494,0.8426,0.8314
run_20260601_CUB-200-2011_EfficientNet-B3,CUB-200-2011,EfficientNet-B3,20260601,60,0.03734,0.12743,85.8076,0.8421,0.6478,0.8629
run_20260601_PlantVillage_ConvNeXt-Tiny,PlantVillage,ConvNeXt-Tiny,20260601,1,1.69017,1.87314,85.8196,0.7167,0.6368,0.8451
run_20260601_PlantDoc_ConvNeXt-Tiny,PlantDoc,ConvNeXt-Tiny,20260601,2,1.56143,1.77161,70.6623,0.7746,0.98,0.8023
run_20260601_CUB-200-2011_ConvNeXt-Tiny,CUB-200-2011,ConvNeXt-Tiny,20260601,3,1.51098,1.66572,75.8724,0.7501,0.9789,0.8452
run_20260601_PlantVillage_Swin-Tiny,PlantVillage,Swin-Tiny,20260601,4,1.39682,1.5187,87.9604,0.7525,0.415,0.8466
run_20260601_PlantDoc_Swin-Tiny,PlantDoc,Swin-Tiny,20260601,5,1.30683,1.48259,72.6464,0.7891,0.98,0.8487
run_20260601_CUB-200-2011_Swin-Tiny,CUB-200-2011,Swin-Tiny,20260601,6,1.25059,1.3698,79.3444,0.7826,0.8958,0.8379
run_20260601_PlantVillage_ConvNeXtplusARM,PlantVillage,ConvNeXt+ARM,20260601,7,1.17545,1.23437,90.6069,0.7668,0.342,0.8194
run_20260601_PlantDoc_ConvNeXtplusARM,PlantDoc,ConvNeXt+ARM,20260601,8,1.09605,1.18239,76.6453,0.7506,0.9268,0.8385
run_20260601_CUB-200-2011_ConvNeXtplusARM,CUB-200-2011,ConvNeXt+ARM,20260601,9,1.02249,1.12838,81.8015,0.7727,0.8067,0.8767
run_20260601_PlantVillage_UAMP-Net,PlantVillage,UAMP-Net,20260601,10,0.94302,1.02124,93.1217,0.812,0.301,0.8153
run_20260601_PlantDoc_UAMP-Net,PlantDoc,UAMP-Net,20260601,11,0.90311,1.01377,81.1489,0.8477,0.7748,0.8707
run_20260601_CUB-200-2011_UAMP-Net,CUB-200-2011,UAMP-Net,20260601,12,0.84317,0.93495,84.0979,0.8304,0.5771,0.8491
run_20260607_PlantVillage_ResNet-50,PlantVillage,ResNet-50,20260607,13,0.78941,0.87749,91.9015,0.7696,0.3444,0.8573
run_20260607_PlantDoc_ResNet-50,PlantDoc,ResNet-50,20260607,14,0.73514,0.87565,72.003,0.7998,0.98,0.8486
run_20260607_CUB-200-2011_ResNet-50,CUB-200-2011,ResNet-50,20260607,15,0.692,0.79557,78.406,0.807,0.8707,0.8301
run_20260607_PlantVillage_EfficientNet-B3,PlantVillage,EfficientNet-B3,20260607,16,0.6804,0.67719,93.7504,0.7785,0.2424,0.8363
run_20260607_PlantDoc_EfficientNet-B3,PlantDoc,EfficientNet-B3,20260607,17,0.61049,0.71623,76.3576,0.7889,0.98,0.8625
run_20260607_CUB-200-2011_EfficientNet-B3,CUB-200-2011,EfficientNet-B3,20260607,18,0.60888,0.67463,81.8553,0.7912,0.8266,0.8429
run_20260607_PlantVillage_ConvNeXt-Tiny,PlantVillage,ConvNeXt-Tiny,20260607,19,0.56142,0.5722,95.113,0.7827,0.1889,0.8532
run_20260607_PlantDoc_ConvNeXt-Tiny,PlantDoc,ConvNeXt-Tiny,20260607,20,0.53108,0.61075,79.3088,0.7888,0.9297,0.8947
run_20260607_CUB-200-2011_ConvNeXt-Tiny,CUB-200-2011,ConvNeXt-Tiny,20260607,21,0.49864,0.57016,84.4344,0.7828,0.614,0.8482
run_20260607_PlantVillage_Swin-Tiny,PlantVillage,Swin-Tiny,20260607,22,0.44563,0.44666,95.6962,0.7893,0.135,0.8534
run_20260607_PlantDoc_Swin-Tiny,PlantDoc,Swin-Tiny,20260607,23,0.42795,0.50774,78.9262,0.8045,0.9185,0.8329
run_20260607_CUB-200-2011_Swin-Tiny,CUB-200-2011,Swin-Tiny,20260607,24,0.38976,0.4824,85.6226,0.8098,0.5811,0.8568
run_20260607_PlantVillage_ConvNeXtplusARM,PlantVillage,ConvNeXt+ARM,20260607,25,0.36181,0.40831,96.465,0.8048,0.1836,0.8319
run_20260607_PlantDoc_ConvNeXtplusARM,PlantDoc,ConvNeXt+ARM,20260607,26,0.34271,0.4184,83.0368,0.8107,0.6881,0.8786
run_20260607_CUB-200-2011_ConvNeXtplusARM,CUB-200-2011,ConvNeXt+ARM,20260607,27,0.34254,0.39052,85.4546,0.7709,0.6126,0.8225
run_20260607_PlantVillage_UAMP-Net,PlantVillage,UAMP-Net,20260607,28,0.3217,0.31148,97.3335,0.8801,0.1478,0.8055
run_20260607_PlantDoc_UAMP-Net,PlantDoc,UAMP-Net,20260607,29,0.29665,0.35405,85.9367,0.8437,0.665,0.916
run_20260607_CUB-200-2011_UAMP-Net,CUB-200-2011,UAMP-Net,20260607,30,0.27841,0.31402,88.3661,0.877,0.4474,0.8151
run_20260614_PlantVillage_ResNet-50,PlantVillage,ResNet-50,20260614,31,0.24445,0.25444,95.68,0.8155,0.1185,0.8537
run_20260614_PlantDoc_ResNet-50,PlantDoc,ResNet-50,20260614,32,0.22837,0.36347,75.4625,0.8335,0.98,0.8699
run_20260614_CUB-200-2011_ResNet-50,CUB-200-2011,ResNet-50,20260614,33,0.2712,0.29807,80.8079,0.8305,0.7832,0.8498
run_20260614_PlantVillage_EfficientNet-B3,PlantVillage,EfficientNet-B3,20260614,34,0.19791,0.22047,96.7861,0.7871,0.1076,0.8443
run_20260614_PlantDoc_EfficientNet-B3,PlantDoc,EfficientNet-B3,20260614,35,0.22867,0.28697,79.3673,0.8382,0.8652,0.8651
run_20260614_CUB-200-2011_EfficientNet-B3,CUB-200-2011,EfficientNet-B3,20260614,36,0.18575,0.24887,83.4532,0.8222,0.7415,0.8329
run_20260614_PlantVillage_ConvNeXt-Tiny,PlantVillage,ConvNeXt-Tiny,20260614,37,0.19503,0.19199,97.3973,0.8213,0.0395,0.8698
run_20260614_PlantDoc_ConvNeXt-Tiny,PlantDoc,ConvNeXt-Tiny,20260614,38,0.18277,0.24806,81.3911,0.8387,0.8149,0.8536
run_20260614_CUB-200-2011_ConvNeXt-Tiny,CUB-200-2011,ConvNeXt-Tiny,20260614,39,0.16588,0.21101,84.8029,0.8191,0.6045,0.8498
run_20260614_PlantVillage_Swin-Tiny,PlantVillage,Swin-Tiny,20260614,40,0.15611,0.14591,97.4849,0.8563,0.1108,0.874
run_20260614_PlantDoc_Swin-Tiny,PlantDoc,Swin-Tiny,20260614,41,0.16687,0.22552,81.69,0.846,0.7853,0.862
run_20260614_CUB-200-2011_Swin-Tiny,CUB-200-2011,Swin-Tiny,20260614,42,0.1528,0.17615,86.8019,0.8277,0.5024,0.8571
run_20260614_PlantVillage_ConvNeXtplusARM,PlantVillage,ConvNeXt+ARM,20260614,43,0.13639,0.14894,98.2437,0.8287,0.1128,0.8265
run_20260614_PlantDoc_ConvNeXtplusARM,PlantDoc,ConvNeXt+ARM,20260614,44,0.11411,0.15208,84.5393,0.7943,0.7204,0.8615
run_20260614_CUB-200-2011_ConvNeXtplusARM,CUB-200-2011,ConvNeXt+ARM,20260614,45,0.10522,0.12303,88.6961,0.8198,0.4829,0.8501
run_20260614_PlantVillage_UAMP-Net,PlantVillage,UAMP-Net,20260614,46,0.09243,0.11101,98.1925,0.8782,0.0475,0.8712
run_20260614_PlantDoc_UAMP-Net,PlantDoc,UAMP-Net,20260614,47,0.07206,0.13383,86.0412,0.9051,0.5616,0.8159
run_20260614_CUB-200-2011_UAMP-Net,CUB-200-2011,UAMP-Net,20260614,48,0.08886,0.11805,88.7771,0.9034,0.5485,0.8726
run_20260601_PlantVillage_ResNet-50,PlantVillage,ResNet-50,20260601,49,0.06462,0.06968,96.5506,0.8237,0.1486,0.8515
run_20260601_PlantDoc_ResNet-50,PlantDoc,ResNet-50,20260601,50,0.05447,0.15086,76.3881,0.8374,0.98,0.8475
run_20260601_CUB-200-2011_ResNet-50,CUB-200-2011,ResNet-50,20260601,51,0.09626,0.12035,82.6714,0.866,0.8293,0.8708
run_20260601_PlantVillage_EfficientNet-B3,PlantVillage,EfficientNet-B3,20260601,52,0.06131,0.08956,97.1384,0.8801,0.1198,0.8651
run_20260601_PlantDoc_EfficientNet-B3,PlantDoc,EfficientNet-B3,20260601,53,0.07797,0.14046,78.6368,0.8526,0.8863,0.8678
run_20260601_CUB-200-2011_EfficientNet-B3,CUB-200-2011,EfficientNet-B3,20260601,54,0.04176,0.13487,84.9322,0.8539,0.6249,0.8411
run_20260601_PlantVillage_ConvNeXt-Tiny,PlantVillage,ConvNeXt-Tiny,20260601,55,0.05869,0.07479,98.044,0.8586,0.02,0.8419
run_20260601_PlantDoc_ConvNeXt-Tiny,PlantDoc,ConvNeXt-Tiny,20260601,56,0.06875,0.08229,82.3405,0.8783,0.7739,0.8348
run_20260601_CUB-200-2011_ConvNeXt-Tiny,CUB-200-2011,ConvNeXt-Tiny,20260601,57,0.03594,0.09912,86.7502,0.884,0.4676,0.8267
run_20260601_PlantVillage_Swin-Tiny,PlantVillage,Swin-Tiny,20260601,58,0.05407,0.05163,98.1451,0.8701,0.0314,0.8385
run_20260601_PlantDoc_Swin-Tiny,PlantDoc,Swin-Tiny,20260601,59,0.02051,0.11239,81.927,0.8766,0.7296,0.8491
run_20260601_CUB-200-2011_Swin-Tiny,CUB-200-2011,Swin-Tiny,20260601,60,0.02791,0.06383,87.3939,0.9042,0.5647,0.8624
run_20260601_PlantVillage_ConvNeXtplusARM,PlantVillage,ConvNeXt+ARM,20260601,1,1.70032,1.85475,85.9892,0.776,0.5571,0.8568
run_20260601_PlantDoc_ConvNeXtplusARM,PlantDoc,ConvNeXt+ARM,20260601,2,1.59557,1.78796,73.0624,0.7315,0.98,0.8421
run_20260601_CUB-200-2011_ConvNeXtplusARM,CUB-200-2011,ConvNeXt+ARM,20260601,3,1.51821,1.64952,77.3091,0.7532,0.9467,0.8447
run_20260601_PlantVillage_UAMP-Net,PlantVillage,UAMP-Net,20260601,4,1.38554,1.51638,89.084,0.814,0.4787,0.8261
run_20260601_PlantDoc_UAMP-Net,PlantDoc,UAMP-Net,20260601,5,1.33194,1.44616,78.6158,0.8214,0.8228,0.8729
run_20260601_CUB-200-2011_UAMP-Net,CUB-200-2011,UAMP-Net,20260601,6,1.22684,1.35862,81.6084,0.8349,0.7059,0.8579
run_20260607_PlantVillage_ResNet-50,PlantVillage,ResNet-50,20260607,7,1.16642,1.24292,89.0663,0.7747,0.3934,0.8596
run_20260607_PlantDoc_ResNet-50,PlantDoc,ResNet-50,20260607,8,1.09913,1.22475,70.3028,0.7436,0.98,0.8374
run_20260607_CUB-200-2011_ResNet-50,CUB-200-2011,ResNet-50,20260607,9,1.02077,1.13456,76.3471,0.7539,0.98,0.8872
run_20260607_PlantVillage_EfficientNet-B3,PlantVillage,EfficientNet-B3,20260607,10,0.95799,1.03074,91.4535,0.7471,0.3747,0.845
run_20260607_PlantDoc_EfficientNet-B3,PlantDoc,EfficientNet-B3,20260607,11,0.88455,1.02314,74.5859,0.7722,0.98,0.8462
run_20260607_CUB-200-2011_EfficientNet-B3,CUB-200-2011,EfficientNet-B3,20260607,12,0.85027,0.93193,80.191,0.7812,0.8287,0.849
run_20260607_PlantVillage_ConvNeXt-Tiny,PlantVillage,ConvNeXt-Tiny,20260607,13,0.79559,0.84885,92.9951,0.7536,0.2135,0.8648
run_20260607_PlantDoc_ConvNeXt-Tiny,PlantDoc,ConvNeXt-Tiny,20260607,14,0.74981,0.82637,77.7099,0.8051,0.8959,0.8857
run_20260607_CUB-200-2011_ConvNeXt-Tiny,CUB-200-2011,ConvNeXt-Tiny,20260607,15,0.68966,0.80934,82.1524,0.769,0.7559,0.8982
run_20260607_PlantVillage_Swin-Tiny,PlantVillage,Swin-Tiny,20260607,16,0.65429,0.71553,94.1875,0.796,0.1447,0.8258
run_20260607_PlantDoc_Swin-Tiny,PlantDoc,Swin-Tiny,20260607,17,0.60164,0.7163,78.1855,0.7766,0.9183,0.8035
run_20260607_CUB-200-2011_Swin-Tiny,CUB-200-2011,Swin-Tiny,20260607,18,0.60387,0.61986,84.5287,0.7849,0.7189,0.8397
run_20260607_PlantVillage_ConvNeXtplusARM,PlantVillage,ConvNeXt+ARM,20260607,19,0.55813,0.55616,95.412,0.8108,0.1747,0.868
run_20260607_PlantDoc_ConvNeXtplusARM,PlantDoc,ConvNeXt+ARM,20260607,20,0.52992,0.60013,80.8521,0.7789,0.7964,0.8308
run_20260607_CUB-200-2011_ConvNeXtplusARM,CUB-200-2011,ConvNeXt+ARM,20260607,21,0.47439,0.55125,85.122,0.8126,0.6279,0.8594
run_20260607_PlantVillage_UAMP-Net,PlantVillage,UAMP-Net,20260607,22,0.45804,0.49194,96.5068,0.857,0.1611,0.8868
run_20260607_PlantDoc_UAMP-Net,PlantDoc,UAMP-Net,20260607,23,0.42282,0.48464,84.7326,0.8494,0.6839,0.8571
run_20260607_CUB-200-2011_UAMP-Net,CUB-200-2011,UAMP-Net,20260607,24,0.41529,0.45633,87.1977,0.8901,0.528,0.8693
run_20260614_PlantVillage_ResNet-50,PlantVillage,ResNet-50,20260614,25,0.37886,0.40361,94.7185,0.7988,0.3135,0.8521
run_20260614_PlantDoc_ResNet-50,PlantDoc,ResNet-50,20260614,26,0.36594,0.4828,74.9391,0.7703,0.9448,0.8614
run_20260614_CUB-200-2011_ResNet-50,CUB-200-2011,ResNet-50,20260614,27,0.34734,0.3854,81.1727,0.8256,0.7761,0.8625
run_20260614_PlantVillage_EfficientNet-B3,PlantVillage,EfficientNet-B3,20260614,28,0.34057,0.31493,95.8391,0.8159,0.0518,0.8713
run_20260614_PlantDoc_EfficientNet-B3,PlantDoc,EfficientNet-B3,20260614,29,0.30326,0.40526,78.3755,0.7871,0.9704,0.843
run_20260614_CUB-200-2011_EfficientNet-B3,CUB-200-2011,EfficientNet-B3,20260614,30,0.29408,0.30974,83.4097,0.8009,0.725,0.8478
run_20260614_PlantVillage_ConvNeXt-Tiny,PlantVillage,ConvNeXt-Tiny,20260614,31,0.27033,0.26363,97.0061,0.8056,0.0665,0.8416
run_20260614_PlantDoc_ConvNeXt-Tiny,PlantDoc,ConvNeXt-Tiny,20260614,32,0.21282,0.30814,81.0317,0.8498,0.8307,0.859
run_20260614_CUB-200-2011_ConvNeXt-Tiny,CUB-200-2011,ConvNeXt-Tiny,20260614,33,0.251,0.27803,86.1411,0.8297,0.7138,0.8318
run_20260614_PlantVillage_Swin-Tiny,PlantVillage,Swin-Tiny,20260614,34,0.22328,0.25333,96.8687,0.8293,0.0997,0.8574
run_20260614_PlantDoc_Swin-Tiny,PlantDoc,Swin-Tiny,20260614,35,0.19662,0.26292,80.8073,0.8034,0.8299,0.8417
run_20260614_CUB-200-2011_Swin-Tiny,CUB-200-2011,Swin-Tiny,20260614,36,0.18701,0.24515,86.8435,0.818,0.5443,0.8373
run_20260614_PlantVillage_ConvNeXtplusARM,PlantVillage,ConvNeXt+ARM,20260614,37,0.19082,0.19041,97.9744,0.8061,0.0705,0.849
run_20260614_PlantDoc_ConvNeXtplusARM,PlantDoc,ConvNeXt+ARM,20260614,38,0.20418,0.26194,83.8933,0.8241,0.7247,0.8467
run_20260614_CUB-200-2011_ConvNeXtplusARM,CUB-200-2011,ConvNeXt+ARM,20260614,39,0.12899,0.23797,87.4499,0.8398,0.5304,0.841
run_20260614_PlantVillage_UAMP-Net,PlantVillage,UAMP-Net,20260614,40,0.13416,0.14617,97.9112,0.883,0.02,0.8825
run_20260614_PlantDoc_UAMP-Net,PlantDoc,UAMP-Net,20260614,41,0.15786,0.16476,86.9769,0.9134,0.5567,0.8377
run_20260614_CUB-200-2011_UAMP-Net,CUB-200-2011,UAMP-Net,20260614,42,0.13386,0.15805,89.1309,0.9371,0.4056,0.8491
run_20260601_PlantVillage_ResNet-50,PlantVillage,ResNet-50,20260601,43,0.09862,0.15619,95.8382,0.8212,0.1121,0.8383
run_20260601_PlantDoc_ResNet-50,PlantDoc,ResNet-50,20260601,44,0.14847,0.18913,76.721,0.8169,0.8998,0.8683
run_20260601_CUB-200-2011_ResNet-50,CUB-200-2011,ResNet-50,20260601,45,0.13759,0.20499,82.0052,0.8401,0.645,0.8824
run_20260601_PlantVillage_EfficientNet-B3,PlantVillage,EfficientNet-B3,20260601,46,0.10208,0.08436,97.1376,0.8145,0.1143,0.865
run_20260601_PlantDoc_EfficientNet-B3,PlantDoc,EfficientNet-B3,20260601,47,0.10638,0.16424,79.7732,0.8276,0.8683,0.8572
run_20260601_CUB-200-2011_EfficientNet-B3,CUB-200-2011,EfficientNet-B3,20260601,48,0.07988,0.15063,84.7031,0.8361,0.6273,0.8765
run_20260601_PlantVillage_ConvNeXt-Tiny,PlantVillage,ConvNeXt-Tiny,20260601,49,0.08736,0.09274,98.1284,0.837,0.1278,0.8557
run_20260601_PlantDoc_ConvNeXt-Tiny,PlantDoc,ConvNeXt-Tiny,20260601,50,0.09839,0.1417,81.7119,0.8264,0.7341,0.8515
run_20260601_CUB-200-2011_ConvNeXt-Tiny,CUB-200-2011,ConvNeXt-Tiny,20260601,51,0.05363,0.12509,86.4846,0.8494,0.569,0.8267
run_20260601_PlantVillage_Swin-Tiny,PlantVillage,Swin-Tiny,20260601,52,0.06663,0.04595,98.2301,0.8733,0.0617,0.858
run_20260601_PlantDoc_Swin-Tiny,PlantDoc,Swin-Tiny,20260601,53,0.05601,0.12273,81.3579,0.8981,0.7581,0.8681
run_20260601_CUB-200-2011_Swin-Tiny,CUB-200-2011,Swin-Tiny,20260601,54,0.05167,0.08766,87.7046,0.8279,0.4802,0.817
run_20260601_PlantVillage_ConvNeXtplusARM,PlantVillage,ConvNeXt+ARM,20260601,55,0.0886,0.06445,98.2714,0.8678,0.1526,0.8412
run_20260601_PlantDoc_ConvNeXtplusARM,PlantDoc,ConvNeXt+ARM,20260601,56,0.04145,0.10587,83.3001,0.8642,0.7592,0.848
run_20260601_CUB-200-2011_ConvNeXtplusARM,CUB-200-2011,ConvNeXt+ARM,20260601,57,0.04034,0.09526,87.5187,0.8901,0.5696,0.8677
run_20260601_PlantVillage_UAMP-Net,PlantVillage,UAMP-Net,20260601,58,0.08196,0.04812,98.7932,0.9216,0.1184,0.8548
run_20260601_PlantDoc_UAMP-Net,PlantDoc,UAMP-Net,20260601,59,0.03914,0.09836,86.2948,0.9436,0.6354,0.8429
run_20260601_CUB-200-2011_UAMP-Net,CUB-200-2011,UAMP-Net,20260601,60,0.048,0.07607,89.9278,0.934,0.3598,0.846
run_20260607_PlantVillage_ResNet-50,PlantVillage,ResNet-50,20260607,1,1.70821,1.85036,84.2714,0.761,0.5488,0.8448
run_20260607_PlantDoc_ResNet-50,PlantDoc,ResNet-50,20260607,2,1.57593,1.76084,64.7473,0.7727,0.98,0.8295
run_20260607_CUB-200-2011_ResNet-50,CUB-200-2011,ResNet-50,20260607,3,1.5194,1.67076,71.8332,0.7134,0.98,0.8791
run_20260607_PlantVillage_EfficientNet-B3,PlantVillage,EfficientNet-B3,20260607,4,1.39445,1.52455,87.3478,0.7766,0.4645,0.8376
run_20260607_PlantDoc_EfficientNet-B3,PlantDoc,EfficientNet-B3,20260607,5,1.33106,1.49851,70.7804,0.6995,0.98,0.8657
run_20260607_CUB-200-2011_EfficientNet-B3,CUB-200-2011,EfficientNet-B3,20260607,6,1.25157,1.37295,76.4205,0.7578,0.98,0.812
run_20260607_PlantVillage_ConvNeXt-Tiny,PlantVillage,ConvNeXt-Tiny,20260607,7,1.17472,1.23759,90.2813,0.7448,0.418,0.8616
run_20260607_PlantDoc_ConvNeXt-Tiny,PlantDoc,ConvNeXt-Tiny,20260607,8,1.07871,1.25037,74.7504,0.7738,0.9713,0.8572
run_20260607_CUB-200-2011_ConvNeXt-Tiny,CUB-200-2011,ConvNeXt-Tiny,20260607,9,1.02432,1.14754,79.9959,0.7797,0.8409,0.8813
run_20260607_PlantVillage_Swin-Tiny,PlantVillage,Swin-Tiny,20260607,10,0.94767,1.05931,91.6264,0.7583,0.397,0.8491
run_20260607_PlantDoc_Swin-Tiny,PlantDoc,Swin-Tiny,20260607,11,0.88607,1.04458,75.8867,0.772,0.98,0.8772
run_20260607_CUB-200-2011_Swin-Tiny,CUB-200-2011,Swin-Tiny,20260607,12,0.84556,0.94292,82.3557,0.8043,0.7285,0.8284
run_20260607_PlantVillage_ConvNeXtplusARM,PlantVillage,ConvNeXt+ARM,20260607,13,0.80801,0.84792,93.4381,0.7948,0.2971,0.8394
run_20260607_PlantDoc_ConvNeXtplusARM,PlantDoc,ConvNeXt+ARM,20260607,14,0.73516,0.84413,78.6595,0.7598,0.9488,0.8836
run_20260607_CUB-200-2011_ConvNeXtplusARM,CUB-200-2011,ConvNeXt+ARM,20260607,15,0.7442,0.77338,83.2775,0.7655,0.6286,0.8421
run_20260607_PlantVillage_UAMP-Net,PlantVillage,UAMP-Net,20260607,16,0.65762,0.67014,95.1167,0.8205,0.1175,0.8674
run_20260607_PlantDoc_UAMP-Net,PlantDoc,UAMP-Net,20260607,17,0.62779,0.71113,83.4512,0.8402,0.6153,0.8176
run_20260607_CUB-200-2011_UAMP-Net,CUB-200-2011,UAMP-Net,20260607,18,0.60373,0.67168,86.7859,0.8628,0.5902,0.8405
run_20260614_PlantVillage_ResNet-50,PlantVillage,ResNet-50,20260614,19,0.52594,0.57945,93.7104,0.7741,0.2504,0.8199
run_20260614_PlantDoc_ResNet-50,PlantDoc,ResNet-50,20260614,20,0.52844,0.65222,73.2086,0.7742,0.98,0.8588
run_20260614_CUB-200-2011_ResNet-50,CUB-200-2011,ResNet-50,20260614,21,0.49573,0.54821,79.3784,0.7535,0.8713,0.8508
run_20260614_PlantVillage_EfficientNet-B3,PlantVillage,EfficientNet-B3,20260614,22,0.44496,0.46827,95.1958,0.8164,0.2346,0.8208
run_20260614_PlantDoc_EfficientNet-B3,PlantDoc,EfficientNet-B3,20260614,23,0.4354,0.54861,78.1198,0.8168,0.9422,0.8496
run_20260614_CUB-200-2011_EfficientNet-B3,CUB-200-2011,EfficientNet-B3,20260614,24,0.40307,0.46132,83.544,0.8084,0.6466,0.899
run_20260614_PlantVillage_ConvNeXt-Tiny,PlantVillage,ConvNeXt-Tiny,20260614,25,0.40221,0.40168,96.4511,0.7667,0.02,0.8141
run_20260614_PlantDoc_ConvNeXt-Tiny,PlantDoc,ConvNeXt-Tiny,20260614,26,0.34938,0.41463,80.2195,0.7779,0.8223,0.8409
run_20260614_CUB-200-2011_ConvNeXt-Tiny,CUB-200-2011,ConvNeXt-Tiny,20260614,27,0.33248,0.40055,84.8917,0.837,0.5896,0.8499
run_20260614_PlantVillage_Swin-Tiny,PlantVillage,Swin-Tiny,20260614,28,0.30854,0.28487,96.3291,0.8126,0.1994,0.8626
run_20260614_PlantDoc_Swin-Tiny,PlantDoc,Swin-Tiny,20260614,29,0.29866,0.36755,80.6416,0.8047,0.7536,0.8451
run_20260614_CUB-200-2011_Swin-Tiny,CUB-200-2011,Swin-Tiny,20260614,30,0.25819,0.3077,86.5651,0.8112,0.5715,0.8577
run_20260614_PlantVillage_ConvNeXtplusARM,PlantVillage,ConvNeXt+ARM,20260614,31,0.28989,0.30169,97.1274,0.7957,0.1084,0.8483
run_20260614_PlantDoc_ConvNeXtplusARM,PlantDoc,ConvNeXt+ARM,20260614,32,0.25036,0.30228,83.152,0.8033,0.7054,0.9011
run_20260614_CUB-200-2011_ConvNeXtplusARM,CUB-200-2011,ConvNeXt+ARM,20260614,33,0.21565,0.26164,86.909,0.8387,0.5558,0.845
run_20260614_PlantVillage_UAMP-Net,PlantVillage,UAMP-Net,20260614,34,0.19563,0.21901,98.1198,0.891,0.0307,0.8816
run_20260614_PlantDoc_UAMP-Net,PlantDoc,UAMP-Net,20260614,35,0.17262,0.26565,86.2728,0.8726,0.5394,0.8372
run_20260614_CUB-200-2011_UAMP-Net,CUB-200-2011,UAMP-Net,20260614,36,0.18562,0.26301,88.5988,0.889,0.4937,0.8644
run_20260601_PlantVillage_ResNet-50,PlantVillage,ResNet-50,20260601,37,0.16413,0.20051,96.0242,0.8051,0.2005,0.8322
run_20260601_PlantDoc_ResNet-50,PlantDoc,ResNet-50,20260601,38,0.16589,0.27759,75.5219,0.839,0.98,0.8368
run_20260601_CUB-200-2011_ResNet-50,CUB-200-2011,ResNet-50,20260601,39,0.14954,0.23427,81.8853,0.8405,0.717,0.853
run_20260601_PlantVillage_EfficientNet-B3,PlantVillage,EfficientNet-B3,20260601,40,0.13442,0.14961,96.898,0.8393,0.0217,0.8695
run_20260601_PlantDoc_EfficientNet-B3,PlantDoc,EfficientNet-B3,20260601,41,0.14696,0.223,79.6325,0.8117,0.7793,0.8298
run_20260601_CUB-200-2011_EfficientNet-B3,CUB-200-2011,EfficientNet-B3,20260601,42,0.11521,0.17008,85.4695,0.8185,0.722,0.8326
run_20260601_PlantVillage_ConvNeXt-Tiny,PlantVillage,ConvNeXt-Tiny,20260601,43,0.12443,0.14284,97.7275,0.8301,0.132,0.8609
run_20260601_PlantDoc_ConvNeXt-Tiny,PlantDoc,ConvNeXt-Tiny,20260601,44,0.12189,0.15259,81.2659,0.8238,0.8903,0.8107
run_20260601_CUB-200-2011_ConvNeXt-Tiny,CUB-200-2011,ConvNeXt-Tiny,20260601,45,0.09064,0.14379,86.7676,0.8292,0.5763,0.8457
run_20260601_PlantVillage_Swin-Tiny,PlantVillage,Swin-Tiny,20260601,46,0.09564,0.11528,97.4535,0.85,0.1077,0.8462
run_20260601_PlantDoc_Swin-Tiny,PlantDoc,Swin-Tiny,20260601,47,0.07288,0.16366,81.3744,0.843,0.7338,0.8478
run_20260601_CUB-200-2011_Swin-Tiny,CUB-200-2011,Swin-Tiny,20260601,48,0.0839,0.1463,86.6472,0.8491,0.4831,0.8581
run_20260601_PlantVillage_ConvNeXtplusARM,PlantVillage,ConvNeXt+ARM,20260601,49,0.10753,0.10635,98.4174,0.8328,0.0947,0.856
run_20260601_PlantDoc_ConvNeXtplusARM,PlantDoc,ConvNeXt+ARM,20260601,50,0.08782,0.13537,83.836,0.859,0.6564,0.8567
run_20260601_CUB-200-2011_ConvNeXtplusARM,CUB-200-2011,ConvNeXt+ARM,20260601,51,0.06982,0.10727,87.1422,0.8855,0.5516,0.8237
run_20260601_PlantVillage_UAMP-Net,PlantVillage,UAMP-Net,20260601,52,0.06702,0.08388,98.9521,0.9268,0.0331,0.8972
run_20260601_PlantDoc_UAMP-Net,PlantDoc,UAMP-Net,20260601,53,0.06525,0.12123,87.2022,0.9106,0.571,0.8625
run_20260601_CUB-200-2011_UAMP-Net,CUB-200-2011,UAMP-Net,20260601,54,0.05943,0.07257,88.788,0.892,0.4171,0.8338
run_20260607_PlantVillage_ResNet-50,PlantVillage,ResNet-50,20260607,55,0.05524,0.09215,96.2949,0.8543,0.2037,0.88
run_20260607_PlantDoc_ResNet-50,PlantDoc,ResNet-50,20260607,56,0.04084,0.10673,76.5267,0.8603,0.98,0.8669
run_20260607_CUB-200-2011_ResNet-50,CUB-200-2011,ResNet-50,20260607,57,0.02316,0.11527,82.744,0.8712,0.641,0.8481
run_20260607_PlantVillage_EfficientNet-B3,PlantVillage,EfficientNet-B3,20260607,58,0.04981,0.06109,97.3422,0.8608,0.1269,0.845
run_20260607_PlantDoc_EfficientNet-B3,PlantDoc,EfficientNet-B3,20260607,59,0.03215,0.13339,79.5079,0.8593,0.8684,0.8628
run_20260607_CUB-200-2011_EfficientNet-B3,CUB-200-2011,EfficientNet-B3,20260607,60,0.02631,0.08823,85.0379,0.856,0.6518,0.8596
run_20260607_PlantVillage_ConvNeXt-Tiny,PlantVillage,ConvNeXt-Tiny,20260607,1,1.71203,1.85856,85.6515,0.7646,0.6682,0.8543
run_20260607_PlantDoc_ConvNeXt-Tiny,PlantDoc,ConvNeXt-Tiny,20260607,2,1.5763,1.77603,70.2928,0.7261,0.98,0.8279
run_20260607_CUB-200-2011_ConvNeXt-Tiny,CUB-200-2011,ConvNeXt-Tiny,20260607,3,1.49132,1.64685,76.6999,0.7723,0.935,0.8207
run_20260607_PlantVillage_Swin-Tiny,PlantVillage,Swin-Tiny,20260607,4,1.41121,1.50716,88.1992,0.7479,0.53,0.843
run_20260607_PlantDoc_Swin-Tiny,PlantDoc,Swin-Tiny,20260607,5,1.34336,1.49253,72.6784,0.7383,0.98,0.8401
run_20260607_CUB-200-2011_Swin-Tiny,CUB-200-2011,Swin-Tiny,20260607,6,1.23055,1.36138,79.7052,0.7522,0.7357,0.8319
run_20260607_PlantVillage_ConvNeXtplusARM,PlantVillage,ConvNeXt+ARM,20260607,7,1.14948,1.23415,90.8073,0.7769,0.3496,0.8539
run_20260607_PlantDoc_ConvNeXtplusARM,PlantDoc,ConvNeXt+ARM,20260607,8,1.08568,1.23733,76.8485,0.7529,0.98,0.8454
run_20260607_CUB-200-2011_ConvNeXtplusARM,CUB-200-2011,ConvNeXt+ARM,20260607,9,1.00519,1.13216,81.0994,0.7422,0.6986,0.8298
run_20260607_PlantVillage_UAMP-Net,PlantVillage,UAMP-Net,20260607,10,0.95482,1.03542,92.6913,0.7971,0.2988,0.8253
run_20260607_PlantDoc_UAMP-Net,PlantDoc,UAMP-Net,20260607,11,0.90935,0.99141,81.5307,0.8188,0.7927,0.8421
run_20260607_CUB-200-2011_UAMP-Net,CUB-200-2011,UAMP-Net,20260607,12,0.86812,0.9263,84.1165,0.8448,0.5877,0.8743
run_20260614_PlantVillage_ResNet-50,PlantVillage,ResNet-50,20260614,13,0.7824,0.82278,91.6677,0.7587,0.3202,0.8495
run_20260614_PlantDoc_ResNet-50,PlantDoc,ResNet-50,20260614,14,0.755,0.88212,72.0986,0.7684,0.98,0.8852
run_20260614_CUB-200-2011_ResNet-50,CUB-200-2011,ResNet-50,20260614,15,0.7413,0.79496,79.3085,0.8114,0.8079,0.8819
run_20260614_PlantVillage_EfficientNet-B3,PlantVillage,EfficientNet-B3,20260614,16,0.62618,0.66925,93.7632,0.7795,0.2622,0.8224
run_20260614_PlantDoc_EfficientNet-B3,PlantDoc,EfficientNet-B3,20260614,17,0.63825,0.7382,76.4553,0.7589,0.98,0.8635
run_20260614_CUB-200-2011_EfficientNet-B3,CUB-200-2011,EfficientNet-B3,20260614,18,0.5668,0.67185,82.0266,0.7595,0.7191,0.8511
run_20260614_PlantVillage_ConvNeXt-Tiny,PlantVillage,ConvNeXt-Tiny,20260614,19,0.54728,0.58944,95.1047,0.8013,0.1824,0.837
run_20260614_PlantDoc_ConvNeXt-Tiny,PlantDoc,ConvNeXt-Tiny,20260614,20,0.49614,0.60896,79.5112,0.7658,0.8853,0.8643
run_20260614_CUB-200-2011_ConvNeXt-Tiny,CUB-200-2011,ConvNeXt-Tiny,20260614,21,0.50893,0.55233,83.4223,0.7779,0.704,0.8644
run_20260614_PlantVillage_Swin-Tiny,PlantVillage,Swin-Tiny,20260614,22,0.42802,0.48254,95.5421,0.822,0.1651,0.8454
run_20260614_PlantDoc_Swin-Tiny,PlantDoc,Swin-Tiny,20260614,23,0.4161,0.48939,79.7448,0.8057,0.9154,0.868
run_20260614_CUB-200-2011_Swin-Tiny,CUB-200-2011,Swin-Tiny,20260614,24,0.39687,0.44322,85.5286,0.8091,0.6866,0.8399
run_20260614_PlantVillage_ConvNeXtplusARM,PlantVillage,ConvNeXt+ARM,20260614,25,0.41245,0.37618,96.6015,0.8125,0.1176,0.8372
run_20260614_PlantDoc_ConvNeXtplusARM,PlantDoc,ConvNeXt+ARM,20260614,26,0.33363,0.42183,82.2044,0.8144,0.68,0.8556
run_20260614_CUB-200-2011_ConvNeXtplusARM,CUB-200-2011,ConvNeXt+ARM,20260614,27,0.34906,0.38093,86.2393,0.8071,0.5824,0.8593
run_20260614_PlantVillage_UAMP-Net,PlantVillage,UAMP-Net,20260614,28,0.30666,0.3254,97.3695,0.8858,0.0595,0.8706
run_20260614_PlantDoc_UAMP-Net,PlantDoc,UAMP-Net,20260614,29,0.27714,0.35821,85.634,0.8699,0.6035,0.8494
run_20260614_CUB-200-2011_UAMP-Net,CUB-200-2011,UAMP-Net,20260614,30,0.29048,0.32747,88.2862,0.8659,0.5055,0.8483
run_20260601_PlantVillage_ResNet-50,PlantVillage,ResNet-50,20260601,31,0.2229,0.25857,95.3307,0.8107,0.2548,0.8637
run_20260601_PlantDoc_ResNet-50,PlantDoc,ResNet-50,20260601,32,0.24537,0.36208,75.2954,0.7996,0.98,0.8715
run_20260601_CUB-200-2011_ResNet-50,CUB-200-2011,ResNet-50,20260601,33,0.23013,0.28167,82.1105,0.8104,0.7567,0.8543
run_20260601_PlantVillage_EfficientNet-B3,PlantVillage,EfficientNet-B3,20260601,34,0.22256,0.22669,96.6462,0.8303,0.1206,0.8397
run_20260601_PlantDoc_EfficientNet-B3,PlantDoc,EfficientNet-B3,20260601,35,0.20961,0.26994,79.3754,0.8476,0.8327,0.8419
run_20260601_CUB-200-2011_EfficientNet-B3,CUB-200-2011,EfficientNet-B3,20260601,36,0.19226,0.26799,84.5092,0.8256,0.6268,0.8495
run_20260601_PlantVillage_ConvNeXt-Tiny,PlantVillage,ConvNeXt-Tiny,20260601,37,0.18209,0.21395,97.5443,0.8299,0.1684,0.8818
run_20260601_PlantDoc_ConvNeXt-Tiny,PlantDoc,ConvNeXt-Tiny,20260601,38,0.18295,0.22654,81.289,0.8162,0.7375,0.8845
run_20260601_CUB-200-2011_ConvNeXt-Tiny,CUB-200-2011,ConvNeXt-Tiny,20260601,39,0.15537,0.26013,86.4245,0.8356,0.513,0.8457
run_20260601_PlantVillage_Swin-Tiny,PlantVillage,Swin-Tiny,20260601,40,0.14212,0.14705,97.4058,0.8284,0.1237,0.8383
run_20260601_PlantDoc_Swin-Tiny,PlantDoc,Swin-Tiny,20260601,41,0.1327,0.2007,81.6283,0.8505,0.8151,0.8313
run_20260601_CUB-200-2011_Swin-Tiny,CUB-200-2011,Swin-Tiny,20260601,42,0.10894,0.14123,87.4177,0.8403,0.482,0.8437
run_20260601_PlantVillage_ConvNeXtplusARM,PlantVillage,ConvNeXt+ARM,20260601,43,0.08617,0.1181,98.1291,0.8408,0.1357,0.8352
run_20260601_PlantDoc_ConvNeXtplusARM,PlantDoc,ConvNeXt+ARM,20260601,44,0.11471,0.15172,84.1074,0.8281,0.6458,0.8799
run_20260601_CUB-200-2011_ConvNeXtplusARM,CUB-200-2011,ConvNeXt+ARM,20260601,45,0.0977,0.12998,87.6915,0.8353,0.3906,0.8909
run_20260601_PlantVillage_UAMP-Net,PlantVillage,UAMP-Net,20260601,46,0.08684,0.0999,98.6778,0.9012,0.0261,0.8704
run_20260601_PlantDoc_UAMP-Net,PlantDoc,UAMP-Net,20260601,47,0.09756,0.15061,86.6776,0.8851,0.5713,0.8648
run_20260601_CUB-200-2011_UAMP-Net,CUB-200-2011,UAMP-Net,20260601,48,0.09191,0.13071,89.5817,0.9154,0.4484,0.8364
run_20260607_PlantVillage_ResNet-50,PlantVillage,ResNet-50,20260607,49,0.05879,0.1042,96.2421,0.8421,0.098,0.8508
run_20260607_PlantDoc_ResNet-50,PlantDoc,ResNet-50,20260607,50,0.08073,0.14357,76.2223,0.8071,0.98,0.8194
run_20260607_CUB-200-2011_ResNet-50,CUB-200-2011,ResNet-50,20260607,51,0.06856,0.14106,82.9942,0.8071,0.7728,0.8656
run_20260607_PlantVillage_EfficientNet-B3,PlantVillage,EfficientNet-B3,20260607,52,0.08277,0.08087,97.1736,0.8424,0.0832,0.8634
run_20260607_PlantDoc_EfficientNet-B3,PlantDoc,EfficientNet-B3,20260607,53,0.07089,0.15551,79.6786,0.8762,0.8788,0.8516
run_20260607_CUB-200-2011_EfficientNet-B3,CUB-200-2011,EfficientNet-B3,20260607,54,0.05482,0.08462,84.944,0.8718,0.5878,0.8385
run_20260607_PlantVillage_ConvNeXt-Tiny,PlantVillage,ConvNeXt-Tiny,20260607,55,0.07016,0.06437,97.7086,0.8441,0.0587,0.8442
run_20260607_PlantDoc_ConvNeXt-Tiny,PlantDoc,ConvNeXt-Tiny,20260607,56,0.04416,0.11536,81.9772,0.8498,0.773,0.8531
run_20260607_CUB-200-2011_ConvNeXt-Tiny,CUB-200-2011,ConvNeXt-Tiny,20260607,57,0.07423,0.07302,87.0026,0.8797,0.4639,0.8426
run_20260607_PlantVillage_Swin-Tiny,PlantVillage,Swin-Tiny,20260607,58,0.06447,0.05408,97.8107,0.8687,0.1228,0.8592
run_20260607_PlantDoc_Swin-Tiny,PlantDoc,Swin-Tiny,20260607,59,0.0368,0.10029,82.3063,0.8635,0.7307,0.8358
run_20260607_CUB-200-2011_Swin-Tiny,CUB-200-2011,Swin-Tiny,20260607,60,0.02523,0.12138,87.4166,0.8733,0.5752,0.8247
run_20260607_PlantVillage_ConvNeXtplusARM,PlantVillage,ConvNeXt+ARM,20260607,1,1.6973,1.85231,85.8451,0.7479,0.6098,0.8207
run_20260607_PlantDoc_ConvNeXtplusARM,PlantDoc,ConvNeXt+ARM,20260607,2,1.57664,1.73043,72.6082,0.7964,0.98,0.8675
run_20260607_CUB-200-2011_ConvNeXtplusARM,CUB-200-2011,ConvNeXt+ARM,20260607,3,1.48002,1.68373,77.4336,0.7644,0.8916,0.8488
run_20260607_PlantVillage_UAMP-Net,PlantVillage,UAMP-Net,20260607,4,1.40821,1.49315,88.9677,0.8424,0.4342,0.8273
run_20260607_PlantDoc_UAMP-Net,PlantDoc,UAMP-Net,20260607,5,1.32219,1.4798,77.9586,0.805,0.9022,0.856
run_20260607_CUB-200-2011_UAMP-Net,CUB-200-2011,UAMP-Net,20260607,6,1.2318,1.3779,80.9208,0.7979,0.8141,0.8577
run_20260614_PlantVillage_ResNet-50,PlantVillage,ResNet-50,20260614,7,1.1692,1.21855,88.9391,0.7576,0.5688,0.8684
run_20260614_PlantDoc_ResNet-50,PlantDoc,ResNet-50,20260614,8,1.11698,1.23908,69.1342,0.7847,0.98,0.8259
run_20260614_CUB-200-2011_ResNet-50,CUB-200-2011,ResNet-50,20260614,9,1.02956,1.1675,76.0278,0.7538,0.98,0.8447
run_20260614_PlantVillage_EfficientNet-B3,PlantVillage,EfficientNet-B3,20260614,10,0.94137,1.01903,91.3801,0.7384,0.3572,0.8738
run_20260614_PlantDoc_EfficientNet-B3,PlantDoc,EfficientNet-B3,20260614,11,0.8962,1.04764,73.9405,0.7851,0.98,0.8545
run_20260614_CUB-200-2011_EfficientNet-B3,CUB-200-2011,EfficientNet-B3,20260614,12,0.83733,0.95644,79.8831,0.7506,0.8915,0.8387
run_20260614_PlantVillage_ConvNeXt-Tiny,PlantVillage,ConvNeXt-Tiny,20260614,13,0.81518,0.84722,93.1849,0.7305,0.2455,0.8442
run_20260614_PlantDoc_ConvNeXt-Tiny,PlantDoc,ConvNeXt-Tiny,20260614,14,0.7386,0.84747,77.1154,0.7825,0.98,0.847
run_20260614_CUB-200-2011_ConvNeXt-Tiny,CUB-200-2011,ConvNeXt-Tiny,20260614,15,0.70733,0.81013,82.5824,0.7764,0.7262,0.8435
run_20260614_PlantVillage_Swin-Tiny,PlantVillage,Swin-Tiny,20260614,16,0.68353,0.71898,94.2792,0.7924,0.2789,0.8472
run_20260614_PlantDoc_Swin-Tiny,PlantDoc,Swin-Tiny,20260614,17,0.61191,0.70373,78.0035,0.8226,0.8504,0.8127
run_20260614_CUB-200-2011_Swin-Tiny,CUB-200-2011,Swin-Tiny,20260614,18,0.57312,0.63961,84.9657,0.7794,0.6402,0.8517
run_20260614_PlantVillage_ConvNeXtplusARM,PlantVillage,ConvNeXt+ARM,20260614,19,0.54496,0.54756,95.4673,0.7533,0.2262,0.8543
run_20260614_PlantDoc_ConvNeXtplusARM,PlantDoc,ConvNeXt+ARM,20260614,20,0.50882,0.58196,81.467,0.7629,0.7393,0.8658
run_20260614_CUB-200-2011_ConvNeXtplusARM,CUB-200-2011,ConvNeXt+ARM,20260614,21,0.49135,0.56159,85.9936,0.7658,0.57,0.8485
run_20260614_PlantVillage_UAMP-Net,PlantVillage,UAMP-Net,20260614,22,0.44737,0.49571,96.8187,0.863,0.1511,0.8374
run_20260614_PlantDoc_UAMP-Net,PlantDoc,UAMP-Net,20260614,23,0.42873,0.50733,84.443,0.8091,0.6809,0.8328
run_20260614_CUB-200-2011_UAMP-Net,CUB-200-2011,UAMP-Net,20260614,24,0.40665,0.46717,88.0018,0.8464,0.6725,0.8454
run_20260601_PlantVillage_ResNet-50,PlantVillage,ResNet-50,20260601,25,0.3734,0.39109,94.8151,0.7845,0.2341,0.8516
run_20260601_PlantDoc_ResNet-50,PlantDoc,ResNet-50,20260601,26,0.35501,0.44774,74.0967,0.8127,0.9713,0.8745
run_20260601_CUB-200-2011_ResNet-50,CUB-200-2011,ResNet-50,20260601,27,0.32997,0.39762,81.275,0.8199,0.8307,0.8294
run_20260601_PlantVillage_EfficientNet-B3,PlantVillage,EfficientNet-B3,20260601,28,0.30755,0.32734,96.0264,0.7709,0.0964,0.8705
run_20260601_PlantDoc_EfficientNet-B3,PlantDoc,EfficientNet-B3,20260601,29,0.27539,0.36309,78.0953,0.8191,0.9068,0.8602
run_20260601_CUB-200-2011_EfficientNet-B3,CUB-200-2011,EfficientNet-B3,20260601,30,0.26484,0.36142,83.9792,0.8198,0.6183,0.8505
run_20260601_PlantVillage_ConvNeXt-Tiny,PlantVillage,ConvNeXt-Tiny,20260601,31,0.25898,0.25381,97.2545,0.8042,0.1391,0.8424
run_20260601_PlantDoc_ConvNeXt-Tiny,PlantDoc,ConvNeXt-Tiny,20260601,32,0.23822,0.29817,81.385,0.8064,0.7807,0.8594
run_20260601_CUB-200-2011_ConvNeXt-Tiny,CUB-200-2011,ConvNeXt-Tiny,20260601,33,0.2436,0.26963,86.0936,0.8136,0.5978,0.8061
run_20260601_PlantVillage_Swin-Tiny,PlantVillage,Swin-Tiny,20260601,34,0.21015,0.2262,96.975,0.8011,0.1593,0.8419
run_20260601_PlantDoc_Swin-Tiny,PlantDoc,Swin-Tiny,20260601,35,0.1818,0.25373,81.2719,0.8135,0.7783,0.8605
run_20260601_CUB-200-2011_Swin-Tiny,CUB-200-2011,Swin-Tiny,20260601,36,0.18504,0.24087,86.5327,0.8177,0.587,0.864
run_20260601_PlantVillage_ConvNeXtplusARM,PlantVillage,ConvNeXt+ARM,20260601,37,0.16687,0.18441,97.5573,0.7854,0.0983,0.8313
run_20260601_PlantDoc_ConvNeXtplusARM,PlantDoc,ConvNeXt+ARM,20260601,38,0.14775,0.20874,83.1035,0.8503,0.745,0.8435
run_20260601_CUB-200-2011_ConvNeXtplusARM,CUB-200-2011,ConvNeXt+ARM,20260601,39,0.15027,0.17714,87.57,0.8226,0.5519,0.8605
run_20260601_PlantVillage_UAMP-Net,PlantVillage,UAMP-Net,20260601,40,0.14281,0.16073,97.9404,0.9005,0.0735,0.853
run_20260601_PlantDoc_UAMP-Net,PlantDoc,UAMP-Net,20260601,41,0.14147,0.19464,86.8378,0.8822,0.5912,0.8315
run_20260601_CUB-200-2011_UAMP-Net,CUB-200-2011,UAMP-Net,20260601,42,0.14539,0.18168,89.1488,0.8787,0.4689,0.8224
run_20260607_PlantVillage_ResNet-50,PlantVillage,ResNet-50,20260607,43,0.13854,0.10905,96.5092,0.8308,0.1294,0.8389
run_20260607_PlantDoc_ResNet-50,PlantDoc,ResNet-50,20260607,44,0.12457,0.17035,75.9789,0.8191,0.9464,0.844
run_20260607_CUB-200-2011_ResNet-50,CUB-200-2011,ResNet-50,20260607,45,0.09563,0.16243,81.1891,0.8572,0.7936,0.8386
run_20260607_PlantVillage_EfficientNet-B3,PlantVillage,EfficientNet-B3,20260607,46,0.08812,0.09686,97.3659,0.8391,0.0562,0.8307
run_20260607_PlantDoc_EfficientNet-B3,PlantDoc,EfficientNet-B3,20260607,47,0.08645,0.15163,79.6738,0.8383,0.82,0.8598
run_20260607_CUB-200-2011_EfficientNet-B3,CUB-200-2011,EfficientNet-B3,20260607,48,0.06221,0.13617,84.9095,0.8214,0.7101,0.8285
run_20260607_PlantVillage_ConvNeXt-Tiny,PlantVillage,ConvNeXt-Tiny,20260607,49,0.09993,0.09269,97.7844,0.8305,0.0901,0.8383
run_20260607_PlantDoc_ConvNeXt-Tiny,PlantDoc,ConvNeXt-Tiny,20260607,50,0.09597,0.18055,82.2747,0.8385,0.6719,0.8404
run_20260607_CUB-200-2011_ConvNeXt-Tiny,CUB-200-2011,ConvNeXt-Tiny,20260607,51,0.0674,0.10611,86.0329,0.8576,0.5795,0.8567
run_20260607_PlantVillage_Swin-Tiny,PlantVillage,Swin-Tiny,20260607,52,0.08436,0.07259,97.8834,0.8687,0.02,0.8565
run_20260607_PlantDoc_Swin-Tiny,PlantDoc,Swin-Tiny,20260607,53,0.08492,0.14765,81.4504,0.843,0.6656,0.8571
run_20260607_CUB-200-2011_Swin-Tiny,CUB-200-2011,Swin-Tiny,20260607,54,0.06389,0.11425,87.9379,0.8839,0.5119,0.8286
run_20260607_PlantVillage_ConvNeXtplusARM,PlantVillage,ConvNeXt+ARM,20260607,55,0.06395,0.04771,98.19,0.899,0.0731,0.8309
run_20260607_PlantDoc_ConvNeXtplusARM,PlantDoc,ConvNeXt+ARM,20260607,56,0.04777,0.08257,84.4519,0.8769,0.6898,0.8761
run_20260607_CUB-200-2011_ConvNeXtplusARM,CUB-200-2011,ConvNeXt+ARM,20260607,57,0.05673,0.11736,88.3045,0.8854,0.5017,0.8807
run_20260607_PlantVillage_UAMP-Net,PlantVillage,UAMP-Net,20260607,58,0.03203,0.03902,98.919,0.9231,0.0702,0.8271
run_20260607_PlantDoc_UAMP-Net,PlantDoc,UAMP-Net,20260607,59,0.03973,0.06576,86.602,0.9075,0.5096,0.83
run_20260607_CUB-200-2011_UAMP-Net,CUB-200-2011,UAMP-Net,20260607,60,0.06222,0.01843,89.3828,0.9325,0.42,0.8423
run_20260614_PlantVillage_ResNet-50,PlantVillage,ResNet-50,20260614,1,1.69559,1.84631,84.0272,0.7585,0.6423,0.8384
run_20260614_PlantDoc_ResNet-50,PlantDoc,ResNet-50,20260614,2,1.5867,1.76367,65.3326,0.758,0.98,0.8442
run_20260614_CUB-200-2011_ResNet-50,CUB-200-2011,ResNet-50,20260614,3,1.5241,1.6717,71.6709,0.7895,0.98,0.8626
run_20260614_PlantVillage_EfficientNet-B3,PlantVillage,EfficientNet-B3,20260614,4,1.40833,1.50896,87.6323,0.7836,0.4995,0.8568
run_20260614_PlantDoc_EfficientNet-B3,PlantDoc,EfficientNet-B3,20260614,5,1.32036,1.47973,70.6188,0.7542,0.98,0.894
run_20260614_CUB-200-2011_EfficientNet-B3,CUB-200-2011,EfficientNet-B3,20260614,6,1.24024,1.3844,77.2221,0.7439,0.9175,0.85
run_20260614_PlantVillage_ConvNeXt-Tiny,PlantVillage,ConvNeXt-Tiny,20260614,7,1.16733,1.24281,90.5026,0.7486,0.3342,0.8438
run_20260614_PlantDoc_ConvNeXt-Tiny,PlantDoc,ConvNeXt-Tiny,20260614,8,1.0898,1.24184,74.4189,0.7494,0.98,0.857
run_20260614_CUB-200-2011_ConvNeXt-Tiny,CUB-200-2011,ConvNeXt-Tiny,20260614,9,1.00911,1.11864,80.0445,0.7948,0.8976,0.8393
run_20260614_PlantVillage_Swin-Tiny,PlantVillage,Swin-Tiny,20260614,10,0.99552,1.05443,92.0029,0.7846,0.3517,0.8307
run_20260614_PlantDoc_Swin-Tiny,PlantDoc,Swin-Tiny,20260614,11,0.92096,1.03144,76.6613,0.7905,0.98,0.8381
run_20260614_CUB-200-2011_Swin-Tiny,CUB-200-2011,Swin-Tiny,20260614,12,0.84254,0.94709,82.798,0.7727,0.7139,0.8771
run_20260614_PlantVillage_ConvNeXtplusARM,PlantVillage,ConvNeXt+ARM,20260614,13,0.77424,0.82686,93.7256,0.7986,0.2589,0.8634
run_20260614_PlantDoc_ConvNeXtplusARM,PlantDoc,ConvNeXt+ARM,20260614,14,0.74865,0.85126,79.2307,0.7835,0.8201,0.8493
run_20260614_CUB-200-2011_ConvNeXtplusARM,CUB-200-2011,ConvNeXt+ARM,20260614,15,0.70219,0.76679,83.9506,0.791,0.6209,0.8248
run_20260614_PlantVillage_UAMP-Net,PlantVillage,UAMP-Net,20260614,16,0.67035,0.65898,94.9442,0.7865,0.1931,0.87
run_20260614_PlantDoc_UAMP-Net,PlantDoc,UAMP-Net,20260614,17,0.63724,0.67559,82.8483,0.8479,0.6927,0.829
run_20260614_CUB-200-2011_UAMP-Net,CUB-200-2011,UAMP-Net,20260614,18,0.58178,0.66565,86.1127,0.8505,0.5175,0.8359
run_20260601_PlantVillage_ResNet-50,PlantVillage,ResNet-50,20260601,19,0.52834,0.57246,93.4574,0.7803,0.2067,0.8725
run_20260601_PlantDoc_ResNet-50,PlantDoc,ResNet-50,20260601,20,0.55104,0.62713,72.5791,0.779,0.98,0.8093
run_20260601_CUB-200-2011_ResNet-50,CUB-200-2011,ResNet-50,20260601,21,0.49035,0.55217,80.0525,0.8185,0.8027,0.8408
run_20260601_PlantVillage_EfficientNet-B3,PlantVillage,EfficientNet-B3,20260601,22,0.44421,0.49282,95.2057,0.813,0.2387,0.8368
run_20260601_PlantDoc_EfficientNet-B3,PlantDoc,EfficientNet-B3,20260601,23,0.41284,0.50569,77.7005,0.7899,0.9692,0.8675
run_20260601_CUB-200-2011_EfficientNet-B3,CUB-200-2011,EfficientNet-B3,20260601,24,0.40049,0.48639,83.7281,0.7691,0.7022,0.8238
run_20260601_PlantVillage_ConvNeXt-Tiny,PlantVillage,ConvNeXt-Tiny,20260601,25,0.3794,0.39697,96.4367,0.8098,0.1968,0.861
run_20260601_PlantDoc_ConvNeXt-Tiny,PlantDoc,ConvNeXt-Tiny,20260601,26,0.34352,0.39325,80.502,0.8164,0.7821,0.8745
run_20260601_CUB-200-2011_ConvNeXt-Tiny,CUB-200-2011,ConvNeXt-Tiny,20260601,27,0.34367,0.39196,85.9725,0.7723,0.6101,0.8675
run_20260601_PlantVillage_Swin-Tiny,PlantVillage,Swin-Tiny,20260601,28,0.3074,0.31359,96.3845,0.8191,0.2067,0.8737
run_20260601_PlantDoc_Swin-Tiny,PlantDoc,Swin-Tiny,20260601,29,0.26761,0.35804,80.0959,0.8239,0.8547,0.8501
run_20260601_CUB-200-2011_Swin-Tiny,CUB-200-2011,Swin-Tiny,20260601,30,0.28128,0.32719,86.7514,0.8028,0.5424,0.8772
run_20260601_PlantVillage_ConvNeXtplusARM,PlantVillage,ConvNeXt+ARM,20260601,31,0.25795,0.25112,97.2127,0.8056,0.1648,0.8299
run_20260601_PlantDoc_ConvNeXtplusARM,PlantDoc,ConvNeXt+ARM,20260601,32,0.25562,0.29179,83.2034,0.7849,0.7794,0.8454
run_20260601_CUB-200-2011_ConvNeXtplusARM,CUB-200-2011,ConvNeXt+ARM,20260601,33,0.24204,0.27571,86.597,0.8653,0.4568,0.8341
run_20260601_PlantVillage_UAMP-Net,PlantVillage,UAMP-Net,20260601,34,0.2137,0.18821,97.9979,0.8613,0.2278,0.8571
run_20260601_PlantDoc_UAMP-Net,PlantDoc,UAMP-Net,20260601,35,0.20397,0.27324,86.2217,0.9046,0.5164,0.8571
run_20260601_CUB-200-2011_UAMP-Net,CUB-200-2011,UAMP-Net,20260601,36,0.17834,0.2306,88.7886,0.8853,0.4019,0.8604
run_20260607_PlantVillage_ResNet-50,PlantVillage,ResNet-50,20260607,37,0.17633,0.17392,95.799,0.8373,0.1938,0.8378
run_20260607_PlantDoc_ResNet-50,PlantDoc,ResNet-50,20260607,38,0.157,0.25491,75.0238,0.8315,0.98,0.8418
run_20260607_CUB-200-2011_ResNet-50,CUB-200-2011,ResNet-50,20260607,39,0.13814,0.23488,81.436,0.8696,0.8491,0.8254
run_20260607_PlantVillage_EfficientNet-B3,PlantVillage,EfficientNet-B3,20260607,40,0.14325,0.16439,97.0408,0.8088,0.0592,0.8836
run_20260607_PlantDoc_EfficientNet-B3,PlantDoc,EfficientNet-B3,20260607,41,0.13735,0.19732,79.1685,0.8253,0.8527,0.8693
run_20260607_CUB-200-2011_EfficientNet-B3,CUB-200-2011,EfficientNet-B3,20260607,42,0.11989,0.20401,84.5072,0.8478,0.5748,0.8699
run_20260607_PlantVillage_ConvNeXt-Tiny,PlantVillage,ConvNeXt-Tiny,20260607,43,0.11049,0.1387,97.6006,0.8285,0.1096,0.8462
run_20260607_PlantDoc_ConvNeXt-Tiny,PlantDoc,ConvNeXt-Tiny,20260607,44,0.09179,0.19929,81.319,0.7925,0.7977,0.8796
run_20260607_CUB-200-2011_ConvNeXt-Tiny,CUB-200-2011,ConvNeXt-Tiny,20260607,45,0.09669,0.17545,87.5609,0.8307,0.5846,0.8468
run_20260607_PlantVillage_Swin-Tiny,PlantVillage,Swin-Tiny,20260607,46,0.09318,0.1074,97.3264,0.8225,0.1896,0.8679
run_20260607_PlantDoc_Swin-Tiny,PlantDoc,Swin-Tiny,20260607,47,0.07925,0.14669,81.6544,0.8345,0.7204,0.8695
run_20260607_CUB-200-2011_Swin-Tiny,CUB-200-2011,Swin-Tiny,20260607,48,0.10214,0.13351,87.3901,0.8241,0.6027,0.8752
run_20260607_PlantVillage_ConvNeXtplusARM,PlantVillage,ConvNeXt+ARM,20260607,49,0.08363,0.06254,97.9899,0.8836,0.0978,0.8407
run_20260607_PlantDoc_ConvNeXtplusARM,PlantDoc,ConvNeXt+ARM,20260607,50,0.08941,0.14423,83.753,0.8293,0.6378,0.8677
run_20260607_CUB-200-2011_ConvNeXtplusARM,CUB-200-2011,ConvNeXt+ARM,20260607,51,0.05777,0.11133,88.015,0.863,0.4958,0.8542
run_20260607_PlantVillage_UAMP-Net,PlantVillage,UAMP-Net,20260607,52,0.04009,0.04708,98.5227,0.9232,0.0602,0.8608
run_20260607_PlantDoc_UAMP-Net,PlantDoc,UAMP-Net,20260607,53,0.07049,0.10373,86.2365,0.9103,0.5618,0.849
run_20260607_CUB-200-2011_UAMP-Net,CUB-200-2011,UAMP-Net,20260607,54,0.04048,0.10756,89.3447,0.8855,0.5365,0.8676
run_20260614_PlantVillage_ResNet-50,PlantVillage,ResNet-50,20260614,55,0.04914,0.04012,96.2114,0.8437,0.1502,0.8901
run_20260614_PlantDoc_ResNet-50,PlantDoc,ResNet-50,20260614,56,0.0453,0.11395,76.24,0.8428,0.9363,0.8425
run_20260614_CUB-200-2011_ResNet-50,CUB-200-2011,ResNet-50,20260614,57,0.03394,0.10459,83.0071,0.8445,0.6912,0.8512
run_20260614_PlantVillage_EfficientNet-B3,PlantVillage,EfficientNet-B3,20260614,58,0.04556,0.06162,97.5507,0.8431,0.1846,0.8706
run_20260614_PlantDoc_EfficientNet-B3,PlantDoc,EfficientNet-B3,20260614,59,0.03853,0.1232,79.741,0.8893,0.8428,0.8051
run_20260614_CUB-200-2011_EfficientNet-B3,CUB-200-2011,EfficientNet-B3,20260614,60,0.03864,0.09102,85.3089,0.8928,0.6548,0.8483
run_20260614_PlantVillage_ConvNeXt-Tiny,PlantVillage,ConvNeXt-Tiny,20260614,1,1.71528,1.83684,85.7508,0.7543,0.5979,0.8757
run_20260614_PlantDoc_ConvNeXt-Tiny,PlantDoc,ConvNeXt-Tiny,20260614,2,1.57194,1.76338,70.6052,0.8002,0.98,0.8483
run_20260614_CUB-200-2011_ConvNeXt-Tiny,CUB-200-2011,ConvNeXt-Tiny,20260614,3,1.49072,1.64703,75.8802,0.7522,0.98,0.8458
run_20260614_PlantVillage_Swin-Tiny,PlantVillage,Swin-Tiny,20260614,4,1.39107,1.51542,88.0344,0.7564,0.5512,0.8446
run_20260614_PlantDoc_Swin-Tiny,PlantDoc,Swin-Tiny,20260614,5,1.30053,1.45247,72.7598,0.7743,0.98,0.8452
run_20260614_CUB-200-2011_Swin-Tiny,CUB-200-2011,Swin-Tiny,20260614,6,1.24714,1.39755,79.3432,0.7697,0.8562,0.8161
run_20260614_PlantVillage_ConvNeXtplusARM,PlantVillage,ConvNeXt+ARM,20260614,7,1.18537,1.22884,90.7922,0.7517,0.4969,0.8415
run_20260614_PlantDoc_ConvNeXtplusARM,PlantDoc,ConvNeXt+ARM,20260614,8,1.07147,1.2022,76.5501,0.7965,0.9402,0.848
run_20260614_CUB-200-2011_ConvNeXtplusARM,CUB-200-2011,ConvNeXt+ARM,20260614,9,0.99684,1.1591,81.1232,0.727,0.7697,0.8302
run_20260614_PlantVillage_UAMP-Net,PlantVillage,UAMP-Net,20260614,10,0.98721,1.0198,92.9037,0.8354,0.3504,0.8027
run_20260614_PlantDoc_UAMP-Net,PlantDoc,UAMP-Net,20260614,11,0.90655,1.01779,81.346,0.8316,0.7899,0.8234
run_20260614_CUB-200-2011_UAMP-Net,CUB-200-2011,UAMP-Net,20260614,12,0.87011,0.9305,84.5425,0.8245,0.6653,0.842
run_20260601_PlantVillage_ResNet-50,PlantVillage,ResNet-50,20260601,13,0.78173,0.87326,91.8874,0.7618,0.2642,0.8558
run_20260601_PlantDoc_ResNet-50,PlantDoc,ResNet-50,20260601,14,0.74677,0.87032,72.223,0.7632,0.98,0.7789
run_20260601_CUB-200-2011_ResNet-50,CUB-200-2011,ResNet-50,20260601,15,0.70893,0.82146,78.9742,0.7459,0.8568,0.8635
run_20260601_PlantVillage_EfficientNet-B3,PlantVillage,EfficientNet-B3,20260601,16,0.6759,0.69455,93.4358,0.8081,0.2357,0.864
run_20260601_PlantDoc_EfficientNet-B3,PlantDoc,EfficientNet-B3,20260601,17,0.62596,0.73976,76.1062,0.8144,0.98,0.8286
run_20260601_CUB-200-2011_EfficientNet-B3,CUB-200-2011,EfficientNet-B3,20260601,18,0.58269,0.65141,82.5293,0.7873,0.6311,0.8225
run_20260601_PlantVillage_ConvNeXt-Tiny,PlantVillage,ConvNeXt-Tiny,20260601,19,0.57587,0.55897,94.9143,0.7971,0.1804,0.8315
run_20260601_PlantDoc_ConvNeXt-Tiny,PlantDoc,ConvNeXt-Tiny,20260601,20,0.52653,0.59922,79.0262,0.7841,0.8426,0.8492
run_20260601_CUB-200-2011_ConvNeXt-Tiny,CUB-200-2011,ConvNeXt-Tiny,20260601,21,0.48802,0.56363,84.6866,0.824,0.6591,0.8327
run_20260601_PlantVillage_Swin-Tiny,PlantVillage,Swin-Tiny,20260601,22,0.45123,0.49246,95.7151,0.773,0.1951,0.8232
run_20260601_PlantDoc_Swin-Tiny,PlantDoc,Swin-Tiny,20260601,23,0.41528,0.51118,79.0655,0.8038,0.9034,0.869
run_20260601_CUB-200-2011_Swin-Tiny,CUB-200-2011,Swin-Tiny,20260601,24,0.42962,0.4745,85.846,0.7955,0.478,0.8528
run_20260601_PlantVillage_ConvNeXtplusARM,PlantVillage,ConvNeXt+ARM,20260601,25,0.37587,0.41881,96.6651,0.799,0.1398,0.8451
run_20260601_PlantDoc_ConvNeXtplusARM,PlantDoc,ConvNeXt+ARM,20260601,26,0.36498,0.42299,82.6783,0.7585,0.696,0.8668
run_20260601_CUB-200-2011_ConvNeXtplusARM,CUB-200-2011,ConvNeXt+ARM,20260601,27,0.35707,0.39552,87.1032,0.8328,0.4863,0.8272
run_20260601_PlantVillage_UAMP-Net,PlantVillage,UAMP-Net,20260601,28,0.33591,0.35582,97.2521,0.8781,0.0432,0.8761
run_20260601_PlantDoc_UAMP-Net,PlantDoc,UAMP-Net,20260601,29,0.28786,0.35708,85.9131,0.8684,0.5977,0.863
run_20260601_CUB-200-2011_UAMP-Net,CUB-200-2011,UAMP-Net,20260601,30,0.27243,0.34662,88.7532,0.8712,0.4673,0.8251
run_20260607_PlantVillage_ResNet-50,PlantVillage,ResNet-50,20260607,31,0.25965,0.26737,95.3829,0.7922,0.1173,0.8525
run_20260607_PlantDoc_ResNet-50,PlantDoc,ResNet-50,20260607,32,0.23933,0.34876,75.165,0.8285,0.98,0.836
run_20260607_CUB-200-2011_ResNet-50,CUB-200-2011,ResNet-50,20260607,33,0.22698,0.31618,83.0215,0.8427,0.7043,0.8715
run_20260607_PlantVillage_EfficientNet-B3,PlantVillage,EfficientNet-B3,20260607,34,0.22277,0.26706,96.4096,0.8457,0.1083,0.8791
run_20260607_PlantDoc_EfficientNet-B3,PlantDoc,EfficientNet-B3,20260607,35,0.19581,0.32119,79.816,0.7752,0.8238,0.85
run_20260607_CUB-200-2011_EfficientNet-B3,CUB-200-2011,EfficientNet-B3,20260607,36,0.178,0.25041,84.5443,0.8102,0.6423,0.8402
run_20260607_PlantVillage_ConvNeXt-Tiny,PlantVillage,ConvNeXt-Tiny,20260607,37,0.15667,0.18329,97.6494,0.8293,0.02,0.8504
run_20260607_PlantDoc_ConvNeXt-Tiny,PlantDoc,ConvNeXt-Tiny,20260607,38,0.1745,0.24933,80.991,0.8355,0.8374,0.8638
run_20260607_CUB-200-2011_ConvNeXt-Tiny,CUB-200-2011,ConvNeXt-Tiny,20260607,39,0.16319,0.22065,86.1784,0.8625,0.5883,0.8436
run_20260607_PlantVillage_Swin-Tiny,PlantVillage,Swin-Tiny,20260607,40,0.16448,0.15243,97.6586,0.8292,0.0201,0.772
run_20260607_PlantDoc_Swin-Tiny,PlantDoc,Swin-Tiny,20260607,41,0.11035,0.18759,81.3819,0.8006,0.6923,0.8288
run_20260607_CUB-200-2011_Swin-Tiny,CUB-200-2011,Swin-Tiny,20260607,42,0.12117,0.15155,87.7034,0.8732,0.5283,0.8497
run_20260607_PlantVillage_ConvNeXtplusARM,PlantVillage,ConvNeXt+ARM,20260607,43,0.11882,0.13089,97.8428,0.8301,0.0827,0.8536
run_20260607_PlantDoc_ConvNeXtplusARM,PlantDoc,ConvNeXt+ARM,20260607,44,0.11289,0.17141,84.2298,0.8466,0.5521,0.8621
run_20260607_CUB-200-2011_ConvNeXtplusARM,CUB-200-2011,ConvNeXt+ARM,20260607,45,0.12088,0.14594,87.4542,0.8358,0.4619,0.8365
run_20260607_PlantVillage_UAMP-Net,PlantVillage,UAMP-Net,20260607,46,0.13872,0.1118,98.7135,0.9051,0.0617,0.8725
run_20260607_PlantDoc_UAMP-Net,PlantDoc,UAMP-Net,20260607,47,0.09874,0.16123,86.7687,0.8989,0.5354,0.8817
run_20260607_CUB-200-2011_UAMP-Net,CUB-200-2011,UAMP-Net,20260607,48,0.0811,0.14824,89.1952,0.8894,0.4862,0.8643
run_20260614_PlantVillage_ResNet-50,PlantVillage,ResNet-50,20260614,49,0.09195,0.09471,96.3229,0.8373,0.1393,0.8744
run_20260614_PlantDoc_ResNet-50,PlantDoc,ResNet-50,20260614,50,0.08881,0.18253,76.2245,0.8976,0.98,0.8187
run_20260614_CUB-200-2011_ResNet-50,CUB-200-2011,ResNet-50,20260614,51,0.09561,0.16758,82.4556,0.8648,0.713,0.8466
run_20260614_PlantVillage_EfficientNet-B3,PlantVillage,EfficientNet-B3,20260614,52,0.07158,0.04822,97.3914,0.8544,0.0995,0.862
run_20260614_PlantDoc_EfficientNet-B3,PlantDoc,EfficientNet-B3,20260614,53,0.04663,0.11505,80.0834,0.8565,0.8594,0.8213
run_20260614_CUB-200-2011_EfficientNet-B3,CUB-200-2011,EfficientNet-B3,20260614,54,0.05696,0.1143,85.3455,0.836,0.5115,0.8669
run_20260614_PlantVillage_ConvNeXt-Tiny,PlantVillage,ConvNeXt-Tiny,20260614,55,0.05228,0.02796,98.1091,0.8599,0.0871,0.8697
run_20260614_PlantDoc_ConvNeXt-Tiny,PlantDoc,ConvNeXt-Tiny,20260614,56,0.06805,0.13864,82.6961,0.8196,0.7054,0.8425
run_20260614_CUB-200-2011_ConvNeXt-Tiny,CUB-200-2011,ConvNeXt-Tiny,20260614,57,0.04019,0.10506,86.5433,0.8853,0.5522,0.8397
run_20260614_PlantVillage_Swin-Tiny,PlantVillage,Swin-Tiny,20260614,58,0.07825,0.06903,98.0075,0.855,0.0385,0.8581
run_20260614_PlantDoc_Swin-Tiny,PlantDoc,Swin-Tiny,20260614,59,0.05616,0.08438,81.4556,0.8832,0.75,0.8421
run_20260614_CUB-200-2011_Swin-Tiny,CUB-200-2011,Swin-Tiny,20260614,60,0.06278,0.08975,87.5612,0.8574,0.4814,0.8699
run_20260614_PlantVillage_ConvNeXtplusARM,PlantVillage,ConvNeXt+ARM,20260614,1,1.70209,1.84657,85.8038,0.7588,0.6067,0.8146
run_20260614_PlantDoc_ConvNeXtplusARM,PlantDoc,ConvNeXt+ARM,20260614,2,1.5524,1.7861,73.0422,0.7495,0.98,0.8992
run_20260614_CUB-200-2011_ConvNeXtplusARM,CUB-200-2011,ConvNeXt+ARM,20260614,3,1.48378,1.65879,76.9722,0.771,0.873,0.85
run_20260614_PlantVillage_UAMP-Net,PlantVillage,UAMP-Net,20260614,4,1.42089,1.50302,89.0283,0.8244,0.4686,0.8601
run_20260614_PlantDoc_UAMP-Net,PlantDoc,UAMP-Net,20260614,5,1.3,1.47641,77.2572,0.7965,0.9234,0.8766
run_20260614_CUB-200-2011_UAMP-Net,CUB-200-2011,UAMP-Net,20260614,6,1.21824,1.37749,81.6192,0.8406,0.8271,0.87
run_20260601_PlantVillage_ResNet-50,PlantVillage,ResNet-50,20260601,7,1.18715,1.25721,88.7272,0.7924,0.4648,0.8513
run_20260601_PlantDoc_ResNet-50,PlantDoc,ResNet-50,20260601,8,1.0981,1.23915,69.2862,0.7515,0.98,0.8212
run_20260601_CUB-200-2011_ResNet-50,CUB-200-2011,ResNet-50,20260601,9,1.02814,1.15978,76.6601,0.7704,0.98,0.866
run_20260601_PlantVillage_EfficientNet-B3,PlantVillage,EfficientNet-B3,20260601,10,0.97577,0.99651,91.5203,0.7536,0.2365,0.8585
run_20260601_PlantDoc_EfficientNet-B3,PlantDoc,EfficientNet-B3,20260601,11,0.89992,1.01189,74.2583,0.7552,0.98,0.8549
run_20260601_CUB-200-2011_EfficientNet-B3,CUB-200-2011,EfficientNet-B3,20260601,12,0.86433,0.93886,79.9252,0.7691,0.839,0.8633
run_20260601_PlantVillage_ConvNeXt-Tiny,PlantVillage,ConvNeXt-Tiny,20260601,13,0.79017,0.82624,93.0286,0.774,0.2961,0.8345
run_20260601_PlantDoc_ConvNeXt-Tiny,PlantDoc,ConvNeXt-Tiny,20260601,14,0.74983,0.82392,78.1995,0.7839,0.9175,0.8661
run_20260601_CUB-200-2011_ConvNeXt-Tiny,CUB-200-2011,ConvNeXt-Tiny,20260601,15,0.70997,0.81361,82.7778,0.8102,0.7483,0.8303
run_20260601_PlantVillage_Swin-Tiny,PlantVillage,Swin-Tiny,20260601,16,0.66453,0.72967,94.2865,0.7369,0.2686,0.8563
run_20260601_PlantDoc_Swin-Tiny,PlantDoc,Swin-Tiny,20260601,17,0.63133,0.71608,78.0693,0.7879,0.849,0.8813
run_20260601_CUB-200-2011_Swin-Tiny,CUB-200-2011,Swin-Tiny,20260601,18,0.59638,0.64075,84.457,0.7927,0.6352,0.8644
run_20260601_PlantVillage_ConvNeXtplusARM,PlantVillage,ConvNeXt+ARM,20260601,19,0.538,0.59291,95.4744,0.7959,0.2315,0.8591
run_20260601_PlantDoc_ConvNeXtplusARM,PlantDoc,ConvNeXt+ARM,20260601,20,0.53061,0.56585,81.3577,0.7875,0.7169,0.915
run_20260601_CUB-200-2011_ConvNeXtplusARM,CUB-200-2011,ConvNeXt+ARM,20260601,21,0.47253,0.55658,85.4587,0.8037,0.5579,0.8281
run_20260601_PlantVillage_UAMP-Net,PlantVillage,UAMP-Net,20260601,22,0.50296,0.46793,95.9023,0.8667,0.0801,0.8427
run_20260601_PlantDoc_UAMP-Net,PlantDoc,UAMP-Net,20260601,23,0.42092,0.50339,84.2703,0.8796,0.666,0.8756
run_20260601_CUB-200-2011_UAMP-Net,CUB-200-2011,UAMP-Net,20260601,24,0.41437,0.47323,87.5708,0.871,0.49,0.8556
run_20260607_PlantVillage_ResNet-50,PlantVillage,ResNet-50,20260607,25,0.40229,0.38034,94.8508,0.8189,0.2583,0.8266
run_20260607_PlantDoc_ResNet-50,PlantDoc,ResNet-50,20260607,26,0.36393,0.43204,74.3339,0.8104,0.98,0.8396
run_20260607_CUB-200-2011_ResNet-50,CUB-200-2011,ResNet-50,20260607,27,0.33114,0.40667,81.5284,0.79,0.8537,0.812
run_20260607_PlantVillage_EfficientNet-B3,PlantVillage,EfficientNet-B3,20260607,28,0.33337,0.33742,96.0723,0.791,0.2096,0.8854
run_20260607_PlantDoc_EfficientNet-B3,PlantDoc,EfficientNet-B3,20260607,29,0.27739,0.35526,78.0163,0.7984,0.9244,0.8794
run_20260607_CUB-200-2011_EfficientNet-B3,CUB-200-2011,EfficientNet-B3,20260607,30,0.28663,0.34172,83.9948,0.827,0.616,0.864
run_20260607_PlantVillage_ConvNeXt-Tiny,PlantVillage,ConvNeXt-Tiny,20260607,31,0.23944,0.2526,96.9946,0.8244,0.1447,0.8387
run_20260607_PlantDoc_ConvNeXt-Tiny,PlantDoc,ConvNeXt-Tiny,20260607,32,0.23279,0.29211,80.1215,0.8191,0.8841,0.8446
run_20260607_CUB-200-2011_ConvNeXt-Tiny,CUB-200-2011,ConvNeXt-Tiny,20260607,33,0.22502,0.27687,85.7277,0.8017,0.6578,0.852
run_20260607_PlantVillage_Swin-Tiny,PlantVillage,Swin-Tiny,20260607,34,0.24118,0.20875,97.0777,0.8278,0.1484,0.8548
run_20260607_PlantDoc_Swin-Tiny,PlantDoc,Swin-Tiny,20260607,35,0.19199,0.27671,80.4734,0.7895,0.7806,0.8611
run_20260607_CUB-200-2011_Swin-Tiny,CUB-200-2011,Swin-Tiny,20260607,36,0.17447,0.22832,87.4868,0.854,0.5592,0.8277
run_20260607_PlantVillage_ConvNeXtplusARM,PlantVillage,ConvNeXt+ARM,20260607,37,0.19336,0.17782,97.9952,0.8086,0.0955,0.8668
run_20260607_PlantDoc_ConvNeXtplusARM,PlantDoc,ConvNeXt+ARM,20260607,38,0.19008,0.21957,83.7089,0.8202,0.6991,0.8474
run_20260607_CUB-200-2011_ConvNeXtplusARM,CUB-200-2011,ConvNeXt+ARM,20260607,39,0.17234,0.19203,87.8903,0.8295,0.4904,0.8487
run_20260607_PlantVillage_UAMP-Net,PlantVillage,UAMP-Net,20260607,40,0.15745,0.1433,98.4461,0.9045,0.1542,0.8709
run_20260607_PlantDoc_UAMP-Net,PlantDoc,UAMP-Net,20260607,41,0.1325,0.17427,86.2135,0.9,0.4932,0.8696
run_20260607_CUB-200-2011_UAMP-Net,CUB-200-2011,UAMP-Net,20260607,42,0.11579,0.19163,89.515,0.8905,0.5216,0.8476
run_20260614_PlantVillage_ResNet-50,PlantVillage,ResNet-50,20260614,43,0.14017,0.12176,95.8805,0.8434,0.1369,0.8223
run_20260614_PlantDoc_ResNet-50,PlantDoc,ResNet-50,20260614,44,0.11277,0.19146,76.9448,0.8326,0.98,0.8513
run_20260614_CUB-200-2011_ResNet-50,CUB-200-2011,ResNet-50,20260614,45,0.1057,0.16597,82.172,0.8563,0.7988,0.8609
run_20260614_PlantVillage_EfficientNet-B3,PlantVillage,EfficientNet-B3,20260614,46,0.09892,0.0877,97.17,0.8404,0.0622,0.9031
run_20260614_PlantDoc_EfficientNet-B3,PlantDoc,EfficientNet-B3,20260614,47,0.0831,0.17332,79.2887,0.8648,0.8039,0.8166
run_20260614_CUB-200-2011_EfficientNet-B3,CUB-200-2011,EfficientNet-B3,20260614,48,0.0861,0.14243,84.8176,0.8229,0.6282,0.8573
run_20260614_PlantVillage_ConvNeXt-Tiny,PlantVillage,ConvNeXt-Tiny,20260614,49,0.09078,0.07825,97.6555,0.8843,0.0639,0.8445
run_20260614_PlantDoc_ConvNeXt-Tiny,PlantDoc,ConvNeXt-Tiny,20260614,50,0.07701,0.14187,81.8549,0.8317,0.823,0.858
run_20260614_CUB-200-2011_ConvNeXt-Tiny,CUB-200-2011,ConvNeXt-Tiny,20260614,51,0.08439,0.12615,86.6641,0.8543,0.5415,0.8335
run_20260614_PlantVillage_Swin-Tiny,PlantVillage,Swin-Tiny,20260614,52,0.08618,0.09539,97.8643,0.8397,0.1368,0.8547
run_20260614_PlantDoc_Swin-Tiny,PlantDoc,Swin-Tiny,20260614,53,0.07508,0.1408,81.6672,0.834,0.6699,0.8777
run_20260614_CUB-200-2011_Swin-Tiny,CUB-200-2011,Swin-Tiny,20260614,54,0.05658,0.11823,87.9348,0.8552,0.4337,0.886
run_20260614_PlantVillage_ConvNeXtplusARM,PlantVillage,ConvNeXt+ARM,20260614,55,0.05529,0.06263,98.5278,0.8799,0.0749,0.8885
run_20260614_PlantDoc_ConvNeXtplusARM,PlantDoc,ConvNeXt+ARM,20260614,56,0.05312,0.11943,84.692,0.8521,0.6584,0.8382
run_20260614_CUB-200-2011_ConvNeXtplusARM,CUB-200-2011,ConvNeXt+ARM,20260614,57,0.07071,0.09922,88.0354,0.8776,0.4406,0.8143
run_20260614_PlantVillage_UAMP-Net,PlantVillage,UAMP-Net,20260614,58,0.02959,0.0553,98.7271,0.8968,0.0911,0.8565
run_20260614_PlantDoc_UAMP-Net,PlantDoc,UAMP-Net,20260614,59,0.0383,0.08431,86.8133,0.9415,0.42,0.8372
run_20260614_CUB-200-2011_UAMP-Net,CUB-200-2011,UAMP-Net,20260614,60,0.07121,0.0748,90.0003,0.9304,0.4024,0.8448
run_20260601_PlantVillage_ResNet-50,PlantVillage,ResNet-50,20260601,1,1.67882,1.85238,84.1813,0.7714,0.6832,0.8522
run_20260601_PlantDoc_ResNet-50,PlantDoc,ResNet-50,20260601,2,1.59281,1.79292,65.1413,0.7484,0.98,0.8428
run_20260601_CUB-200-2011_ResNet-50,CUB-200-2011,ResNet-50,20260601,3,1.48517,1.67682,71.5801,0.7517,0.98,0.8464
run_20260601_PlantVillage_EfficientNet-B3,PlantVillage,EfficientNet-B3,20260601,4,1.40659,1.51304,87.6744,0.7322,0.4585,0.8408
run_20260601_PlantDoc_EfficientNet-B3,PlantDoc,EfficientNet-B3,20260601,5,1.32973,1.47683,70.9208,0.783,0.98,0.8787
run_20260601_CUB-200-2011_EfficientNet-B3,CUB-200-2011,EfficientNet-B3,20260601,6,1.21185,1.40471,76.2004,0.7487,0.98,0.8593
run_20260601_PlantVillage_ConvNeXt-Tiny,PlantVillage,ConvNeXt-Tiny,20260601,7,1.15568,1.21782,90.4292,0.765,0.3615,0.8613
run_20260601_PlantDoc_ConvNeXt-Tiny,PlantDoc,ConvNeXt-Tiny,20260601,8,1.11058,1.26406,74.5664,0.7904,0.98,0.8433
run_20260601_CUB-200-2011_ConvNeXt-Tiny,CUB-200-2011,ConvNeXt-Tiny,20260601,9,1.01899,1.1507,80.3551,0.7708,0.7991,0.8449
run_20260601_PlantVillage_Swin-Tiny,PlantVillage,Swin-Tiny,20260601,10,0.9626,1.04799,92.0378,0.775,0.2782,0.85
run_20260601_PlantDoc_Swin-Tiny,PlantDoc,Swin-Tiny,20260601,11,0.91898,1.01636,75.9328,0.8116,0.98,0.8337
run_20260601_CUB-200-2011_Swin-Tiny,CUB-200-2011,Swin-Tiny,20260601,12,0.85959,0.92675,82.5937,0.7739,0.6587,0.8392
run_20260601_PlantVillage_ConvNeXtplusARM,PlantVillage,ConvNeXt+ARM,20260601,13,0.82171,0.84453,93.1991,0.7635,0.3179,0.8736
run_20260601_PlantDoc_ConvNeXtplusARM,PlantDoc,ConvNeXt+ARM,20260601,14,0.73884,0.88709,79.3025,0.7852,0.8276,0.8464
run_20260601_CUB-200-2011_ConvNeXtplusARM,CUB-200-2011,ConvNeXt+ARM,20260601,15,0.70714,0.78498,84.1003,0.7729,0.6299,0.8587
run_20260601_PlantVillage_UAMP-Net,PlantVillage,UAMP-Net,20260601,16,0.65207,0.69865,94.8758,0.8436,0.1922,0.8903
run_20260601_PlantDoc_UAMP-Net,PlantDoc,UAMP-Net,20260601,17,0.64348,0.70028,83.013,0.8334,0.6667,0.8502
run_20260601_CUB-200-2011_UAMP-Net,CUB-200-2011,UAMP-Net,20260601,18,0.59089,0.63921,86.0563,0.8549,0.5724,0.8795
run_20260607_PlantVillage_ResNet-50,PlantVillage,ResNet-50,20260607,19,0.54388,0.57894,93.3617,0.7742,0.2254,0.8532
run_20260607_PlantDoc_ResNet-50,PlantDoc,ResNet-50,20260607,20,0.51505,0.62689,74.0956,0.7957,0.98,0.8637
run_20260607_CUB-200-2011_ResNet-50,CUB-200-2011,ResNet-50,20260607,21,0.48079,0.57491,80.0111,0.8058,0.8322,0.8392
run_20260607_PlantVillage_EfficientNet-B3,PlantVillage,EfficientNet-B3,20260607,22,0.44441,0.46741,95.1259,0.7908,0.2083,0.8383
run_20260607_PlantDoc_EfficientNet-B3,PlantDoc,EfficientNet-B3,20260607,23,0.46596,0.5298,77.7232,0.79,0.8706,0.8182
run_20260607_CUB-200-2011_EfficientNet-B3,CUB-200-2011,EfficientNet-B3,20260607,24,0.40265,0.47043,83.0979,0.7821,0.6499,0.8419
run_20260607_PlantVillage_ConvNeXt-Tiny,PlantVillage,ConvNeXt-Tiny,20260607,25,0.35205,0.35573,96.3232,0.8007,0.0848,0.847
run_20260607_PlantDoc_ConvNeXt-Tiny,PlantDoc,ConvNeXt-Tiny,20260607,26,0.36423,0.40651,80.5221,0.7796,0.8197,0.8427
run_20260607_CUB-200-2011_ConvNeXt-Tiny,CUB-200-2011,ConvNeXt-Tiny,20260607,27,0.33906,0.39575,84.8812,0.7974,0.5944,0.8821
run_20260607_PlantVillage_Swin-Tiny,PlantVillage,Swin-Tiny,20260607,28,0.2943,0.35329,96.7381,0.802,0.0543,0.8322
run_20260607_PlantDoc_Swin-Tiny,PlantDoc,Swin-Tiny,20260607,29,0.31578,0.39791,80.6281,0.8141,0.8655,0.8167
run_20260607_CUB-200-2011_Swin-Tiny,CUB-200-2011,Swin-Tiny,20260607,30,0.27683,0.33332,86.2547,0.8029,0.5285,0.8551
run_20260607_PlantVillage_ConvNeXtplusARM,PlantVillage,ConvNeXt+ARM,20260607,31,0.25109,0.26724,97.6115,0.8167,0.1012,0.8279
run_20260607_PlantDoc_ConvNeXtplusARM,PlantDoc,ConvNeXt+ARM,20260607,32,0.25898,0.31535,83.4002,0.8349,0.6291,0.8719
run_20260607_CUB-200-2011_ConvNeXtplusARM,CUB-200-2011,ConvNeXt+ARM,20260607,33,0.22373,0.30266,86.5516,0.8255,0.4494,0.8085
run_20260607_PlantVillage_UAMP-Net,PlantVillage,UAMP-Net,20260607,34,0.19896,0.23878,97.7122,0.9107,0.0581,0.8678
run_20260607_PlantDoc_UAMP-Net,PlantDoc,UAMP-Net,20260607,35,0.2042,0.23691,86.1658,0.8521,0.6489,0.8797
run_20260607_CUB-200-2011_UAMP-Net,CUB-200-2011,UAMP-Net,20260607,36,0.19116,0.19226,89.0613,0.8511,0.4314,0.8661
run_20260614_PlantVillage_ResNet-50,PlantVillage,ResNet-50,20260614,37,0.16903,0.21026,95.9731,0.8356,0.135,0.8566
run_20260614_PlantDoc_ResNet-50,PlantDoc,ResNet-50,20260614,38,0.17619,0.21136,75.7119,0.8116,0.98,0.8504
run_20260614_CUB-200-2011_ResNet-50,CUB-200-2011,ResNet-50,20260614,39,0.14921,0.2365,81.7857,0.8378,0.7656,0.8472
run_20260614_PlantVillage_EfficientNet-B3,PlantVillage,EfficientNet-B3,20260614,40,0.16859,0.1501,96.776,0.8354,0.1235,0.8812
run_20260614_PlantDoc_EfficientNet-B3,PlantDoc,EfficientNet-B3,20260614,41,0.12468,0.19277,79.1041,0.8473,0.8781,0.8463
run_20260614_CUB-200-2011_EfficientNet-B3,CUB-200-2011,EfficientNet-B3,20260614,42,0.14765,0.18487,84.5084,0.835,0.6739,0.8405
run_20260614_PlantVillage_ConvNeXt-Tiny,PlantVillage,ConvNeXt-Tiny,20260614,43,0.14769,0.17248,97.7662,0.8171,0.2162,0.8639
run_20260614_PlantDoc_ConvNeXt-Tiny,PlantDoc,ConvNeXt-Tiny,20260614,44,0.10681,0.18147,81.2658,0.8365,0.7611,0.8626
run_20260614_CUB-200-2011_ConvNeXt-Tiny,CUB-200-2011,ConvNeXt-Tiny,20260614,45,0.08255,0.17498,86.5569,0.8041,0.5883,0.8386
run_20260614_PlantVillage_Swin-Tiny,PlantVillage,Swin-Tiny,20260614,46,0.09936,0.09939,97.7256,0.8267,0.064,0.8642
run_20260614_PlantDoc_Swin-Tiny,PlantDoc,Swin-Tiny,20260614,47,0.0876,0.1673,81.5463,0.8437,0.7369,0.9007
run_20260614_CUB-200-2011_Swin-Tiny,CUB-200-2011,Swin-Tiny,20260614,48,0.11146,0.12789,86.8623,0.8646,0.6023,0.8615
run_20260614_PlantVillage_ConvNeXtplusARM,PlantVillage,ConvNeXt+ARM,20260614,49,0.06792,0.08153,98.3928,0.8542,0.1458,0.853
run_20260614_PlantDoc_ConvNeXtplusARM,PlantDoc,ConvNeXt+ARM,20260614,50,0.06448,0.15174,84.1685,0.8854,0.7219,0.8644
run_20260614_CUB-200-2011_ConvNeXtplusARM,CUB-200-2011,ConvNeXt+ARM,20260614,51,0.04653,0.13122,87.9257,0.8646,0.5293,0.8312
run_20260614_PlantVillage_UAMP-Net,PlantVillage,UAMP-Net,20260614,52,0.063,0.0709,99.017,0.9468,0.0694,0.8399
run_20260614_PlantDoc_UAMP-Net,PlantDoc,UAMP-Net,20260614,53,0.07696,0.09634,87.2348,0.9092,0.5511,0.8178
run_20260614_CUB-200-2011_UAMP-Net,CUB-200-2011,UAMP-Net,20260614,54,0.05331,0.12555,89.9027,0.9176,0.365,0.867
run_20260601_PlantVillage_ResNet-50,PlantVillage,ResNet-50,20260601,55,0.05561,0.06755,96.5915,0.8949,0.191,0.8704
run_20260601_PlantDoc_ResNet-50,PlantDoc,ResNet-50,20260601,56,0.06254,0.11024,76.4614,0.8681,0.98,0.8831
run_20260601_CUB-200-2011_ResNet-50,CUB-200-2011,ResNet-50,20260601,57,0.04717,0.10366,82.7575,0.8333,0.6728,0.814
run_20260601_PlantVillage_EfficientNet-B3,PlantVillage,EfficientNet-B3,20260601,58,0.06618,0.03824,97.384,0.8851,0.0999,0.826
run_20260601_PlantDoc_EfficientNet-B3,PlantDoc,EfficientNet-B3,20260601,59,0.06215,0.14289,80.0331,0.8639,0.8384,0.8734
run_20260601_CUB-200-2011_EfficientNet-B3,CUB-200-2011,EfficientNet-B3,20260601,60,0.01631,0.07013,84.9972,0.8934,0.6458,0.8074
run_20260601_PlantVillage_ConvNeXt-Tiny,PlantVillage,ConvNeXt-Tiny,20260601,1,1.69954,1.82061,85.9305,0.7437,0.5839,0.8642
run_20260601_PlantDoc_ConvNeXt-Tiny,PlantDoc,ConvNeXt-Tiny,20260601,2,1.56605,1.78468,69.9508,0.7855,0.98,0.8887
run_20260601_CUB-200-2011_ConvNeXt-Tiny,CUB-200-2011,ConvNeXt-Tiny,20260601,3,1.48756,1.67949,76.5123,0.7448,0.9535,0.872
run_20260601_PlantVillage_Swin-Tiny,PlantVillage,Swin-Tiny,20260601,4,1.39529,1.53421,88.4259,0.7222,0.4713,0.8093
run_20260601_PlantDoc_Swin-Tiny,PlantDoc,Swin-Tiny,20260601,5,1.30032,1.46493,72.7069,0.7465,0.98,0.8587
run_20260601_CUB-200-2011_Swin-Tiny,CUB-200-2011,Swin-Tiny,20260601,6,1.24722,1.38864,79.3185,0.7654,0.8034,0.8626
run_20260601_PlantVillage_ConvNeXtplusARM,PlantVillage,ConvNeXt+ARM,20260601,7,1.17285,1.24886,90.8668,0.7531,0.3679,0.8643
run_20260601_PlantDoc_ConvNeXtplusARM,PlantDoc,ConvNeXt+ARM,20260601,8,1.10726,1.21423,76.0027,0.801,0.9654,0.8573
run_20260601_CUB-200-2011_ConvNeXtplusARM,CUB-200-2011,ConvNeXt+ARM,20260601,9,1.04136,1.12745,81.4907,0.7895,0.7408,0.8459
run_20260601_PlantVillage_UAMP-Net,PlantVillage,UAMP-Net,20260601,10,0.96769,1.04936,92.6397,0.8616,0.3312,0.8474
run_20260601_PlantDoc_UAMP-Net,PlantDoc,UAMP-Net,20260601,11,0.89926,1.04593,80.791,0.8162,0.8171,0.8651
run_20260601_CUB-200-2011_UAMP-Net,CUB-200-2011,UAMP-Net,20260601,12,0.8304,0.94692,84.8299,0.8355,0.5165,0.8643
run_20260607_PlantVillage_ResNet-50,PlantVillage,ResNet-50,20260607,13,0.81601,0.85827,91.5393,0.7687,0.3989,0.8469
run_20260607_PlantDoc_ResNet-50,PlantDoc,ResNet-50,20260607,14,0.74631,0.90168,71.1775,0.7694,0.98,0.8661
run_20260607_CUB-200-2011_ResNet-50,CUB-200-2011,ResNet-50,20260607,15,0.71642,0.78542,78.3434,0.7614,0.9127,0.8878
run_20260607_PlantVillage_EfficientNet-B3,PlantVillage,EfficientNet-B3,20260607,16,0.66945,0.71462,93.6655,0.8196,0.2282,0.8677
run_20260607_PlantDoc_EfficientNet-B3,PlantDoc,EfficientNet-B3,20260607,17,0.62202,0.76791,76.1297,0.7768,0.98,0.856
run_20260607_CUB-200-2011_EfficientNet-B3,CUB-200-2011,EfficientNet-B3,20260607,18,0.58712,0.64398,81.5257,0.7752,0.7283,0.8564
run_20260607_PlantVillage_ConvNeXt-Tiny,PlantVillage,ConvNeXt-Tiny,20260607,19,0.55953,0.56375,95.0261,0.8221,0.3585,0.8692
run_20260607_PlantDoc_ConvNeXt-Tiny,PlantDoc,ConvNeXt-Tiny,20260607,20,0.53614,0.62209,79.6051,0.7804,0.8848,0.8474
run_20260607_CUB-200-2011_ConvNeXt-Tiny,CUB-200-2011,ConvNeXt-Tiny,20260607,21,0.47064,0.54549,84.0578,0.8171,0.6326,0.8509
run_20260607_PlantVillage_Swin-Tiny,PlantVillage,Swin-Tiny,20260607,22,0.46278,0.4902,95.6507,0.8038,0.1225,0.8291
run_20260607_PlantDoc_Swin-Tiny,PlantDoc,Swin-Tiny,20260607,23,0.43052,0.54114,78.9228,0.7971,0.9048,0.8516
run_20260607_CUB-200-2011_Swin-Tiny,CUB-200-2011,Swin-Tiny,20260607,24,0.39885,0.42582,85.3533,0.8078,0.6211,0.8616
run_20260607_PlantVillage_ConvNeXtplusARM,PlantVillage,ConvNeXt+ARM,20260607,25,0.38406,0.41279,96.4866,0.8035,0.1091,0.8724
run_20260607_PlantDoc_ConvNeXtplusARM,PlantDoc,ConvNeXt+ARM,20260607,26,0.34699,0.4474,82.5084,0.7833,0.6014,0.8773
run_20260607_CUB-200-2011_ConvNeXtplusARM,CUB-200-2011,ConvNeXt+ARM,20260607,27,0.31887,0.39558,85.9161,0.8181,0.5682,0.8693
run_20260607_PlantVillage_UAMP-Net,PlantVillage,UAMP-Net,20260607,28,0.30993,0.31002,97.3082,0.9069,0.1475,0.8491
run_20260607_PlantDoc_UAMP-Net,PlantDoc,UAMP-Net,20260607,29,0.30008,0.37876,85.0851,0.8438,0.6122,0.8444
run_20260607_CUB-200-2011_UAMP-Net,CUB-200-2011,UAMP-Net,20260607,30,0.27077,0.33904,88.0223,0.8684,0.523,0.841
run_20260614_PlantVillage_ResNet-50,PlantVillage,ResNet-50,20260614,31,0.26923,0.25731,95.5635,0.8625,0.2064,0.8658
run_20260614_PlantDoc_ResNet-50,PlantDoc,ResNet-50,20260614,32,0.26356,0.33029,74.8119,0.8014,0.98,0.8778
run_20260614_CUB-200-2011_ResNet-50,CUB-200-2011,ResNet-50,20260614,33,0.23187,0.28156,81.8632,0.8225,0.7199,0.846
run_20260614_PlantVillage_EfficientNet-B3,PlantVillage,EfficientNet-B3,20260614,34,0.21999,0.23429,96.7504,0.8216,0.1539,0.8686
run_20260614_PlantDoc_EfficientNet-B3,PlantDoc,EfficientNet-B3,20260614,35,0.19998,0.3057,79.4083,0.8414,0.9704,0.838
run_20260614_CUB-200-2011_EfficientNet-B3,CUB-200-2011,EfficientNet-B3,20260614,36,0.18782,0.26615,84.5092,0.8064,0.6358,0.8621
run_20260614_PlantVillage_ConvNeXt-Tiny,PlantVillage,ConvNeXt-Tiny,20260614,37,0.16534,0.20597,97.3381,0.8535,0.1261,0.847
run_20260614_PlantDoc_ConvNeXt-Tiny,PlantDoc,ConvNeXt-Tiny,20260614,38,0.1749,0.22599,81.5054,0.7956,0.7064,0.8476
run_20260614_CUB-200-2011_ConvNeXt-Tiny,CUB-200-2011,ConvNeXt-Tiny,20260614,39,0.1413,0.23127,85.7755,0.8096,0.5822,0.8415
run_20260614_PlantVillage_Swin-Tiny,PlantVillage,Swin-Tiny,20260614,40,0.1633,0.12662,97.2384,0.7947,0.1524,0.8493
run_20260614_PlantDoc_Swin-Tiny,PlantDoc,Swin-Tiny,20260614,41,0.1235,0.21362,81.6165,0.9009,0.8235,0.849
run_20260614_CUB-200-2011_Swin-Tiny,CUB-200-2011,Swin-Tiny,20260614,42,0.13373,0.18451,87.6574,0.8409,0.5316,0.8482
run_20260614_PlantVillage_ConvNeXtplusARM,PlantVillage,ConvNeXt+ARM,20260614,43,0.10817,0.12637,97.8272,0.8709,0.02,0.881
run_20260614_PlantDoc_ConvNeXtplusARM,PlantDoc,ConvNeXt+ARM,20260614,44,0.11382,0.17356,84.4789,0.894,0.6661,0.8592
run_20260614_CUB-200-2011_ConvNeXtplusARM,CUB-200-2011,ConvNeXt+ARM,20260614,45,0.10752,0.16146,87.0209,0.858,0.5463,0.8384
run_20260614_PlantVillage_UAMP-Net,PlantVillage,UAMP-Net,20260614,46,0.08126,0.10483,98.4729,0.916,0.0319,0.8257
run_20260614_PlantDoc_UAMP-Net,PlantDoc,UAMP-Net,20260614,47,0.11179,0.12441,87.379,0.9183,0.522,0.8075
run_20260614_CUB-200-2011_UAMP-Net,CUB-200-2011,UAMP-Net,20260614,48,0.10637,0.11905,89.0853,0.9079,0.4807,0.8645
run_20260601_PlantVillage_ResNet-50,PlantVillage,ResNet-50,20260601,49,0.12176,0.11012,96.493,0.849,0.204,0.8454
run_20260601_PlantDoc_ResNet-50,PlantDoc,ResNet-50,20260601,50,0.09282,0.1582,76.16,0.8466,0.9421,0.8598
run_20260601_CUB-200-2011_ResNet-50,CUB-200-2011,ResNet-50,20260601,51,0.08208,0.12611,82.2419,0.8438,0.6954,0.8758
run_20260601_PlantVillage_EfficientNet-B3,PlantVillage,EfficientNet-B3,20260601,52,0.05599,0.07963,97.2675,0.8502,0.1859,0.8563
run_20260601_PlantDoc_EfficientNet-B3,PlantDoc,EfficientNet-B3,20260601,53,0.05741,0.14729,79.1599,0.8173,0.8536,0.8675
run_20260601_CUB-200-2011_EfficientNet-B3,CUB-200-2011,EfficientNet-B3,20260601,54,0.08443,0.10675,85.8886,0.8942,0.6509,0.8646
run_20260601_PlantVillage_ConvNeXt-Tiny,PlantVillage,ConvNeXt-Tiny,20260601,55,0.04438,0.05425,97.9896,0.8116,0.0535,0.8281
run_20260601_PlantDoc_ConvNeXt-Tiny,PlantDoc,ConvNeXt-Tiny,20260601,56,0.05657,0.13356,82.3282,0.841,0.721,0.8563
run_20260601_CUB-200-2011_ConvNeXt-Tiny,CUB-200-2011,ConvNeXt-Tiny,20260601,57,0.05478,0.11096,86.3434,0.8704,0.4842,0.83
run_20260601_PlantVillage_Swin-Tiny,PlantVillage,Swin-Tiny,20260601,58,0.06446,0.07272,97.9106,0.9117,0.1733,0.865
run_20260601_PlantDoc_Swin-Tiny,PlantDoc,Swin-Tiny,20260601,59,0.05192,0.12671,81.7011,0.8241,0.704,0.8805
run_20260601_CUB-200-2011_Swin-Tiny,CUB-200-2011,Swin-Tiny,20260601,60,0.03954,0.06704,87.5076,0.8602,0.4818,0.8586
run_20260601_PlantVillage_ConvNeXtplusARM,PlantVillage,ConvNeXt+ARM,20260601,1,1.69529,1.84484,85.8158,0.7474,0.5541,0.8248
run_20260601_PlantDoc_ConvNeXtplusARM,PlantDoc,ConvNeXt+ARM,20260601,2,1.62631,1.77643,71.9009,0.7957,0.98,0.8616
run_20260601_CUB-200-2011_ConvNeXtplusARM,CUB-200-2011,ConvNeXt+ARM,20260601,3,1.49056,1.6338,77.3113,0.7713,0.98,0.8241
run_20260601_PlantVillage_UAMP-Net,PlantVillage,UAMP-Net,20260601,4,1.42184,1.48406,89.3244,0.7961,0.4842,0.8498
run_20260601_PlantDoc_UAMP-Net,PlantDoc,UAMP-Net,20260601,5,1.33175,1.48248,77.5645,0.816,0.9207,0.8536
run_20260601_CUB-200-2011_UAMP-Net,CUB-200-2011,UAMP-Net,20260601,6,1.24373,1.33789,81.2948,0.8408,0.8194,0.8441
run_20260607_PlantVillage_ResNet-50,PlantVillage,ResNet-50,20260607,7,1.1568,1.23934,88.8612,0.7675,0.5478,0.838
run_20260607_PlantDoc_ResNet-50,PlantDoc,ResNet-50,20260607,8,1.09464,1.22887,68.9284,0.7621,0.98,0.8806
run_20260607_CUB-200-2011_ResNet-50,CUB-200-2011,ResNet-50,20260607,9,1.04238,1.10583,74.8771,0.7453,0.98,0.855
run_20260607_PlantVillage_EfficientNet-B3,PlantVillage,EfficientNet-B3,20260607,10,0.94254,1.02249,91.4082,0.7743,0.342,0.8665
run_20260607_PlantDoc_EfficientNet-B3,PlantDoc,EfficientNet-B3,20260607,11,0.90977,1.0361,73.6595,0.7557,0.98,0.8635
run_20260607_CUB-200-2011_EfficientNet-B3,CUB-200-2011,EfficientNet-B3,20260607,12,0.84105,0.97029,79.6886,0.7746,0.8111,0.8447
run_20260607_PlantVillage_ConvNeXt-Tiny,PlantVillage,ConvNeXt-Tiny,20260607,13,0.78692,0.85866,93.4223,0.7459,0.305,0.8313
run_20260607_PlantDoc_ConvNeXt-Tiny,PlantDoc,ConvNeXt-Tiny,20260607,14,0.75849,0.86556,77.3618,0.7524,0.98,0.8466
run_20260607_CUB-200-2011_ConvNeXt-Tiny,CUB-200-2011,ConvNeXt-Tiny,20260607,15,0.68331,0.8009,82.9174,0.7689,0.7548,0.8492
run_20260607_PlantVillage_Swin-Tiny,PlantVillage,Swin-Tiny,20260607,16,0.66105,0.66278,94.0525,0.8003,0.2413,0.857
run_20260607_PlantDoc_Swin-Tiny,PlantDoc,Swin-Tiny,20260607,17,0.62028,0.74817,77.9905,0.7827,0.9649,0.8193
run_20260607_CUB-200-2011_Swin-Tiny,CUB-200-2011,Swin-Tiny,20260607,18,0.5913,0.63262,84.2886,0.7681,0.7023,0.8581
run_20260607_PlantVillage_ConvNeXtplusARM,PlantVillage,ConvNeXt+ARM,20260607,19,0.55161,0.57006,95.8485,0.7764,0.1954,0.8559
run_20260607_PlantDoc_ConvNeXtplusARM,PlantDoc,ConvNeXt+ARM,20260607,20,0.48964,0.59135,81.5693,0.7995,0.7399,0.8491
run_20260607_CUB-200-2011_ConvNeXtplusARM,CUB-200-2011,ConvNeXt+ARM,20260607,21,0.50172,0.57006,85.2403,0.7822,0.5974,0.8321
run_20260607_PlantVillage_UAMP-Net,PlantVillage,UAMP-Net,20260607,22,0.45048,0.47294,96.6548,0.8475,0.1137,0.8366
run_20260607_PlantDoc_UAMP-Net,PlantDoc,UAMP-Net,20260607,23,0.45344,0.45512,83.8889,0.8931,0.6746,0.8416
run_20260607_CUB-200-2011_UAMP-Net,CUB-200-2011,UAMP-Net,20260607,24,0.40681,0.47157,87.1917,0.8984,0.5145,0.8608
run_20260614_PlantVillage_ResNet-50,PlantVillage,ResNet-50,20260614,25,0.37896,0.39189,94.8672,0.7864,0.1933,0.9008
run_20260614_PlantDoc_ResNet-50,PlantDoc,ResNet-50,20260614,26,0.34478,0.4194,74.449,0.8013,0.98,0.8822
run_20260614_CUB-200-2011_ResNet-50,CUB-200-2011,ResNet-50,20260614,27,0.35531,0.45192,81.3798,0.7892,0.7398,0.8404
run_20260614_PlantVillage_EfficientNet-B3,PlantVillage,EfficientNet-B3,20260614,28,0.3138,0.31827,95.9376,0.79,0.1676,0.8059
run_20260614_PlantDoc_EfficientNet-B3,PlantDoc,EfficientNet-B3,20260614,29,0.29924,0.37119,79.3182,0.8021,0.9182,0.8415
run_20260614_CUB-200-2011_EfficientNet-B3,CUB-200-2011,EfficientNet-B3,20260614,30,0.2964,0.29993,84.1613,0.83,0.6086,0.8918
run_20260614_PlantVillage_ConvNeXt-Tiny,PlantVillage,ConvNeXt-Tiny,20260614,31,0.25269,0.26916,97.3239,0.8117,0.123,0.8691
run_20260614_PlantDoc_ConvNeXt-Tiny,PlantDoc,ConvNeXt-Tiny,20260614,32,0.24895,0.29873,80.9069,0.8264,0.807,0.8804
run_20260614_CUB-200-2011_ConvNeXt-Tiny,CUB-200-2011,ConvNeXt-Tiny,20260614,33,0.25157,0.27223,85.9752,0.8569,0.5071,0.8463
run_20260614_PlantVillage_Swin-Tiny,PlantVillage,Swin-Tiny,20260614,34,0.2173,0.22625,97.2231,0.7969,0.0409,0.8472
run_20260614_PlantDoc_Swin-Tiny,PlantDoc,Swin-Tiny,20260614,35,0.21264,0.23971,80.8519,0.8195,0.8032,0.8652
run_20260614_CUB-200-2011_Swin-Tiny,CUB-200-2011,Swin-Tiny,20260614,36,0.19426,0.26522,87.444,0.8192,0.6271,0.8387
run_20260614_PlantVillage_ConvNeXtplusARM,PlantVillage,ConvNeXt+ARM,20260614,37,0.20435,0.18879,98.029,0.8019,0.1681,0.8418
run_20260614_PlantDoc_ConvNeXtplusARM,PlantDoc,ConvNeXt+ARM,20260614,38,0.17553,0.21623,83.3113,0.8049,0.716,0.8335
run_20260614_CUB-200-2011_ConvNeXtplusARM,CUB-200-2011,ConvNeXt+ARM,20260614,39,0.16038,0.21461,86.5063,0.8082,0.53,0.7966
run_20260614_PlantVillage_UAMP-Net,PlantVillage,UAMP-Net,20260614,40,0.13396,0.15613,98.4804,0.8832,0.102,0.8221
run_20260614_PlantDoc_UAMP-Net,PlantDoc,UAMP-Net,20260614,41,0.13818,0.21586,85.5664,0.8731,0.5507,0.8287
run_20260614_CUB-200-2011_UAMP-Net,CUB-200-2011,UAMP-Net,20260614,42,0.14186,0.1639,88.7457,0.8822,0.48,0.848
run_20260601_PlantVillage_ResNet-50,PlantVillage,ResNet-50,20260601,43,0.10947,0.11447,96.4148,0.8445,0.13,0.8429
run_20260601_PlantDoc_ResNet-50,PlantDoc,ResNet-50,20260601,44,0.11809,0.22976,75.2318,0.8358,0.98,0.8418
run_20260601_CUB-200-2011_ResNet-50,CUB-200-2011,ResNet-50,20260601,45,0.13565,0.14734,82.0726,0.8272,0.7412,0.8459
run_20260601_PlantVillage_EfficientNet-B3,PlantVillage,EfficientNet-B3,20260601,46,0.09973,0.10797,97.0946,0.8302,0.0209,0.8186
run_20260601_PlantDoc_EfficientNet-B3,PlantDoc,EfficientNet-B3,20260601,47,0.1124,0.19522,79.5528,0.8391,0.8013,0.8311
run_20260601_CUB-200-2011_EfficientNet-B3,CUB-200-2011,EfficientNet-B3,20260601,48,0.1089,0.14966,84.6011,0.8379,0.6924,0.8488
run_20260601_PlantVillage_ConvNeXt-Tiny,PlantVillage,ConvNeXt-Tiny,20260601,49,0.0921,0.09232,97.6926,0.867,0.1031,0.8383
run_20260601_PlantDoc_ConvNeXt-Tiny,PlantDoc,ConvNeXt-Tiny,20260601,50,0.08625,0.15274,81.0448,0.8696,0.856,0.8673
run_20260601_CUB-200-2011_ConvNeXt-Tiny,CUB-200-2011,ConvNeXt-Tiny,20260601,51,0.06991,0.10659,86.5917,0.8533,0.5599,0.8713
run_20260601_PlantVillage_Swin-Tiny,PlantVillage,Swin-Tiny,20260601,52,0.07783,0.09265,97.908,0.8457,0.0704,0.8444
run_20260601_PlantDoc_Swin-Tiny,PlantDoc,Swin-Tiny,20260601,53,0.05265,0.1559,81.7773,0.8663,0.7702,0.8806
run_20260601_CUB-200-2011_Swin-Tiny,CUB-200-2011,Swin-Tiny,20260601,54,0.05431,0.09961,88.1195,0.8538,0.5525,0.8427
run_20260601_PlantVillage_ConvNeXtplusARM,PlantVillage,ConvNeXt+ARM,20260601,55,0.05779,0.09432,98.0878,0.8797,0.0857,0.8419
run_20260601_PlantDoc_ConvNeXtplusARM,PlantDoc,ConvNeXt+ARM,20260601,56,0.03919,0.09483,83.5332,0.8288,0.7379,0.8813
run_20260601_CUB-200-2011_ConvNeXtplusARM,CUB-200-2011,ConvNeXt+ARM,20260601,57,0.05496,0.09513,88.151,0.8396,0.541,0.7985
run_20260601_PlantVillage_UAMP-Net,PlantVillage,UAMP-Net,20260601,58,0.05475,0.06058,98.8973,0.9562,0.0571,0.8526
run_20260601_PlantDoc_UAMP-Net,PlantDoc,UAMP-Net,20260601,59,0.012,0.08699,87.7385,0.9106,0.4999,0.8672
run_20260601_CUB-200-2011_UAMP-Net,CUB-200-2011,UAMP-Net,20260601,60,0.01725,0.10002,89.0958,0.9563,0.3637,0.8512
run_20260607_PlantVillage_ResNet-50,PlantVillage,ResNet-50,20260607,1,1.69078,1.83345,84.4126,0.7443,0.6653,0.8384
run_20260607_PlantDoc_ResNet-50,PlantDoc,ResNet-50,20260607,2,1.56854,1.82387,64.8858,0.7607,0.98,0.8671
run_20260607_CUB-200-2011_ResNet-50,CUB-200-2011,ResNet-50,20260607,3,1.51699,1.67924,71.9353,0.7627,0.98,0.8566
run_20260607_PlantVillage_EfficientNet-B3,PlantVillage,EfficientNet-B3,20260607,4,1.41821,1.52036,87.4619,0.7607,0.4923,0.852
run_20260607_PlantDoc_EfficientNet-B3,PlantDoc,EfficientNet-B3,20260607,5,1.30535,1.49998,70.6775,0.7535,0.98,0.8754
run_20260607_CUB-200-2011_EfficientNet-B3,CUB-200-2011,EfficientNet-B3,20260607,6,1.21894,1.40028,77.3522,0.7689,0.919,0.8549
run_20260607_PlantVillage_ConvNeXt-Tiny,PlantVillage,ConvNeXt-Tiny,20260607,7,1.16978,1.24316,90.3871,0.7806,0.5019,0.8393
run_20260607_PlantDoc_ConvNeXt-Tiny,PlantDoc,ConvNeXt-Tiny,20260607,8,1.08218,1.23505,75.0968,0.7317,0.98,0.8834
run_20260607_CUB-200-2011_ConvNeXt-Tiny,CUB-200-2011,ConvNeXt-Tiny,20260607,9,1.03006,1.13233,79.9806,0.7744,0.8935,0.8554
run_20260607_PlantVillage_Swin-Tiny,PlantVillage,Swin-Tiny,20260607,10,0.95317,1.0745,91.5448,0.7696,0.4283,0.8524
run_20260607_PlantDoc_Swin-Tiny,PlantDoc,Swin-Tiny,20260607,11,0.8964,1.04475,75.6218,0.7847,0.98,0.8131
run_20260607_CUB-200-2011_Swin-Tiny,CUB-200-2011,Swin-Tiny,20260607,12,0.85097,0.95193,82.5195,0.7737,0.6939,0.873
run_20260607_PlantVillage_ConvNeXtplusARM,PlantVillage,ConvNeXt+ARM,20260607,13,0.82113,0.87432,93.4535,0.7949,0.32,0.8758
run_20260607_PlantDoc_ConvNeXtplusARM,PlantDoc,ConvNeXt+ARM,20260607,14,0.73437,0.83053,79.8599,0.7911,0.807,0.869
run_20260607_CUB-200-2011_ConvNeXtplusARM,CUB-200-2011,ConvNeXt+ARM,20260607,15,0.7122,0.78044,83.9492,0.794,0.7473,0.8287
run_20260607_PlantVillage_UAMP-Net,PlantVillage,UAMP-Net,20260607,16,0.64904,0.70363,95.1742,0.8425,0.1165,0.8334
run_20260607_PlantDoc_UAMP-Net,PlantDoc,UAMP-Net,20260607,17,0.60897,0.67349,83.6904,0.825,0.5802,0.8401
run_20260607_CUB-200-2011_UAMP-Net,CUB-200-2011,UAMP-Net,20260607,18,0.58284,0.62395,86.6891,0.8753,0.5719,0.8344
run_20260614_PlantVillage_ResNet-50,PlantVillage,ResNet-50,20260614,19,0.54898,0.58122,93.2362,0.7796,0.2807,0.8155
run_20260614_PlantDoc_ResNet-50,PlantDoc,ResNet-50,20260614,20,0.53063,0.61904,74.0059,0.7823,0.98,0.8631
run_20260614_CUB-200-2011_ResNet-50,CUB-200-2011,ResNet-50,20260614,21,0.44721,0.56605,79.7607,0.7597,0.8228,0.8784
run_20260614_PlantVillage_EfficientNet-B3,PlantVillage,EfficientNet-B3,20260614,22,0.44336,0.46179,95.0569,0.7941,0.146,0.8608
run_20260614_PlantDoc_EfficientNet-B3,PlantDoc,EfficientNet-B3,20260614,23,0.44228,0.54731,77.7283,0.8171,0.98,0.8355
run_20260614_CUB-200-2011_EfficientNet-B3,CUB-200-2011,EfficientNet-B3,20260614,24,0.40564,0.46854,83.2865,0.8301,0.7245,0.854
run_20260614_PlantVillage_ConvNeXt-Tiny,PlantVillage,ConvNeXt-Tiny,20260614,25,0.36492,0.38727,96.2836,0.7887,0.1718,0.8262
run_20260614_PlantDoc_ConvNeXt-Tiny,PlantDoc,ConvNeXt-Tiny,20260614,26,0.35256,0.43557,80.1928,0.8035,0.7992,0.8671
run_20260614_CUB-200-2011_ConvNeXt-Tiny,CUB-200-2011,ConvNeXt-Tiny,20260614,27,0.32892,0.397,85.673,0.8047,0.5641,0.8347
run_20260614_PlantVillage_Swin-Tiny,PlantVillage,Swin-Tiny,20260614,28,0.27704,0.32236,96.1873,0.8345,0.2438,0.8675
run_20260614_PlantDoc_Swin-Tiny,PlantDoc,Swin-Tiny,20260614,29,0.30846,0.3844,79.9593,0.8058,0.8097,0.8387
run_20260614_CUB-200-2011_Swin-Tiny,CUB-200-2011,Swin-Tiny,20260614,30,0.27881,0.33586,86.1932,0.7959,0.6201,0.849
run_20260614_PlantVillage_ConvNeXtplusARM,PlantVillage,ConvNeXt+ARM,20260614,31,0.26393,0.28036,97.2534,0.8462,0.146,0.8479
run_20260614_PlantDoc_ConvNeXtplusARM,PlantDoc,ConvNeXt+ARM,20260614,32,0.25648,0.29889,83.1855,0.8166,0.81,0.8525
run_20260614_CUB-200-2011_ConvNeXtplusARM,CUB-200-2011,ConvNeXt+ARM,20260614,33,0.25667,0.30606,86.5819,0.8562,0.4501,0.8391
run_20260614_PlantVillage_UAMP-Net,PlantVillage,UAMP-Net,20260614,34,0.20063,0.22247,98.1589,0.8999,0.025,0.8372
run_20260614_PlantDoc_UAMP-Net,PlantDoc,UAMP-Net,20260614,35,0.21168,0.26923,86.1815,0.8685,0.6226,0.8267
run_20260614_CUB-200-2011_UAMP-Net,CUB-200-2011,UAMP-Net,20260614,36,0.20822,0.2223,87.6472,0.868,0.4993,0.8373
run_20260601_PlantVillage_ResNet-50,PlantVillage,ResNet-50,20260601,37,0.16105,0.18124,95.807,0.8098,0.1882,0.8331
run_20260601_PlantDoc_ResNet-50,PlantDoc,ResNet-50,20260601,38,0.18511,0.24131,76.0529,0.8359,0.98,0.8524
run_20260601_CUB-200-2011_ResNet-50,CUB-200-2011,ResNet-50,20260601,39,0.14606,0.18162,82.164,0.8244,0.7161,0.8293
run_20260601_PlantVillage_EfficientNet-B3,PlantVillage,EfficientNet-B3,20260601,40,0.13961,0.12243,97.4128,0.824,0.0897,0.8731
run_20260601_PlantDoc_EfficientNet-B3,PlantDoc,EfficientNet-B3,20260601,41,0.14508,0.21276,79.1328,0.8573,0.8351,0.8477
run_20260601_CUB-200-2011_EfficientNet-B3,CUB-200-2011,EfficientNet-B3,20260601,42,0.11838,0.1955,85.0582,0.8252,0.7513,0.8646
run_20260601_PlantVillage_ConvNeXt-Tiny,PlantVillage,ConvNeXt-Tiny,20260601,43,0.11761,0.11429,97.5717,0.8317,0.0765,0.8433
run_20260601_PlantDoc_ConvNeXt-Tiny,PlantDoc,ConvNeXt-Tiny,20260601,44,0.1083,0.18916,81.0926,0.8707,0.7881,0.8387
run_20260601_CUB-200-2011_ConvNeXt-Tiny,CUB-200-2011,ConvNeXt-Tiny,20260601,45,0.09815,0.16248,86.6639,0.8888,0.5591,0.8519
run_20260601_PlantVillage_Swin-Tiny,PlantVillage,Swin-Tiny,20260601,46,0.09296,0.13148,97.6995,0.831,0.06,0.8078
run_20260601_PlantDoc_Swin-Tiny,PlantDoc,Swin-Tiny,20260601,47,0.09291,0.1612,81.2637,0.828,0.7714,0.8616
run_20260601_CUB-200-2011_Swin-Tiny,CUB-200-2011,Swin-Tiny,20260601,48,0.09683,0.14702,87.036,0.8321,0.5186,0.8508
run_20260601_PlantVillage_ConvNeXtplusARM,PlantVillage,ConvNeXt+ARM,20260601,49,0.09398,0.0899,98.3997,0.8636,0.1577,0.8748
run_20260601_PlantDoc_ConvNeXtplusARM,PlantDoc,ConvNeXt+ARM,20260601,50,0.09063,0.14157,84.2214,0.8254,0.7288,0.7904
run_20260601_CUB-200-2011_ConvNeXtplusARM,CUB-200-2011,ConvNeXt+ARM,20260601,51,0.10032,0.09486,88.6237,0.837,0.4603,0.8701
run_20260601_PlantVillage_UAMP-Net,PlantVillage,UAMP-Net,20260601,52,0.04246,0.05543,98.9261,0.935,0.0933,0.8464
run_20260601_PlantDoc_UAMP-Net,PlantDoc,UAMP-Net,20260601,53,0.07625,0.10071,86.8097,0.9326,0.4776,0.8485
run_20260601_CUB-200-2011_UAMP-Net,CUB-200-2011,UAMP-Net,20260601,54,0.06406,0.07504,88.662,0.9211,0.4349,0.8754
run_20260607_PlantVillage_ResNet-50,PlantVillage,ResNet-50,20260607,55,0.03795,0.06404,96.5354,0.8469,0.1553,0.8248
run_20260607_PlantDoc_ResNet-50,PlantDoc,ResNet-50,20260607,56,0.04786,0.12702,76.1621,0.8524,0.98,0.8228
run_20260607_CUB-200-2011_ResNet-50,CUB-200-2011,ResNet-50,20260607,57,0.07281,0.10525,82.6763,0.8458,0.6675,0.8252
run_20260607_PlantVillage_EfficientNet-B3,PlantVillage,EfficientNet-B3,20260607,58,0.03479,0.07294,97.5303,0.8937,0.0575,0.8452
run_20260607_PlantDoc_EfficientNet-B3,PlantDoc,EfficientNet-B3,20260607,59,0.0371,0.14327,80.1324,0.8672,0.8281,0.871
run_20260607_CUB-200-2011_EfficientNet-B3,CUB-200-2011,EfficientNet-B3,20260607,60,0.05934,0.08437,85.983,0.8496,0.4973,0.8813
run_20260607_PlantVillage_ConvNeXt-Tiny,PlantVillage,ConvNeXt-Tiny,20260607,1,1.67866,1.84777,85.6926,0.7436,0.566,0.8632
run_20260607_PlantDoc_ConvNeXt-Tiny,PlantDoc,ConvNeXt-Tiny,20260607,2,1.58954,1.78841,70.8194,0.7677,0.98,0.8474
run_20260607_CUB-200-2011_ConvNeXt-Tiny,CUB-200-2011,ConvNeXt-Tiny,20260607,3,1.49477,1.6422,76.7815,0.7459,0.98,0.8804
run_20260607_PlantVillage_Swin-Tiny,PlantVillage,Swin-Tiny,20260607,4,1.40031,1.53117,88.0524,0.7396,0.4928,0.8747
run_20260607_PlantDoc_Swin-Tiny,PlantDoc,Swin-Tiny,20260607,5,1.31628,1.46181,72.5955,0.749,0.98,0.849
run_20260607_CUB-200-2011_Swin-Tiny,CUB-200-2011,Swin-Tiny,20260607,6,1.24233,1.36724,79.0551,0.7779,0.834,0.8915
run_20260607_PlantVillage_ConvNeXtplusARM,PlantVillage,ConvNeXt+ARM,20260607,7,1.17239,1.23716,90.8967,0.768,0.3246,0.8472
run_20260607_PlantDoc_ConvNeXtplusARM,PlantDoc,ConvNeXt+ARM,20260607,8,1.10059,1.2349,76.6203,0.7547,0.98,0.8798
run_20260607_CUB-200-2011_ConvNeXtplusARM,CUB-200-2011,ConvNeXt+ARM,20260607,9,1.03468,1.12319,81.5092,0.7719,0.7284,0.851
run_20260607_PlantVillage_UAMP-Net,PlantVillage,UAMP-Net,20260607,10,0.96714,1.00106,92.8238,0.8317,0.3096,0.8243
run_20260607_PlantDoc_UAMP-Net,PlantDoc,UAMP-Net,20260607,11,0.89246,1.03853,81.2452,0.8481,0.7557,0.8507
run_20260607_CUB-200-2011_UAMP-Net,CUB-200-2011,UAMP-Net,20260607,12,0.84073,0.94519,83.7269,0.8196,0.6655,0.8298
run_20260614_PlantVillage_ResNet-50,PlantVillage,ResNet-50,20260614,13,0.82007,0.85977,91.8065,0.7693,0.3343,0.8486
run_20260614_PlantDoc_ResNet-50,PlantDoc,ResNet-50,20260614,14,0.72354,0.88167,71.6684,0.768,0.98,0.8677
run_20260614_CUB-200-2011_ResNet-50,CUB-200-2011,ResNet-50,20260614,15,0.73166,0.8017,78.3951,0.7908,0.9592,0.8381
run_20260614_PlantVillage_EfficientNet-B3,PlantVillage,EfficientNet-B3,20260614,16,0.67132,0.68281,93.2911,0.8106,0.2586,0.8528
run_20260614_PlantDoc_EfficientNet-B3,PlantDoc,EfficientNet-B3,20260614,17,0.6393,0.7457,76.3395,0.7674,0.98,0.8448
run_20260614_CUB-200-2011_EfficientNet-B3,CUB-200-2011,EfficientNet-B3,20260614,18,0.58269,0.70701,81.6418,0.7904,0.8274,0.8399
run_20260614_PlantVillage_ConvNeXt-Tiny,PlantVillage,ConvNeXt-Tiny,20260614,19,0.54771,0.5629,95.3213,0.762,0.2466,0.8817
run_20260614_PlantDoc_ConvNeXt-Tiny,PlantDoc,ConvNeXt-Tiny,20260614,20,0.51485,0.59204,78.3276,0.8375,0.8476,0.8778
run_20260614_CUB-200-2011_ConvNeXt-Tiny,CUB-200-2011,ConvNeXt-Tiny,20260614,21,0.49746,0.55964,83.768,0.7792,0.6578,0.8267
run_20260614_PlantVillage_Swin-Tiny,PlantVillage,Swin-Tiny,20260614,22,0.4298,0.46658,95.81,0.7948,0.0988,0.8553
run_20260614_PlantDoc_Swin-Tiny,PlantDoc,Swin-Tiny,20260614,23,0.42686,0.51971,79.8322,0.804,0.8928,0.8542
run_20260614_CUB-200-2011_Swin-Tiny,CUB-200-2011,Swin-Tiny,20260614,24,0.39794,0.44275,86.2394,0.774,0.5675,0.8201
run_20260614_PlantVillage_ConvNeXtplusARM,PlantVillage,ConvNeXt+ARM,20260614,25,0.36951,0.39606,96.2708,0.7811,0.0847,0.831
run_20260614_PlantDoc_ConvNeXtplusARM,PlantDoc,ConvNeXt+ARM,20260614,26,0.31351,0.43649,82.0816,0.7846,0.7371,0.8475
run_20260614_CUB-200-2011_ConvNeXtplusARM,CUB-200-2011,ConvNeXt+ARM,20260614,27,0.34741,0.42019,86.4225,0.8036,0.6375,0.8586
run_20260614_PlantVillage_UAMP-Net,PlantVillage,UAMP-Net,20260614,28,0.30113,0.31869,97.7796,0.8694,0.1471,0.8254
run_20260614_PlantDoc_UAMP-Net,PlantDoc,UAMP-Net,20260614,29,0.28477,0.37732,85.7705,0.8431,0.6107,0.8353
run_20260614_CUB-200-2011_UAMP-Net,CUB-200-2011,UAMP-Net,20260614,30,0.26959,0.27783,87.0647,0.89,0.5523,0.8579
run_20260601_PlantVillage_ResNet-50,PlantVillage,ResNet-50,20260601,31,0.25647,0.27312,95.551,0.8059,0.1744,0.8196
run_20260601_PlantDoc_ResNet-50,PlantDoc,ResNet-50,20260601,32,0.23586,0.31931,75.4476,0.7888,0.98,0.8646
run_20260601_CUB-200-2011_ResNet-50,CUB-200-2011,ResNet-50,20260601,33,0.24525,0.29138,81.1389,0.8091,0.8161,0.8264
run_20260601_PlantVillage_EfficientNet-B3,PlantVillage,EfficientNet-B3,20260601,34,0.20293,0.20309,96.4332,0.8264,0.1614,0.8336
run_20260601_PlantDoc_EfficientNet-B3,PlantDoc,EfficientNet-B3,20260601,35,0.18509,0.27427,78.8368,0.8114,0.8285,0.8304
run_20260601_CUB-200-2011_EfficientNet-B3,CUB-200-2011,EfficientNet-B3,20260601,36,0.19415,0.27189,84.8965,0.8283,0.7186,0.8119
run_20260601_PlantVillage_ConvNeXt-Tiny,PlantVillage,ConvNeXt-Tiny,20260601,37,0.17092,0.18157,97.0082,0.8622,0.217,0.8688
run_20260601_PlantDoc_ConvNeXt-Tiny,PlantDoc,ConvNeXt-Tiny,20260601,38,0.18783,0.24938,81.9326,0.8609,0.7532,0.8599
run_20260601_CUB-200-2011_ConvNeXt-Tiny,CUB-200-2011,ConvNeXt-Tiny,20260601,39,0.18008,0.22277,86.3669,0.8655,0.626,0.8773
run_20260601_PlantVillage_Swin-Tiny,PlantVillage,Swin-Tiny,20260601,40,0.12006,0.13369,97.276,0.8395,0.1195,0.9113
run_20260601_PlantDoc_Swin-Tiny,PlantDoc,Swin-Tiny,20260601,41,0.14292,0.22635,81.0202,0.8357,0.7944,0.8234
run_20260601_CUB-200-2011_Swin-Tiny,CUB-200-2011,Swin-Tiny,20260601,42,0.13338,0.17461,86.6578,0.8239,0.5024,0.8606
run_20260601_PlantVillage_ConvNeXtplusARM,PlantVillage,ConvNeXt+ARM,20260601,43,0.11779,0.13834,97.9855,0.8325,0.075,0.7923
run_20260601_PlantDoc_ConvNeXtplusARM,PlantDoc,ConvNeXt+ARM,20260601,44,0.13057,0.15971,82.9246,0.8684,0.7346,0.8503
run_20260601_CUB-200-2011_ConvNeXtplusARM,CUB-200-2011,ConvNeXt+ARM,20260601,45,0.10291,0.15208,87.428,0.8557,0.5091,0.8618
run_20260601_PlantVillage_UAMP-Net,PlantVillage,UAMP-Net,20260601,46,0.11209,0.07978,98.6862,0.9223,0.1289,0.8343
run_20260601_PlantDoc_UAMP-Net,PlantDoc,UAMP-Net,20260601,47,0.11892,0.12616,86.819,0.8827,0.5592,0.8461
run_20260601_CUB-200-2011_UAMP-Net,CUB-200-2011,UAMP-Net,20260601,48,0.10237,0.14879,88.8685,0.8831,0.3574,0.8554
run_20260607_PlantVillage_ResNet-50,PlantVillage,ResNet-50,20260607,49,0.07123,0.12155,96.3374,0.8593,0.0629,0.8419
run_20260607_PlantDoc_ResNet-50,PlantDoc,ResNet-50,20260607,50,0.07784,0.16946,75.8987,0.83,0.98,0.8433
run_20260607_CUB-200-2011_ResNet-50,CUB-200-2011,ResNet-50,20260607,51,0.08191,0.14821,81.9369,0.8238,0.6934,0.8526
run_20260607_PlantVillage_EfficientNet-B3,PlantVillage,EfficientNet-B3,20260607,52,0.05851,0.09931,97.442,0.8754,0.1101,0.8816
run_20260607_PlantDoc_EfficientNet-B3,PlantDoc,EfficientNet-B3,20260607,53,0.0781,0.12018,79.5034,0.8798,0.8257,0.8632
run_20260607_CUB-200-2011_EfficientNet-B3,CUB-200-2011,EfficientNet-B3,20260607,54,0.06243,0.11863,85.1169,0.8498,0.6427,0.8179
run_20260607_PlantVillage_ConvNeXt-Tiny,PlantVillage,ConvNeXt-Tiny,20260607,55,0.06139,0.03889,97.9959,0.8834,0.0827,0.8494
run_20260607_PlantDoc_ConvNeXt-Tiny,PlantDoc,ConvNeXt-Tiny,20260607,56,0.06224,0.10894,82.8685,0.8546,0.6768,0.8563
run_20260607_CUB-200-2011_ConvNeXt-Tiny,CUB-200-2011,ConvNeXt-Tiny,20260607,57,0.03933,0.08267,86.6838,0.8594,0.5081,0.8519
run_20260607_PlantVillage_Swin-Tiny,PlantVillage,Swin-Tiny,20260607,58,0.07247,0.05461,97.8824,0.892,0.1505,0.8935
run_20260607_PlantDoc_Swin-Tiny,PlantDoc,Swin-Tiny,20260607,59,0.04925,0.07598,81.3521,0.8605,0.717,0.8405
run_20260607_CUB-200-2011_Swin-Tiny,CUB-200-2011,Swin-Tiny,20260607,60,0.04679,0.08353,87.7353,0.9155,0.5293,0.8536
run_20260607_PlantVillage_ConvNeXtplusARM,PlantVillage,ConvNeXt+ARM,20260607,1,1.67876,1.82145,86.0924,0.7665,0.5808,0.8754
run_20260607_PlantDoc_ConvNeXtplusARM,PlantDoc,ConvNeXt+ARM,20260607,2,1.59508,1.76012,73.0279,0.7488,0.98,0.8551
run_20260607_CUB-200-2011_ConvNeXtplusARM,CUB-200-2011,ConvNeXt+ARM,20260607,3,1.50475,1.66297,77.0107,0.7513,0.965,0.8786
run_20260607_PlantVillage_UAMP-Net,PlantVillage,UAMP-Net,20260607,4,1.3685,1.523,89.1001,0.8318,0.4614,0.8337
run_20260607_PlantDoc_UAMP-Net,PlantDoc,UAMP-Net,20260607,5,1.3103,1.48242,77.2792,0.8072,0.98,0.8093
run_20260607_CUB-200-2011_UAMP-Net,CUB-200-2011,UAMP-Net,20260607,6,1.23276,1.38757,81.4373,0.8249,0.7808,0.8594
run_20260614_PlantVillage_ResNet-50,PlantVillage,ResNet-50,20260614,7,1.13934,1.26611,88.7685,0.756,0.5241,0.8574
run_20260614_PlantDoc_ResNet-50,PlantDoc,ResNet-50,20260614,8,1.09646,1.25927,69.5612,0.7843,0.98,0.8061
run_20260614_CUB-200-2011_ResNet-50,CUB-200-2011,ResNet-50,20260614,9,1.04119,1.14895,76.6725,0.7888,0.98,0.861
run_20260614_PlantVillage_EfficientNet-B3,PlantVillage,EfficientNet-B3,20260614,10,0.97193,1.0231,91.4769,0.7597,0.3089,0.8733
run_20260614_PlantDoc_EfficientNet-B3,PlantDoc,EfficientNet-B3,20260614,11,0.9379,1.02697,73.8424,0.801,0.98,0.8369
run_20260614_CUB-200-2011_EfficientNet-B3,CUB-200-2011,EfficientNet-B3,20260614,12,0.8551,0.97149,80.2737,0.7935,0.803,0.8382
run_20260614_PlantVillage_ConvNeXt-Tiny,PlantVillage,ConvNeXt-Tiny,20260614,13,0.83266,0.87392,93.4242,0.7867,0.3924,0.8522
run_20260614_PlantDoc_ConvNeXt-Tiny,PlantDoc,ConvNeXt-Tiny,20260614,14,0.7403,0.84983,77.4479,0.7796,0.856,0.8513
run_20260614_CUB-200-2011_ConvNeXt-Tiny,CUB-200-2011,ConvNeXt-Tiny,20260614,15,0.71388,0.78454,82.8222,0.7557,0.6912,0.8467
run_20260614_PlantVillage_Swin-Tiny,PlantVillage,Swin-Tiny,20260614,16,0.66175,0.71224,94.2732,0.7748,0.1933,0.8559
run_20260614_PlantDoc_Swin-Tiny,PlantDoc,Swin-Tiny,20260614,17,0.6461,0.71963,78.064,0.8019,0.9087,0.8412
run_20260614_CUB-200-2011_Swin-Tiny,CUB-200-2011,Swin-Tiny,20260614,18,0.5568,0.65366,83.4452,0.774,0.616,0.8249
run_20260614_PlantVillage_ConvNeXtplusARM,PlantVillage,ConvNeXt+ARM,20260614,19,0.57586,0.59875,95.6259,0.7793,0.0958,0.8531
run_20260614_PlantDoc_ConvNeXtplusARM,PlantDoc,ConvNeXt+ARM,20260614,20,0.49613,0.58338,81.6859,0.8142,0.6888,0.8425
run_20260614_CUB-200-2011_ConvNeXtplusARM,CUB-200-2011,ConvNeXt+ARM,20260614,21,0.49335,0.56305,85.3268,0.8086,0.6342,0.8699
run_20260614_PlantVillage_UAMP-Net,PlantVillage,UAMP-Net,20260614,22,0.48046,0.46401,96.4631,0.8364,0.1347,0.8254
run_20260614_PlantDoc_UAMP-Net,PlantDoc,UAMP-Net,20260614,23,0.4195,0.47223,84.8096,0.9129,0.6079,0.8341
run_20260614_CUB-200-2011_UAMP-Net,CUB-200-2011,UAMP-Net,20260614,24,0.40957,0.45126,88.0589,0.8613,0.5619,0.8422
run_20260601_PlantVillage_ResNet-50,PlantVillage,ResNet-50,20260601,25,0.39994,0.39929,94.8302,0.8105,0.2804,0.865
run_20260601_PlantDoc_ResNet-50,PlantDoc,ResNet-50,20260601,26,0.39105,0.45327,74.6571,0.8254,0.98,0.8355
run_20260601_CUB-200-2011_ResNet-50,CUB-200-2011,ResNet-50,20260601,27,0.33347,0.41031,81.6351,0.806,0.702,0.8432
run_20260601_PlantVillage_EfficientNet-B3,PlantVillage,EfficientNet-B3,20260601,28,0.31975,0.36185,95.9991,0.8017,0.1296,0.8889
run_20260601_PlantDoc_EfficientNet-B3,PlantDoc,EfficientNet-B3,20260601,29,0.31151,0.3794,78.6391,0.8231,0.936,0.8685
run_20260601_CUB-200-2011_EfficientNet-B3,CUB-200-2011,EfficientNet-B3,20260601,30,0.26637,0.36778,84.1707,0.8187,0.6471,0.8557
run_20260601_PlantVillage_ConvNeXt-Tiny,PlantVillage,ConvNeXt-Tiny,20260601,31,0.27907,0.26998,97.1225,0.8378,0.0754,0.838
run_20260601_PlantDoc_ConvNeXt-Tiny,PlantDoc,ConvNeXt-Tiny,20260601,32,0.25694,0.31845,80.6261,0.7962,0.7758,0.8517
run_20260601_CUB-200-2011_ConvNeXt-Tiny,CUB-200-2011,ConvNeXt-Tiny,20260601,33,0.23249,0.26915,86.1976,0.8273,0.5756,0.8442
run_20260601_PlantVillage_Swin-Tiny,PlantVillage,Swin-Tiny,20260601,34,0.21991,0.21345,97.1244,0.8008,0.1347,0.8465
run_20260601_PlantDoc_Swin-Tiny,PlantDoc,Swin-Tiny,20260601,35,0.21023,0.30032,81.4325,0.8325,0.7139,0.8553
run_20260601_CUB-200-2011_Swin-Tiny,CUB-200-2011,Swin-Tiny,20260601,36,0.19178,0.24186,86.5979,0.807,0.5576,0.8104
run_20260601_PlantVillage_ConvNeXtplusARM,PlantVillage,ConvNeXt+ARM,20260601,37,0.1695,0.15625,97.5244,0.8469,0.1271,0.8774
run_20260601_PlantDoc_ConvNeXtplusARM,PlantDoc,ConvNeXt+ARM,20260601,38,0.14739,0.22259,82.7474,0.8526,0.7443,0.8345
run_20260601_CUB-200-2011_ConvNeXtplusARM,CUB-200-2011,ConvNeXt+ARM,20260601,39,0.14672,0.20305,87.7957,0.8637,0.4824,0.8492
run_20260601_PlantVillage_UAMP-Net,PlantVillage,UAMP-Net,20260601,40,0.16389,0.15265,98.5913,0.8712,0.0663,0.8505
run_20260601_PlantDoc_UAMP-Net,PlantDoc,UAMP-Net,20260601,41,0.14936,0.17942,86.196,0.8881,0.5542,0.8867
run_20260601_CUB-200-2011_UAMP-Net,CUB-200-2011,UAMP-Net,20260601,42,0.11155,0.15361,89.1207,0.861,0.5,0.8342
run_20260607_PlantVillage_ResNet-50,PlantVillage,ResNet-50,20260607,43,0.1401,0.15202,96.0353,0.8512,0.2112,0.815
run_20260607_PlantDoc_ResNet-50,PlantDoc,ResNet-50,20260607,44,0.12341,0.2001,76.5544,0.8483,0.9768,0.8456
run_20260607_CUB-200-2011_ResNet-50,CUB-200-2011,ResNet-50,20260607,45,0.12371,0.11618,83.0194,0.8618,0.7585,0.8798
run_20260607_PlantVillage_EfficientNet-B3,PlantVillage,EfficientNet-B3,20260607,46,0.09606,0.09086,97.0895,0.8424,0.0848,0.8276
run_20260607_PlantDoc_EfficientNet-B3,PlantDoc,EfficientNet-B3,20260607,47,0.08483,0.16251,80.5931,0.8277,0.7511,0.8261
run_20260607_CUB-200-2011_EfficientNet-B3,CUB-200-2011,EfficientNet-B3,20260607,48,0.08586,0.12224,84.6436,0.8405,0.5806,0.8918
run_20260607_PlantVillage_ConvNeXt-Tiny,PlantVillage,ConvNeXt-Tiny,20260607,49,0.08514,0.0578,97.9052,0.8332,0.1157,0.8535
run_20260607_PlantDoc_ConvNeXt-Tiny,PlantDoc,ConvNeXt-Tiny,20260607,50,0.08379,0.15634,82.3676,0.9112,0.7621,0.8779
run_20260607_CUB-200-2011_ConvNeXt-Tiny,CUB-200-2011,ConvNeXt-Tiny,20260607,51,0.03951,0.09922,86.4553,0.8491,0.5605,0.8643
run_20260607_PlantVillage_Swin-Tiny,PlantVillage,Swin-Tiny,20260607,52,0.09111,0.07793,97.8346,0.8581,0.1433,0.8263
run_20260607_PlantDoc_Swin-Tiny,PlantDoc,Swin-Tiny,20260607,53,0.05051,0.11439,82.3132,0.837,0.6856,0.8375
run_20260607_CUB-200-2011_Swin-Tiny,CUB-200-2011,Swin-Tiny,20260607,54,0.06285,0.12705,87.2116,0.854,0.4037,0.8398
run_20260607_PlantVillage_ConvNeXtplusARM,PlantVillage,ConvNeXt+ARM,20260607,55,0.06602,0.05489,98.5289,0.892,0.088,0.8412
run_20260607_PlantDoc_ConvNeXtplusARM,PlantDoc,ConvNeXt+ARM,20260607,56,0.07704,0.11119,84.4713,0.8253,0.6474,0.8188
run_20260607_CUB-200-2011_ConvNeXtplusARM,CUB-200-2011,ConvNeXt+ARM,20260607,57,0.05468,0.07349,88.153,0.8767,0.4717,0.8409
run_20260607_PlantVillage_UAMP-Net,PlantVillage,UAMP-Net,20260607,58,0.02677,0.05779,98.9273,0.9284,0.0742,0.8264
run_20260607_PlantDoc_UAMP-Net,PlantDoc,UAMP-Net,20260607,59,0.05659,0.09023,87.3653,0.9201,0.5225,0.8321
run_20260607_CUB-200-2011_UAMP-Net,CUB-200-2011,UAMP-Net,20260607,60,0.06191,0.08647,89.747,0.9347,0.4492,0.8573
run_20260614_PlantVillage_ResNet-50,PlantVillage,ResNet-50,20260614,1,1.66616,1.80414,84.1307,0.7747,0.6909,0.8573
run_20260614_PlantDoc_ResNet-50,PlantDoc,ResNet-50,20260614,2,1.57883,1.80371,64.1616,0.7519,0.98,0.8508
run_20260614_CUB-200-2011_ResNet-50,CUB-200-2011,ResNet-50,20260614,3,1.50068,1.68448,71.5752,0.7657,0.98,0.8701
run_20260614_PlantVillage_EfficientNet-B3,PlantVillage,EfficientNet-B3,20260614,4,1.39682,1.51865,87.5233,0.7969,0.573,0.8388
run_20260614_PlantDoc_EfficientNet-B3,PlantDoc,EfficientNet-B3,20260614,5,1.31279,1.47568,70.5107,0.805,0.98,0.8681
run_20260614_CUB-200-2011_EfficientNet-B3,CUB-200-2011,EfficientNet-B3,20260614,6,1.24247,1.37928,76.4434,0.7419,0.98,0.8061
run_20260614_PlantVillage_ConvNeXt-Tiny,PlantVillage,ConvNeXt-Tiny,20260614,7,1.1567,1.23405,90.0052,0.7381,0.4351,0.8393
run_20260614_PlantDoc_ConvNeXt-Tiny,PlantDoc,ConvNeXt-Tiny,20260614,8,1.07641,1.23069,75.6531,0.7719,0.969,0.854
run_20260614_CUB-200-2011_ConvNeXt-Tiny,CUB-200-2011,ConvNeXt-Tiny,20260614,9,1.0113,1.15765,80.8574,0.7921,0.7976,0.8296
run_20260614_PlantVillage_Swin-Tiny,PlantVillage,Swin-Tiny,20260614,10,0.94755,1.04458,91.8968,0.7694,0.3229,0.8515
run_20260614_PlantDoc_Swin-Tiny,PlantDoc,Swin-Tiny,20260614,11,0.89452,1.04399,76.4145,0.7771,0.98,0.8405
run_20260614_CUB-200-2011_Swin-Tiny,CUB-200-2011,Swin-Tiny,20260614,12,0.835,0.92573,82.2786,0.7956,0.7528,0.8793
run_20260614_PlantVillage_ConvNeXtplusARM,PlantVillage,ConvNeXt+ARM,20260614,13,0.79637,0.82443,93.3686,0.7613,0.2722,0.869
run_20260614_PlantDoc_ConvNeXtplusARM,PlantDoc,ConvNeXt+ARM,20260614,14,0.7224,0.83829,80.0444,0.7894,0.8169,0.8737
run_20260614_CUB-200-2011_ConvNeXtplusARM,CUB-200-2011,ConvNeXt+ARM,20260614,15,0.68367,0.7836,83.2573,0.7629,0.6669,0.7966
run_20260614_PlantVillage_UAMP-Net,PlantVillage,UAMP-Net,20260614,16,0.68628,0.7366,95.0339,0.8364,0.2151,0.8304
run_20260614_PlantDoc_UAMP-Net,PlantDoc,UAMP-Net,20260614,17,0.64437,0.69497,83.1752,0.8147,0.6029,0.8243
run_20260614_CUB-200-2011_UAMP-Net,CUB-200-2011,UAMP-Net,20260614,18,0.57357,0.67415,85.6785,0.8539,0.6719,0.8494
run_20260601_PlantVillage_ResNet-50,PlantVillage,ResNet-50,20260601,19,0.5345,0.5825,93.2566,0.767,0.3238,0.8645
run_20260601_PlantDoc_ResNet-50,PlantDoc,ResNet-50,20260601,20,0.51296,0.6225,73.7251,0.8003,0.98,0.8212
run_20260601_CUB-200-2011_ResNet-50,CUB-200-2011,ResNet-50,20260601,21,0.47969,0.55635,79.7327,0.8258,0.8296,0.8472
run_20260601_PlantVillage_EfficientNet-B3,PlantVillage,EfficientNet-B3,20260601,22,0.43732,0.4974,95.2324,0.8216,0.1935,0.8567
run_20260601_PlantDoc_EfficientNet-B3,PlantDoc,EfficientNet-B3,20260601,23,0.41945,0.52924,78.1823,0.8082,0.7797,0.8419
run_20260601_CUB-200-2011_EfficientNet-B3,CUB-200-2011,EfficientNet-B3,20260601,24,0.41546,0.4509,82.9107,0.8047,0.7109,0.8383
run_20260601_PlantVillage_ConvNeXt-Tiny,PlantVillage,ConvNeXt-Tiny,20260601,25,0.36218,0.40436,96.2576,0.8214,0.1928,0.8746
run_20260601_PlantDoc_ConvNeXt-Tiny,PlantDoc,ConvNeXt-Tiny,20260601,26,0.34533,0.43879,80.6385,0.7959,0.8133,0.8611
run_20260601_CUB-200-2011_ConvNeXt-Tiny,CUB-200-2011,ConvNeXt-Tiny,20260601,27,0.3521,0.3733,85.1257,0.8258,0.6286,0.8457
run_20260601_PlantVillage_Swin-Tiny,PlantVillage,Swin-Tiny,20260601,28,0.31,0.30969,96.4535,0.8089,0.1688,0.8351
run_20260601_PlantDoc_Swin-Tiny,PlantDoc,Swin-Tiny,20260601,29,0.31427,0.35616,80.2104,0.8336,0.8915,0.8853
run_20260601_CUB-200-2011_Swin-Tiny,CUB-200-2011,Swin-Tiny,20260601,30,0.26971,0.33811,85.8519,0.8093,0.5782,0.8587
run_20260601_PlantVillage_ConvNeXtplusARM,PlantVillage,ConvNeXt+ARM,20260601,31,0.2543,0.26002,97.2892,0.8237,0.1202,0.861
run_20260601_PlantDoc_ConvNeXtplusARM,PlantDoc,ConvNeXt+ARM,20260601,32,0.23933,0.26973,83.2015,0.7639,0.6363,0.8575
run_20260601_CUB-200-2011_ConvNeXtplusARM,CUB-200-2011,ConvNeXt+ARM,20260601,33,0.22615,0.29755,86.9924,0.8391,0.553,0.896
run_20260601_PlantVillage_UAMP-Net,PlantVillage,UAMP-Net,20260601,34,0.21371,0.21732,98.0579,0.9021,0.02,0.842
run_20260601_PlantDoc_UAMP-Net,PlantDoc,UAMP-Net,20260601,35,0.20534,0.24969,86.6743,0.8944,0.5608,0.8436
run_20260601_CUB-200-2011_UAMP-Net,CUB-200-2011,UAMP-Net,20260601,36,0.1995,0.21707,88.5601,0.8814,0.4326,0.8606
run_20260607_PlantVillage_ResNet-50,PlantVillage,ResNet-50,20260607,37,0.16672,0.17064,96.0428,0.7977,0.1125,0.8278
run_20260607_PlantDoc_ResNet-50,PlantDoc,ResNet-50,20260607,38,0.17798,0.24128,74.8136,0.8282,0.98,0.8384
run_20260607_CUB-200-2011_ResNet-50,CUB-200-2011,ResNet-50,20260607,39,0.1579,0.22446,82.217,0.8321,0.6822,0.8044
run_20260607_PlantVillage_EfficientNet-B3,PlantVillage,EfficientNet-B3,20260607,40,0.14659,0.14871,96.701,0.8225,0.1005,0.8419
run_20260607_PlantDoc_EfficientNet-B3,PlantDoc,EfficientNet-B3,20260607,41,0.16214,0.20266,79.6421,0.8251,0.8574,0.8188
run_20260607_CUB-200-2011_EfficientNet-B3,CUB-200-2011,EfficientNet-B3,20260607,42,0.15663,0.17544,84.7301,0.8167,0.6725,0.8309
run_20260607_PlantVillage_ConvNeXt-Tiny,PlantVillage,ConvNeXt-Tiny,20260607,43,0.10614,0.09914,97.9127,0.8391,0.0979,0.8396
run_20260607_PlantDoc_ConvNeXt-Tiny,PlantDoc,ConvNeXt-Tiny,20260607,44,0.10989,0.20736,81.6181,0.8117,0.8001,0.8256
run_20260607_CUB-200-2011_ConvNeXt-Tiny,CUB-200-2011,ConvNeXt-Tiny,20260607,45,0.08279,0.16368,87.3043,0.8014,0.5233,0.8224
run_20260607_PlantVillage_Swin-Tiny,PlantVillage,Swin-Tiny,20260607,46,0.10724,0.09632,97.939,0.8611,0.0984,0.8597
run_20260607_PlantDoc_Swin-Tiny,PlantDoc,Swin-Tiny,20260607,47,0.08478,0.18055,82.0883,0.8515,0.734,0.8167
run_20260607_CUB-200-2011_Swin-Tiny,CUB-200-2011,Swin-Tiny,20260607,48,0.09595,0.14993,86.7953,0.8145,0.4915,0.8419
run_20260607_PlantVillage_ConvNeXtplusARM,PlantVillage,ConvNeXt+ARM,20260607,49,0.07408,0.08864,98.1736,0.8497,0.0736,0.8361
run_20260607_PlantDoc_ConvNeXtplusARM,PlantDoc,ConvNeXt+ARM,20260607,50,0.08207,0.11465,83.9063,0.8857,0.6113,0.8368
run_20260607_CUB-200-2011_ConvNeXtplusARM,CUB-200-2011,ConvNeXt+ARM,20260607,51,0.07167,0.12818,87.8617,0.8589,0.5523,0.8741
run_20260607_PlantVillage_UAMP-Net,PlantVillage,UAMP-Net,20260607,52,0.06195,0.08126,98.7041,0.8814,0.0884,0.8582
run_20260607_PlantDoc_UAMP-Net,PlantDoc,UAMP-Net,20260607,53,0.07483,0.1045,86.5929,0.9354,0.4536,0.8457
run_20260607_CUB-200-2011_UAMP-Net,CUB-200-2011,UAMP-Net,20260607,54,0.05576,0.09639,89.1227,0.9096,0.5458,0.8611
run_20260614_PlantVillage_ResNet-50,PlantVillage,ResNet-50,20260614,55,0.06046,0.0849,96.4825,0.8908,0.1121,0.8801
run_20260614_PlantDoc_ResNet-50,PlantDoc,ResNet-50,20260614,56,0.06976,0.1405,76.619,0.8851,0.9554,0.792
run_20260614_CUB-200-2011_ResNet-50,CUB-200-2011,ResNet-50,20260614,57,0.04463,0.1235,82.1883,0.9004,0.699,0.8557
run_20260614_PlantVillage_EfficientNet-B3,PlantVillage,EfficientNet-B3,20260614,58,0.06708,0.04313,97.3443,0.8368,0.0951,0.839
run_20260614_PlantDoc_EfficientNet-B3,PlantDoc,EfficientNet-B3,20260614,59,0.05781,0.14961,80.0335,0.8676,0.791,0.8477
run_20260614_CUB-200-2011_EfficientNet-B3,CUB-200-2011,EfficientNet-B3,20260614,60,0.06524,0.09554,85.3287,0.8796,0.5381,0.8813
run_20260614_PlantVillage_ConvNeXt-Tiny,PlantVillage,ConvNeXt-Tiny,20260614,1,1.70933,1.84924,85.5495,0.6985,0.593,0.8484
run_20260614_PlantDoc_ConvNeXt-Tiny,PlantDoc,ConvNeXt-Tiny,20260614,2,1.58792,1.77045,71.0303,0.7354,0.98,0.8381
run_20260614_CUB-200-2011_ConvNeXt-Tiny,CUB-200-2011,ConvNeXt-Tiny,20260614,3,1.47559,1.66985,75.0594,0.7431,0.98,0.8663
run_20260614_PlantVillage_Swin-Tiny,PlantVillage,Swin-Tiny,20260614,4,1.39733,1.51463,88.1484,0.7758,0.4714,0.8475
run_20260614_PlantDoc_Swin-Tiny,PlantDoc,Swin-Tiny,20260614,5,1.31186,1.47348,72.9661,0.7708,0.98,0.821
run_20260614_CUB-200-2011_Swin-Tiny,CUB-200-2011,Swin-Tiny,20260614,6,1.25313,1.38551,79.0601,0.7205,0.888,0.8333
run_20260614_PlantVillage_ConvNeXtplusARM,PlantVillage,ConvNeXt+ARM,20260614,7,1.13128,1.25334,90.7373,0.7761,0.3947,0.8073
run_20260614_PlantDoc_ConvNeXtplusARM,PlantDoc,ConvNeXt+ARM,20260614,8,1.0712,1.20596,77.3541,0.746,0.9418,0.8804
run_20260614_CUB-200-2011_ConvNeXtplusARM,CUB-200-2011,ConvNeXt+ARM,20260614,9,1.00186,1.12271,81.1892,0.7758,0.7605,0.843
run_20260614_PlantVillage_UAMP-Net,PlantVillage,UAMP-Net,20260614,10,0.95932,1.01308,92.5575,0.8295,0.3141,0.8251
run_20260614_PlantDoc_UAMP-Net,PlantDoc,UAMP-Net,20260614,11,0.88824,0.98767,81.1622,0.8174,0.808,0.8048
run_20260614_CUB-200-2011_UAMP-Net,CUB-200-2011,UAMP-Net,20260614,12,0.86234,0.94027,84.0446,0.8415,0.5957,0.8354
run_20260601_PlantVillage_ResNet-50,PlantVillage,ResNet-50,20260601,13,0.83916,0.84465,91.7149,0.7618,0.2647,0.8176
run_20260601_PlantDoc_ResNet-50,PlantDoc,ResNet-50,20260601,14,0.75715,0.85705,72.1993,0.7537,0.98,0.8283
run_20260601_CUB-200-2011_ResNet-50,CUB-200-2011,ResNet-50,20260601,15,0.73223,0.8023,78.2592,0.8152,0.9295,0.891
run_20260601_PlantVillage_EfficientNet-B3,PlantVillage,EfficientNet-B3,20260601,16,0.64143,0.73025,93.6073,0.7439,0.248,0.889
run_20260601_PlantDoc_EfficientNet-B3,PlantDoc,EfficientNet-B3,20260601,17,0.61184,0.70388,76.2292,0.7896,0.98,0.8722
run_20260601_CUB-200-2011_EfficientNet-B3,CUB-200-2011,EfficientNet-B3,20260601,18,0.58165,0.64637,82.2325,0.786,0.7647,0.841
run_20260601_PlantVillage_ConvNeXt-Tiny,PlantVillage,ConvNeXt-Tiny,20260601,19,0.52591,0.55358,95.0761,0.7957,0.2461,0.8541
run_20260601_PlantDoc_ConvNeXt-Tiny,PlantDoc,ConvNeXt-Tiny,20260601,20,0.53766,0.59754,78.7765,0.772,0.8946,0.9036
run_20260601_CUB-200-2011_ConvNeXt-Tiny,CUB-200-2011,ConvNeXt-Tiny,20260601,21,0.47531,0.55652,84.2186,0.7847,0.5788,0.8546
run_20260601_PlantVillage_Swin-Tiny,PlantVillage,Swin-Tiny,20260601,22,0.469,0.46277,95.6932,0.7758,0.1523,0.8743
run_20260601_PlantDoc_Swin-Tiny,PlantDoc,Swin-Tiny,20260601,23,0.41217,0.52215,79.5332,0.7792,0.8368,0.844
run_20260601_CUB-200-2011_Swin-Tiny,CUB-200-2011,Swin-Tiny,20260601,24,0.38943,0.48251,85.6833,0.805,0.6409,0.8118
run_20260601_PlantVillage_ConvNeXtplusARM,PlantVillage,ConvNeXt+ARM,20260601,25,0.37794,0.41855,96.4538,0.8314,0.0856,0.9089
run_20260601_PlantDoc_ConvNeXtplusARM,PlantDoc,ConvNeXt+ARM,20260601,26,0.32746,0.40889,82.3671,0.799,0.75,0.8776
run_20260601_CUB-200-2011_ConvNeXtplusARM,CUB-200-2011,ConvNeXt+ARM,20260601,27,0.33329,0.40429,86.0383,0.77,0.5956,0.8152
run_20260601_PlantVillage_UAMP-Net,PlantVillage,UAMP-Net,20260601,28,0.31533,0.34755,97.4696,0.8585,0.2062,0.8287
run_20260601_PlantDoc_UAMP-Net,PlantDoc,UAMP-Net,20260601,29,0.2791,0.34479,86.3421,0.8535,0.5682,0.8692
run_20260601_CUB-200-2011_UAMP-Net,CUB-200-2011,UAMP-Net,20260601,30,0.26821,0.28837,87.5975,0.8592,0.4626,0.8312
run_20260607_PlantVillage_ResNet-50,PlantVillage,ResNet-50,20260607,31,0.26554,0.2791,95.3385,0.795,0.1642,0.837
run_20260607_PlantDoc_ResNet-50,PlantDoc,ResNet-50,20260607,32,0.25568,0.35099,75.8084,0.826,0.98,0.8841
run_20260607_CUB-200-2011_ResNet-50,CUB-200-2011,ResNet-50,20260607,33,0.23512,0.32329,81.8361,0.8273,0.7324,0.8424
run_20260607_PlantVillage_EfficientNet-B3,PlantVillage,EfficientNet-B3,20260607,34,0.19445,0.26443,96.2766,0.8173,0.1481,0.8349
run_20260607_PlantDoc_EfficientNet-B3,PlantDoc,EfficientNet-B3,20260607,35,0.20774,0.27925,79.722,0.8329,0.9051,0.8666
run_20260607_CUB-200-2011_EfficientNet-B3,CUB-200-2011,EfficientNet-B3,20260607,36,0.21528,0.25705,84.1917,0.8062,0.6621,0.8481
run_20260607_PlantVillage_ConvNeXt-Tiny,PlantVillage,ConvNeXt-Tiny,20260607,37,0.17955,0.1893,97.5773,0.8454,0.0626,0.8457
run_20260607_PlantDoc_ConvNeXt-Tiny,PlantDoc,ConvNeXt-Tiny,20260607,38,0.15267,0.2264,81.4423,0.7848,0.7697,0.8404
run_20260607_CUB-200-2011_ConvNeXt-Tiny,CUB-200-2011,ConvNeXt-Tiny,20260607,39,0.17091,0.21633,86.8068,0.8113,0.6213,0.8634
run_20260607_PlantVillage_Swin-Tiny,PlantVillage,Swin-Tiny,20260607,40,0.15307,0.14155,97.1103,0.812,0.1632,0.876
run_20260607_PlantDoc_Swin-Tiny,PlantDoc,Swin-Tiny,20260607,41,0.16266,0.23463,80.9049,0.8239,0.8472,0.8251
run_20260607_CUB-200-2011_Swin-Tiny,CUB-200-2011,Swin-Tiny,20260607,42,0.11948,0.17708,87.0156,0.8469,0.6311,0.8467
run_20260607_PlantVillage_ConvNeXtplusARM,PlantVillage,ConvNeXt+ARM,20260607,43,0.13516,0.14474,98.2274,0.8367,0.1006,0.8486
run_20260607_PlantDoc_ConvNeXtplusARM,PlantDoc,ConvNeXt+ARM,20260607,44,0.10817,0.16028,83.9118,0.8162,0.6924,0.8646
run_20260607_CUB-200-2011_ConvNeXtplusARM,CUB-200-2011,ConvNeXt+ARM,20260607,45,0.10136,0.165,87.836,0.8751,0.5221,0.8962
run_20260607_PlantVillage_UAMP-Net,PlantVillage,UAMP-Net,20260607,46,0.12277,0.08529,98.7207,0.918,0.02,0.844
run_20260607_PlantDoc_UAMP-Net,PlantDoc,UAMP-Net,20260607,47,0.10041,0.14045,86.2819,0.8747,0.6876,0.8401
run_20260607_CUB-200-2011_UAMP-Net,CUB-200-2011,UAMP-Net,20260607,48,0.10189,0.11552,89.5428,0.8785,0.3995,0.8533
run_20260614_PlantVillage_ResNet-50,PlantVillage,ResNet-50,20260614,49,0.07404,0.12738,96.5357,0.8749,0.2296,0.8202
run_20260614_PlantDoc_ResNet-50,PlantDoc,ResNet-50,20260614,50,0.11076,0.15024,75.7182,0.8661,0.9745,0.878
run_20260614_CUB-200-2011_ResNet-50,CUB-200-2011,ResNet-50,20260614,51,0.07166,0.12857,82.9109,0.8735,0.826,0.8064
run_20260614_PlantVillage_EfficientNet-B3,PlantVillage,EfficientNet-B3,20260614,52,0.09785,0.10136,97.1889,0.8395,0.1616,0.8478
run_20260614_PlantDoc_EfficientNet-B3,PlantDoc,EfficientNet-B3,20260614,53,0.06987,0.14631,79.8916,0.8388,0.8621,0.8509
run_20260614_CUB-200-2011_EfficientNet-B3,CUB-200-2011,EfficientNet-B3,20260614,54,0.07083,0.14205,85.6249,0.8746,0.5994,0.8472
run_20260614_PlantVillage_ConvNeXt-Tiny,PlantVillage,ConvNeXt-Tiny,20260614,55,0.04944,0.05025,97.9615,0.862,0.1277,0.8518
run_20260614_PlantDoc_ConvNeXt-Tiny,PlantDoc,ConvNeXt-Tiny,20260614,56,0.05085,0.15919,81.3644,0.8784,0.7854,0.865
run_20260614_CUB-200-2011_ConvNeXt-Tiny,CUB-200-2011,ConvNeXt-Tiny,20260614,57,0.06217,0.09163,86.1411,0.8594,0.644,0.8608
run_20260614_PlantVillage_Swin-Tiny,PlantVillage,Swin-Tiny,20260614,58,0.02482,0.03525,97.5408,0.8621,0.0764,0.8517
run_20260614_PlantDoc_Swin-Tiny,PlantDoc,Swin-Tiny,20260614,59,0.04577,0.11892,81.8891,0.8651,0.7393,0.8523
run_20260614_CUB-200-2011_Swin-Tiny,CUB-200-2011,Swin-Tiny,20260614,60,0.05773,0.05902,87.8499,0.8573,0.4952,0.8549
run_20260614_PlantVillage_ConvNeXtplusARM,PlantVillage,ConvNeXt+ARM,20260614,1,1.71203,1.85264,86.1085,0.6979,0.5576,0.8451
run_20260614_PlantDoc_ConvNeXtplusARM,PlantDoc,ConvNeXt+ARM,20260614,2,1.59746,1.74146,72.2138,0.7457,0.98,0.9045
run_20260614_CUB-200-2011_ConvNeXtplusARM,CUB-200-2011,ConvNeXt+ARM,20260614,3,1.49251,1.63744,77.3811,0.7492,0.9188,0.8304
run_20260614_PlantVillage_UAMP-Net,PlantVillage,UAMP-Net,20260614,4,1.4017,1.51874,89.0562,0.8382,0.5032,0.8266
run_20260614_PlantDoc_UAMP-Net,PlantDoc,UAMP-Net,20260614,5,1.34472,1.49347,78.1757,0.8452,0.9632,0.8605
run_20260614_CUB-200-2011_UAMP-Net,CUB-200-2011,UAMP-Net,20260614,6,1.26206,1.33023,81.0918,0.8192,0.7396,0.8736
run_20260601_PlantVillage_ResNet-50,PlantVillage,ResNet-50,20260601,7,1.16562,1.21799,88.6327,0.7577,0.5034,0.8296
run_20260601_PlantDoc_ResNet-50,PlantDoc,ResNet-50,20260601,8,1.10463,1.23266,68.9566,0.767,0.98,0.8541
run_20260601_CUB-200-2011_ResNet-50,CUB-200-2011,ResNet-50,20260601,9,1.02455,1.13299,75.5356,0.751,0.98,0.8471
run_20260601_PlantVillage_EfficientNet-B3,PlantVillage,EfficientNet-B3,20260601,10,0.96657,1.02118,91.4403,0.7586,0.3952,0.83
run_20260601_PlantDoc_EfficientNet-B3,PlantDoc,EfficientNet-B3,20260601,11,0.89368,1.03544,74.3423,0.7485,0.98,0.8569
run_20260601_CUB-200-2011_EfficientNet-B3,CUB-200-2011,EfficientNet-B3,20260601,12,0.83236,0.96862,79.6058,0.7855,0.8478,0.8292
run_20260601_PlantVillage_ConvNeXt-Tiny,PlantVillage,ConvNeXt-Tiny,20260601,13,0.82184,0.85069,93.1231,0.8009,0.2829,0.8427
run_20260601_PlantDoc_ConvNeXt-Tiny,PlantDoc,ConvNeXt-Tiny,20260601,14,0.74914,0.84645,77.9448,0.8077,0.9152,0.8523
run_20260601_CUB-200-2011_ConvNeXt-Tiny,CUB-200-2011,ConvNeXt-Tiny,20260601,15,0.69501,0.75825,82.938,0.781,0.7436,0.8783
run_20260601_PlantVillage_Swin-Tiny,PlantVillage,Swin-Tiny,20260601,16,0.65814,0.69534,93.8557,0.7651,0.233,0.8625
run_20260601_PlantDoc_Swin-Tiny,PlantDoc,Swin-Tiny,20260601,17,0.62545,0.69516,77.7699,0.7688,0.8328,0.8743
run_20260601_CUB-200-2011_Swin-Tiny,CUB-200-2011,Swin-Tiny,20260601,18,0.59129,0.66464,84.275,0.7876,0.6373,0.8521
run_20260601_PlantVillage_ConvNeXtplusARM,PlantVillage,ConvNeXt+ARM,20260601,19,0.57163,0.56894,95.6576,0.7817,0.1246,0.8464
run_20260601_PlantDoc_ConvNeXtplusARM,PlantDoc,ConvNeXt+ARM,20260601,20,0.51856,0.59651,81.5078,0.7714,0.8017,0.8599
run_20260601_CUB-200-2011_ConvNeXtplusARM,CUB-200-2011,ConvNeXt+ARM,20260601,21,0.45688,0.5427,85.4433,0.8111,0.6488,0.8584
run_20260601_PlantVillage_UAMP-Net,PlantVillage,UAMP-Net,20260601,22,0.43068,0.47568,96.4701,0.8564,0.0698,0.8552
run_20260601_PlantDoc_UAMP-Net,PlantDoc,UAMP-Net,20260601,23,0.42579,0.4887,84.4167,0.8326,0.6453,0.8418
run_20260601_CUB-200-2011_UAMP-Net,CUB-200-2011,UAMP-Net,20260601,24,0.38099,0.46455,87.527,0.8184,0.5164,0.8561
run_20260607_PlantVillage_ResNet-50,PlantVillage,ResNet-50,20260607,25,0.37614,0.41124,94.5506,0.8047,0.2933,0.8725
run_20260607_PlantDoc_ResNet-50,PlantDoc,ResNet-50,20260607,26,0.3597,0.4654,75.0132,0.7959,0.98,0.8738
run_20260607_CUB-200-2011_ResNet-50,CUB-200-2011,ResNet-50,20260607,27,0.31988,0.43575,81.0799,0.815,0.8319,0.8434
run_20260607_PlantVillage_EfficientNet-B3,PlantVillage,EfficientNet-B3,20260607,28,0.31293,0.33325,95.7464,0.7823,0.1966,0.8486
run_20260607_PlantDoc_EfficientNet-B3,PlantDoc,EfficientNet-B3,20260607,29,0.31672,0.37207,78.9766,0.8276,0.8869,0.8524
run_20260607_CUB-200-2011_EfficientNet-B3,CUB-200-2011,EfficientNet-B3,20260607,30,0.26073,0.31959,83.9954,0.7854,0.6669,0.8435
run_20260607_PlantVillage_ConvNeXt-Tiny,PlantVillage,ConvNeXt-Tiny,20260607,31,0.26862,0.28128,96.8497,0.8211,0.0518,0.8531
run_20260607_PlantDoc_ConvNeXt-Tiny,PlantDoc,ConvNeXt-Tiny,20260607,32,0.24643,0.33188,80.7328,0.7995,0.8243,0.8557
run_20260607_CUB-200-2011_ConvNeXt-Tiny,CUB-200-2011,ConvNeXt-Tiny,20260607,33,0.2296,0.28089,85.5686,0.8489,0.5941,0.856
run_20260607_PlantVillage_Swin-Tiny,PlantVillage,Swin-Tiny,20260607,34,0.20654,0.23323,97.2197,0.8119,0.0925,0.8647
run_20260607_PlantDoc_Swin-Tiny,PlantDoc,Swin-Tiny,20260607,35,0.20392,0.28082,80.0708,0.7891,0.7938,0.8648
run_20260607_CUB-200-2011_Swin-Tiny,CUB-200-2011,Swin-Tiny,20260607,36,0.15806,0.25361,87.2093,0.8167,0.4765,0.8459
run_20260607_PlantVillage_ConvNeXtplusARM,PlantVillage,ConvNeXt+ARM,20260607,37,0.1526,0.21728,97.6631,0.805,0.02,0.8449
run_20260607_PlantDoc_ConvNeXtplusARM,PlantDoc,ConvNeXt+ARM,20260607,38,0.14797,0.19609,83.2385,0.8328,0.8336,0.8465
run_20260607_CUB-200-2011_ConvNeXtplusARM,CUB-200-2011,ConvNeXt+ARM,20260607,39,0.1448,0.2061,87.437,0.8046,0.481,0.8813
run_20260607_PlantVillage_UAMP-Net,PlantVillage,UAMP-Net,20260607,40,0.15195,0.14009,98.1899,0.8828,0.02,0.8524
run_20260607_PlantDoc_UAMP-Net,PlantDoc,UAMP-Net,20260607,41,0.15142,0.1466,86.6446,0.9133,0.5949,0.8449
run_20260607_CUB-200-2011_UAMP-Net,CUB-200-2011,UAMP-Net,20260607,42,0.15299,0.17643,89.2433,0.9195,0.4657,0.874
run_20260614_PlantVillage_ResNet-50,PlantVillage,ResNet-50,20260614,43,0.11591,0.11668,96.2027,0.7912,0.1268,0.8297
run_20260614_PlantDoc_ResNet-50,PlantDoc,ResNet-50,20260614,44,0.12135,0.19564,76.3525,0.8437,0.9435,0.8515
run_20260614_CUB-200-2011_ResNet-50,CUB-200-2011,ResNet-50,20260614,45,0.1126,0.18315,82.4283,0.8498,0.7862,0.8606
run_20260614_PlantVillage_EfficientNet-B3,PlantVillage,EfficientNet-B3,20260614,46,0.11599,0.12998,96.9308,0.8358,0.0239,0.8555
run_20260614_PlantDoc_EfficientNet-B3,PlantDoc,EfficientNet-B3,20260614,47,0.10921,0.18352,79.7596,0.8499,0.8216,0.8369
run_20260614_CUB-200-2011_EfficientNet-B3,CUB-200-2011,EfficientNet-B3,20260614,48,0.08291,0.13989,85.4397,0.8364,0.6763,0.838
run_20260614_PlantVillage_ConvNeXt-Tiny,PlantVillage,ConvNeXt-Tiny,20260614,49,0.07814,0.09122,97.9824,0.8737,0.1338,0.8491
run_20260614_PlantDoc_ConvNeXt-Tiny,PlantDoc,ConvNeXt-Tiny,20260614,50,0.08711,0.12572,82.0575,0.8505,0.6635,0.8438
run_20260614_CUB-200-2011_ConvNeXt-Tiny,CUB-200-2011,ConvNeXt-Tiny,20260614,51,0.08979,0.11839,86.0724,0.8064,0.5871,0.8675
run_20260614_PlantVillage_Swin-Tiny,PlantVillage,Swin-Tiny,20260614,52,0.06084,0.03797,97.9288,0.8521,0.0247,0.8302
run_20260614_PlantDoc_Swin-Tiny,PlantDoc,Swin-Tiny,20260614,53,0.07404,0.13298,81.0539,0.8624,0.7364,0.8263
run_20260614_CUB-200-2011_Swin-Tiny,CUB-200-2011,Swin-Tiny,20260614,54,0.0671,0.12864,88.1494,0.8409,0.5349,0.8423
run_20260614_PlantVillage_ConvNeXtplusARM,PlantVillage,ConvNeXt+ARM,20260614,55,0.0586,0.07797,98.2987,0.8629,0.0529,0.8632
run_20260614_PlantDoc_ConvNeXtplusARM,PlantDoc,ConvNeXt+ARM,20260614,56,0.06738,0.10002,83.9527,0.8648,0.6636,0.884
run_20260614_CUB-200-2011_ConvNeXtplusARM,CUB-200-2011,ConvNeXt+ARM,20260614,57,0.03301,0.1007,88.1795,0.8395,0.4948,0.8561
run_20260614_PlantVillage_UAMP-Net,PlantVillage,UAMP-Net,20260614,58,0.03811,0.02746,98.8804,0.909,0.0613,0.8516
run_20260614_PlantDoc_UAMP-Net,PlantDoc,UAMP-Net,20260614,59,0.04109,0.1073,86.6644,0.9293,0.6424,0.8472
run_20260614_CUB-200-2011_UAMP-Net,CUB-200-2011,UAMP-Net,20260614,60,0.03203,0.07682,90.0501,0.934,0.4057,0.8444
run_20260601_PlantVillage_ResNet-50,PlantVillage,ResNet-50,20260601,1,1.6955,1.87356,84.3185,0.7316,0.674,0.8906
run_20260601_PlantDoc_ResNet-50,PlantDoc,ResNet-50,20260601,2,1.57072,1.81623,64.8853,0.757,0.98,0.8375
run_20260601_CUB-200-2011_ResNet-50,CUB-200-2011,ResNet-50,20260601,3,1.47822,1.66959,71.9177,0.7227,0.98,0.8543
run_20260601_PlantVillage_EfficientNet-B3,PlantVillage,EfficientNet-B3,20260601,4,1.36695,1.54067,87.3387,0.769,0.5415,0.878
run_20260601_PlantDoc_EfficientNet-B3,PlantDoc,EfficientNet-B3,20260601,5,1.32296,1.47336,70.5135,0.7489,0.98,0.8791
run_20260601_CUB-200-2011_EfficientNet-B3,CUB-200-2011,EfficientNet-B3,20260601,6,1.24536,1.37037,77.4113,0.7902,0.9449,0.8633
run_20260601_PlantVillage_ConvNeXt-Tiny,PlantVillage,ConvNeXt-Tiny,20260601,7,1.18173,1.24547,90.5538,0.7516,0.3082,0.8428
run_20260601_PlantDoc_ConvNeXt-Tiny,PlantDoc,ConvNeXt-Tiny,20260601,8,1.10042,1.2494,74.9086,0.7767,0.98,0.8589
run_20260601_CUB-200-2011_ConvNeXt-Tiny,CUB-200-2011,ConvNeXt-Tiny,20260601,9,1.02342,1.16798,80.4562,0.767,0.8343,0.8588
run_20260601_PlantVillage_Swin-Tiny,PlantVillage,Swin-Tiny,20260601,10,0.94768,1.00979,91.9731,0.7442,0.404,0.8425
run_20260601_PlantDoc_Swin-Tiny,PlantDoc,Swin-Tiny,20260601,11,0.89757,1.00954,76.3728,0.7646,0.9691,0.8466
run_20260601_CUB-200-2011_Swin-Tiny,CUB-200-2011,Swin-Tiny,20260601,12,0.84444,0.95799,82.7514,0.7663,0.6254,0.8641
run_20260601_PlantVillage_ConvNeXtplusARM,PlantVillage,ConvNeXt+ARM,20260601,13,0.78256,0.82847,93.6913,0.7581,0.264,0.8312
run_20260601_PlantDoc_ConvNeXtplusARM,PlantDoc,ConvNeXt+ARM,20260601,14,0.73287,0.82514,79.7761,0.7499,0.8818,0.8455
run_20260601_CUB-200-2011_ConvNeXtplusARM,CUB-200-2011,ConvNeXt+ARM,20260601,15,0.7006,0.75609,83.6577,0.786,0.6781,0.8328
run_20260601_PlantVillage_UAMP-Net,PlantVillage,UAMP-Net,20260601,16,0.68887,0.67531,94.9778,0.8524,0.2234,0.8434
run_20260601_PlantDoc_UAMP-Net,PlantDoc,UAMP-Net,20260601,17,0.62696,0.67945,82.7906,0.8376,0.7037,0.8421
run_20260601_CUB-200-2011_UAMP-Net,CUB-200-2011,UAMP-Net,20260601,18,0.59641,0.64194,86.3424,0.8574,0.4939,0.8387
run_20260607_PlantVillage_ResNet-50,PlantVillage,ResNet-50,20260607,19,0.55762,0.58355,93.5226,0.7759,0.2363,0.8287
run_20260607_PlantDoc_ResNet-50,PlantDoc,ResNet-50,20260607,20,0.51328,0.63738,73.7772,0.8044,0.98,0.8235
run_20260607_CUB-200-2011_ResNet-50,CUB-200-2011,ResNet-50,20260607,21,0.49042,0.55035,79.6285,0.8013,0.8086,0.8635
run_20260607_PlantVillage_EfficientNet-B3,PlantVillage,EfficientNet-B3,20260607,22,0.45018,0.46991,94.8378,0.7925,0.1968,0.8727
run_20260607_PlantDoc_EfficientNet-B3,PlantDoc,EfficientNet-B3,20260607,23,0.4081,0.53107,78.1575,0.8278,0.758,0.8665
run_20260607_CUB-200-2011_EfficientNet-B3,CUB-200-2011,EfficientNet-B3,20260607,24,0.38686,0.43842,83.873,0.8139,0.6687,0.8848
run_20260607_PlantVillage_ConvNeXt-Tiny,PlantVillage,ConvNeXt-Tiny,20260607,25,0.39997,0.35547,96.1604,0.7964,0.174,0.8562
run_20260607_PlantDoc_ConvNeXt-Tiny,PlantDoc,ConvNeXt-Tiny,20260607,26,0.33844,0.43226,80.9255,0.7488,0.7862,0.867
run_20260607_CUB-200-2011_ConvNeXt-Tiny,CUB-200-2011,ConvNeXt-Tiny,20260607,27,0.34665,0.36912,85.5252,0.8218,0.5814,0.8428
run_20260607_PlantVillage_Swin-Tiny,PlantVillage,Swin-Tiny,20260607,28,0.2986,0.32062,96.6307,0.7676,0.1371,0.8584
run_20260607_PlantDoc_Swin-Tiny,PlantDoc,Swin-Tiny,20260607,29,0.28011,0.38658,80.3374,0.7786,0.7829,0.8319
run_20260607_CUB-200-2011_Swin-Tiny,CUB-200-2011,Swin-Tiny,20260607,30,0.28892,0.31049,86.2852,0.7934,0.5974,0.8529
run_20260607_PlantVillage_ConvNeXtplusARM,PlantVillage,ConvNeXt+ARM,20260607,31,0.23942,0.24773,97.1527,0.8004,0.1734,0.8096
run_20260607_PlantDoc_ConvNeXtplusARM,PlantDoc,ConvNeXt+ARM,20260607,32,0.24837,0.29856,83.8356,0.7784,0.5905,0.876
run_20260607_CUB-200-2011_ConvNeXtplusARM,CUB-200-2011,ConvNeXt+ARM,20260607,33,0.20839,0.27019,86.5295,0.8042,0.5639,0.8485
run_20260607_PlantVillage_UAMP-Net,PlantVillage,UAMP-Net,20260607,34,0.22441,0.19811,97.6962,0.9021,0.1184,0.8327
run_20260607_PlantDoc_UAMP-Net,PlantDoc,UAMP-Net,20260607,35,0.19239,0.24919,85.1094,0.895,0.6723,0.7972
run_20260607_CUB-200-2011_UAMP-Net,CUB-200-2011,UAMP-Net,20260607,36,0.19654,0.23584,88.8616,0.8663,0.5176,0.8403
run_20260614_PlantVillage_ResNet-50,PlantVillage,ResNet-50,20260614,37,0.18364,0.17933,95.6554,0.8185,0.2835,0.8467
run_20260614_PlantDoc_ResNet-50,PlantDoc,ResNet-50,20260614,38,0.19142,0.23028,75.7127,0.8318,0.938,0.8173
run_20260614_CUB-200-2011_ResNet-50,CUB-200-2011,ResNet-50,20260614,39,0.15098,0.2022,81.6328,0.8228,0.8439,0.817
run_20260614_PlantVillage_EfficientNet-B3,PlantVillage,EfficientNet-B3,20260614,40,0.14752,0.1834,96.9372,0.8154,0.1313,0.8365
run_20260614_PlantDoc_EfficientNet-B3,PlantDoc,EfficientNet-B3,20260614,41,0.15456,0.19844,79.1938,0.8208,0.8289,0.8919
run_20260614_CUB-200-2011_EfficientNet-B3,CUB-200-2011,EfficientNet-B3,20260614,42,0.13707,0.16989,85.1191,0.808,0.5003,0.8337
run_20260614_PlantVillage_ConvNeXt-Tiny,PlantVillage,ConvNeXt-Tiny,20260614,43,0.08535,0.13172,97.5509,0.8426,0.0563,0.88
run_20260614_PlantDoc_ConvNeXt-Tiny,PlantDoc,ConvNeXt-Tiny,20260614,44,0.1079,0.17877,82.0123,0.8541,0.8057,0.8534
run_20260614_CUB-200-2011_ConvNeXt-Tiny,CUB-200-2011,ConvNeXt-Tiny,20260614,45,0.09224,0.14725,87.0338,0.8167,0.5773,0.852
run_20260614_PlantVillage_Swin-Tiny,PlantVillage,Swin-Tiny,20260614,46,0.11649,0.13845,97.6644,0.8381,0.075,0.8388
run_20260614_PlantDoc_Swin-Tiny,PlantDoc,Swin-Tiny,20260614,47,0.07616,0.14911,81.2985,0.8276,0.7435,0.8569
run_20260614_CUB-200-2011_Swin-Tiny,CUB-200-2011,Swin-Tiny,20260614,48,0.07925,0.14515,86.7302,0.8627,0.5585,0.85
run_20260614_PlantVillage_ConvNeXtplusARM,PlantVillage,ConvNeXt+ARM,20260614,49,0.07666,0.06773,98.0929,0.8339,0.1052,0.8433
run_20260614_PlantDoc_ConvNeXtplusARM,PlantDoc,ConvNeXt+ARM,20260614,50,0.09161,0.1365,84.1329,0.8439,0.668,0.8778
run_20260614_CUB-200-2011_ConvNeXtplusARM,CUB-200-2011,ConvNeXt+ARM,20260614,51,0.05959,0.11115,87.7295,0.857,0.5773,0.8486
run_20260614_PlantVillage_UAMP-Net,PlantVillage,UAMP-Net,20260614,52,0.07009,0.07563,98.6834,0.9401,0.1117,0.8409
run_20260614_PlantDoc_UAMP-Net,PlantDoc,UAMP-Net,20260614,53,0.07015,0.12314,86.782,0.9384,0.537,0.844
run_20260614_CUB-200-2011_UAMP-Net,CUB-200-2011,UAMP-Net,20260614,54,0.05064,0.11269,89.7327,0.9233,0.4326,0.8445
run_20260601_PlantVillage_ResNet-50,PlantVillage,ResNet-50,20260601,55,0.06115,0.05051,96.7142,0.8828,0.1972,0.8399
run_20260601_PlantDoc_ResNet-50,PlantDoc,ResNet-50,20260601,56,0.04742,0.15289,76.3262,0.883,0.98,0.8607
run_20260601_CUB-200-2011_ResNet-50,CUB-200-2011,ResNet-50,20260601,57,0.02299,0.15023,82.2166,0.8298,0.7908,0.862
run_20260601_PlantVillage_EfficientNet-B3,PlantVillage,EfficientNet-B3,20260601,58,0.06211,0.0888,97.0434,0.8487,0.2129,0.8667
run_20260601_PlantDoc_EfficientNet-B3,PlantDoc,EfficientNet-B3,20260601,59,0.03238,0.12757,79.7468,0.862,0.823,0.8576
run_20260601_CUB-200-2011_EfficientNet-B3,CUB-200-2011,EfficientNet-B3,20260601,60,0.05357,0.0898,84.8348,0.8727,0.5425,0.8615
run_20260601_PlantVillage_ConvNeXt-Tiny,PlantVillage,ConvNeXt-Tiny,20260601,1,1.70499,1.85589,85.8792,0.7426,0.5188,0.851
run_20260601_PlantDoc_ConvNeXt-Tiny,PlantDoc,ConvNeXt-Tiny,20260601,2,1.58826,1.77317,70.1125,0.7509,0.98,0.8818
run_20260601_CUB-200-2011_ConvNeXt-Tiny,CUB-200-2011,ConvNeXt-Tiny,20260601,3,1.49992,1.64512,76.2836,0.7209,0.9693,0.8197
run_20260601_PlantVillage_Swin-Tiny,PlantVillage,Swin-Tiny,20260601,4,1.37672,1.51881,88.3842,0.7353,0.4829,0.8339
run_20260601_PlantDoc_Swin-Tiny,PlantDoc,Swin-Tiny,20260601,5,1.30117,1.49206,72.5494,0.7803,0.98,0.854
run_20260601_CUB-200-2011_Swin-Tiny,CUB-200-2011,Swin-Tiny,20260601,6,1.2504,1.38202,79.4306,0.7756,0.8514,0.8745
run_20260601_PlantVillage_ConvNeXtplusARM,PlantVillage,ConvNeXt+ARM,20260601,7,1.12291,1.26901,90.4415,0.7647,0.372,0.8137
run_20260601_PlantDoc_ConvNeXtplusARM,PlantDoc,ConvNeXt+ARM,20260601,8,1.11446,1.22593,76.6014,0.7488,0.9288,0.8685
run_20260601_CUB-200-2011_ConvNeXtplusARM,CUB-200-2011,ConvNeXt+ARM,20260601,9,1.06018,1.12395,80.5102,0.7691,0.7776,0.8032
run_20260601_PlantVillage_UAMP-Net,PlantVillage,UAMP-Net,20260601,10,0.97262,1.04023,92.5813,0.85,0.2306,0.824
run_20260601_PlantDoc_UAMP-Net,PlantDoc,UAMP-Net,20260601,11,0.92884,0.99229,80.5462,0.8256,0.7253,0.8397
run_20260601_CUB-200-2011_UAMP-Net,CUB-200-2011,UAMP-Net,20260601,12,0.86197,0.91084,84.5254,0.8355,0.6468,0.8587
run_20260607_PlantVillage_ResNet-50,PlantVillage,ResNet-50,20260607,13,0.80354,0.84779,91.6724,0.7833,0.2315,0.8267
run_20260607_PlantDoc_ResNet-50,PlantDoc,ResNet-50,20260607,14,0.74837,0.87297,72.1408,0.7907,0.98,0.8458
run_20260607_CUB-200-2011_ResNet-50,CUB-200-2011,ResNet-50,20260607,15,0.71499,0.81499,78.5825,0.787,0.8945,0.8372
run_20260607_PlantVillage_EfficientNet-B3,PlantVillage,EfficientNet-B3,20260607,16,0.67539,0.71149,93.8316,0.7679,0.2616,0.86
run_20260607_PlantDoc_EfficientNet-B3,PlantDoc,EfficientNet-B3,20260607,17,0.59407,0.76029,76.5005,0.7797,0.9619,0.8584
run_20260607_CUB-200-2011_EfficientNet-B3,CUB-200-2011,EfficientNet-B3,20260607,18,0.60419,0.68768,81.4759,0.758,0.7971,0.8389
run_20260607_PlantVillage_ConvNeXt-Tiny,PlantVillage,ConvNeXt-Tiny,20260607,19,0.56145,0.54497,94.941,0.7576,0.2713,0.8227
run_20260607_PlantDoc_ConvNeXt-Tiny,PlantDoc,ConvNeXt-Tiny,20260607,20,0.50236,0.61557,79.5943,0.7954,0.7958,0.8502
run_20260607_CUB-200-2011_ConvNeXt-Tiny,CUB-200-2011,ConvNeXt-Tiny,20260607,21,0.47977,0.56611,84.0746,0.7621,0.6529,0.8481
run_20260607_PlantVillage_Swin-Tiny,PlantVillage,Swin-Tiny,20260607,22,0.45601,0.46366,95.8661,0.7698,0.2147,0.8304
run_20260607_PlantDoc_Swin-Tiny,PlantDoc,Swin-Tiny,20260607,23,0.43352,0.51819,79.3214,0.8038,0.8113,0.8421
run_20260607_CUB-200-2011_Swin-Tiny,CUB-200-2011,Swin-Tiny,20260607,24,0.40956,0.47398,85.7848,0.7608,0.6174,0.8778
run_20260607_PlantVillage_ConvNeXtplusARM,PlantVillage,ConvNeXt+ARM,20260607,25,0.37546,0.38329,96.6139,0.8322,0.1745,0.8361
run_20260607_PlantDoc_ConvNeXtplusARM,PlantDoc,ConvNeXt+ARM,20260607,26,0.32802,0.38747,82.459,0.7744,0.7006,0.8653
run_20260607_CUB-200-2011_ConvNeXtplusARM,CUB-200-2011,ConvNeXt+ARM,20260607,27,0.3198,0.38585,86.3465,0.8225,0.5695,0.8453
run_20260607_PlantVillage_UAMP-Net,PlantVillage,UAMP-Net,20260607,28,0.2994,0.30392,97.6643,0.8656,0.061,0.8459
run_20260607_PlantDoc_UAMP-Net,PlantDoc,UAMP-Net,20260607,29,0.28503,0.35385,85.7159,0.8583,0.6007,0.8593
run_20260607_CUB-200-2011_UAMP-Net,CUB-200-2011,UAMP-Net,20260607,30,0.2787,0.33506,88.3544,0.869,0.4957,0.8473
run_20260614_PlantVillage_ResNet-50,PlantVillage,ResNet-50,20260614,31,0.25323,0.28031,95.5158,0.7879,0.0749,0.8592
run_20260614_PlantDoc_ResNet-50,PlantDoc,ResNet-50,20260614,32,0.23877,0.33598,76.0735,0.8477,0.975,0.8382
run_20260614_CUB-200-2011_ResNet-50,CUB-200-2011,ResNet-50,20260614,33,0.24927,0.30895,81.8053,0.7793,0.7853,0.8355
run_20260614_PlantVillage_EfficientNet-B3,PlantVillage,EfficientNet-B3,20260614,34,0.20554,0.25895,96.4806,0.8182,0.1529,0.8321
run_20260614_PlantDoc_EfficientNet-B3,PlantDoc,EfficientNet-B3,20260614,35,0.20656,0.28078,79.0943,0.8376,0.8668,0.8581
run_20260614_CUB-200-2011_EfficientNet-B3,CUB-200-2011,EfficientNet-B3,20260614,36,0.19489,0.21154,84.0068,0.8055,0.6832,0.8662
run_20260614_PlantVillage_ConvNeXt-Tiny,PlantVillage,ConvNeXt-Tiny,20260614,37,0.1515,0.18987,97.2641,0.8565,0.1274,0.8271
run_20260614_PlantDoc_ConvNeXt-Tiny,PlantDoc,ConvNeXt-Tiny,20260614,38,0.17585,0.23547,81.2532,0.8638,0.7255,0.8849
run_20260614_CUB-200-2011_ConvNeXt-Tiny,CUB-200-2011,ConvNeXt-Tiny,20260614,39,0.16071,0.1963,86.5372,0.8244,0.503,0.8303
run_20260614_PlantVillage_Swin-Tiny,PlantVillage,Swin-Tiny,20260614,40,0.14503,0.16685,97.5779,0.8285,0.0962,0.8229
run_20260614_PlantDoc_Swin-Tiny,PlantDoc,Swin-Tiny,20260614,41,0.1417,0.21856,80.7761,0.8437,0.7692,0.8233
run_20260614_CUB-200-2011_Swin-Tiny,CUB-200-2011,Swin-Tiny,20260614,42,0.11201,0.17421,86.2617,0.8584,0.6434,0.8374
run_20260614_PlantVillage_ConvNeXtplusARM,PlantVillage,ConvNeXt+ARM,20260614,43,0.11754,0.12006,98.0168,0.822,0.0658,0.8612
run_20260614_PlantDoc_ConvNeXtplusARM,PlantDoc,ConvNeXt+ARM,20260614,44,0.11825,0.15848,83.7674,0.8252,0.5941,0.8337
run_20260614_CUB-200-2011_ConvNeXtplusARM,CUB-200-2011,ConvNeXt+ARM,20260614,45,0.10612,0.16097,87.4542,0.8103,0.4645,0.8181
run_20260614_PlantVillage_UAMP-Net,PlantVillage,UAMP-Net,20260614,46,0.13071,0.10853,98.5826,0.879,0.0681,0.8439
run_20260614_PlantDoc_UAMP-Net,PlantDoc,UAMP-Net,20260614,47,0.07296,0.16743,86.5195,0.8957,0.5765,0.8778
run_20260614_CUB-200-2011_UAMP-Net,CUB-200-2011,UAMP-Net,20260614,48,0.07924,0.11158,89.9347,0.8849,0.4422,0.8687
run_20260601_PlantVillage_ResNet-50,PlantVillage,ResNet-50,20260601,49,0.07601,0.09869,96.4868,0.8185,0.1977,0.8452
run_20260601_PlantDoc_ResNet-50,PlantDoc,ResNet-50,20260601,50,0.06626,0.16275,76.8537,0.8348,0.9351,0.8586
run_20260601_CUB-200-2011_ResNet-50,CUB-200-2011,ResNet-50,20260601,51,0.09483,0.14087,82.2381,0.8706,0.7554,0.8616
run_20260601_PlantVillage_EfficientNet-B3,PlantVillage,EfficientNet-B3,20260601,52,0.04741,0.06711,97.3742,0.901,0.1506,0.8395
run_20260601_PlantDoc_EfficientNet-B3,PlantDoc,EfficientNet-B3,20260601,53,0.05153,0.13615,79.933,0.87,0.8545,0.8345
run_20260601_CUB-200-2011_EfficientNet-B3,CUB-200-2011,EfficientNet-B3,20260601,54,0.07205,0.13045,85.0598,0.8381,0.6137,0.8278
run_20260601_PlantVillage_ConvNeXt-Tiny,PlantVillage,ConvNeXt-Tiny,20260601,55,0.05173,0.0561,98.0175,0.8744,0.0535,0.8537
run_20260601_PlantDoc_ConvNeXt-Tiny,PlantDoc,ConvNeXt-Tiny,20260601,56,0.0335,0.12705,81.5661,0.8594,0.7812,0.8409
run_20260601_CUB-200-2011_ConvNeXt-Tiny,CUB-200-2011,ConvNeXt-Tiny,20260601,57,0.05267,0.07973,86.8625,0.8843,0.5802,0.8469
run_20260601_PlantVillage_Swin-Tiny,PlantVillage,Swin-Tiny,20260601,58,0.0267,0.06791,97.7544,0.8384,0.0972,0.8335
run_20260601_PlantDoc_Swin-Tiny,PlantDoc,Swin-Tiny,20260601,59,0.0412,0.11572,81.3645,0.86,0.7263,0.8751
run_20260601_CUB-200-2011_Swin-Tiny,CUB-200-2011,Swin-Tiny,20260601,60,0.04236,0.05024,87.2447,0.8444,0.5564,0.8583
run_20260601_PlantVillage_ConvNeXtplusARM,PlantVillage,ConvNeXt+ARM,20260601,1,1.7153,1.8301,85.8734,0.7524,0.5512,0.8469
run_20260601_PlantDoc_ConvNeXtplusARM,PlantDoc,ConvNeXt+ARM,20260601,2,1.59097,1.74993,72.8138,0.7655,0.98,0.8464
run_20260601_CUB-200-2011_ConvNeXtplusARM,CUB-200-2011,ConvNeXt+ARM,20260601,3,1.47889,1.67588,76.4191,0.74,0.98,0.847
run_20260601_PlantVillage_UAMP-Net,PlantVillage,UAMP-Net,20260601,4,1.39973,1.54563,89.0733,0.8546,0.4523,0.8517
run_20260601_PlantDoc_UAMP-Net,PlantDoc,UAMP-Net,20260601,5,1.32555,1.47868,77.2467,0.8374,0.9254,0.842
run_20260601_CUB-200-2011_UAMP-Net,CUB-200-2011,UAMP-Net,20260601,6,1.25302,1.36011,81.6472,0.8444,0.767,0.8706
run_20260607_PlantVillage_ResNet-50,PlantVillage,ResNet-50,20260607,7,1.15182,1.27866,88.7285,0.7568,0.5294,0.8677
run_20260607_PlantDoc_ResNet-50,PlantDoc,ResNet-50,20260607,8,1.10234,1.26954,68.7684,0.7365,0.98,0.8412
run_20260607_CUB-200-2011_ResNet-50,CUB-200-2011,ResNet-50,20260607,9,1.02712,1.16159,76.2376,0.7382,0.9561,0.8596
run_20260607_PlantVillage_EfficientNet-B3,PlantVillage,EfficientNet-B3,20260607,10,0.93402,0.9928,91.1283,0.7971,0.375,0.8528
run_20260607_PlantDoc_EfficientNet-B3,PlantDoc,EfficientNet-B3,20260607,11,0.89911,1.0126,73.8659,0.7777,0.98,0.8604
run_20260607_CUB-200-2011_EfficientNet-B3,CUB-200-2011,EfficientNet-B3,20260607,12,0.87301,0.98754,80.3006,0.7651,0.8027,0.8409
run_20260607_PlantVillage_ConvNeXt-Tiny,PlantVillage,ConvNeXt-Tiny,20260607,13,0.80913,0.90063,92.9966,0.7709,0.3053,0.8738
run_20260607_PlantDoc_ConvNeXt-Tiny,PlantDoc,ConvNeXt-Tiny,20260607,14,0.78135,0.86462,77.1838,0.7667,0.9005,0.8361
run_20260607_CUB-200-2011_ConvNeXt-Tiny,CUB-200-2011,ConvNeXt-Tiny,20260607,15,0.72779,0.77728,82.9186,0.7769,0.7729,0.8436
run_20260607_PlantVillage_Swin-Tiny,PlantVillage,Swin-Tiny,20260607,16,0.67555,0.7186,93.7573,0.7741,0.253,0.8845
run_20260607_PlantDoc_Swin-Tiny,PlantDoc,Swin-Tiny,20260607,17,0.61291,0.71256,78.9556,0.7985,0.9282,0.828
run_20260607_CUB-200-2011_Swin-Tiny,CUB-200-2011,Swin-Tiny,20260607,18,0.59002,0.65664,83.7228,0.8349,0.7183,0.8544
run_20260607_PlantVillage_ConvNeXtplusARM,PlantVillage,ConvNeXt+ARM,20260607,19,0.54624,0.53882,95.4281,0.796,0.1783,0.8815
run_20260607_PlantDoc_ConvNeXtplusARM,PlantDoc,ConvNeXt+ARM,20260607,20,0.49658,0.57204,81.9073,0.8268,0.7187,0.813
run_20260607_CUB-200-2011_ConvNeXtplusARM,CUB-200-2011,ConvNeXt+ARM,20260607,21,0.49672,0.5492,85.0279,0.795,0.6009,0.8537
run_20260607_PlantVillage_UAMP-Net,PlantVillage,UAMP-Net,20260607,22,0.45818,0.47888,96.5579,0.864,0.113,0.8584
run_20260607_PlantDoc_UAMP-Net,PlantDoc,UAMP-Net,20260607,23,0.41799,0.46193,84.6091,0.8431,0.6021,0.8906
run_20260607_CUB-200-2011_UAMP-Net,CUB-200-2011,UAMP-Net,20260607,24,0.39095,0.4379,88.1493,0.848,0.5786,0.8413
run_20260614_PlantVillage_ResNet-50,PlantVillage,ResNet-50,20260614,25,0.39233,0.38962,94.5041,0.8087,0.2559,0.8494
run_20260614_PlantDoc_ResNet-50,PlantDoc,ResNet-50,20260614,26,0.34393,0.41268,74.0682,0.7539,0.98,0.8822
run_20260614_CUB-200-2011_ResNet-50,CUB-200-2011,ResNet-50,20260614,27,0.32689,0.35535,81.0649,0.7951,0.7514,0.8369
run_20260614_PlantVillage_EfficientNet-B3,PlantVillage,EfficientNet-B3,20260614,28,0.31524,0.32388,95.7288,0.8073,0.2124,0.8676
run_20260614_PlantDoc_EfficientNet-B3,PlantDoc,EfficientNet-B3,20260614,29,0.28094,0.39772,78.1759,0.7766,0.9611,0.8585
run_20260614_CUB-200-2011_EfficientNet-B3,CUB-200-2011,EfficientNet-B3,20260614,30,0.26303,0.31539,84.2786,0.7804,0.6876,0.8334
run_20260614_PlantVillage_ConvNeXt-Tiny,PlantVillage,ConvNeXt-Tiny,20260614,31,0.26472,0.2621,96.8826,0.8212,0.1706,0.8446
run_20260614_PlantDoc_ConvNeXt-Tiny,PlantDoc,ConvNeXt-Tiny,20260614,32,0.23299,0.32659,80.619,0.8284,0.8413,0.8464
run_20260614_CUB-200-2011_ConvNeXt-Tiny,CUB-200-2011,ConvNeXt-Tiny,20260614,33,0.21506,0.28957,85.1339,0.796,0.647,0.8393
run_20260614_PlantVillage_Swin-Tiny,PlantVillage,Swin-Tiny,20260614,34,0.22917,0.22971,97.0443,0.853,0.0857,0.8561
run_20260614_PlantDoc_Swin-Tiny,PlantDoc,Swin-Tiny,20260614,35,0.22832,0.28125,80.2558,0.819,0.8303,0.859
run_20260614_CUB-200-2011_Swin-Tiny,CUB-200-2011,Swin-Tiny,20260614,36,0.1747,0.22012,87.1068,0.823,0.4927,0.851
run_20260614_PlantVillage_ConvNeXtplusARM,PlantVillage,ConvNeXt+ARM,20260614,37,0.17423,0.13899,97.8413,0.8248,0.0276,0.8593
run_20260614_PlantDoc_ConvNeXtplusARM,PlantDoc,ConvNeXt+ARM,20260614,38,0.17953,0.23547,83.5294,0.8387,0.6956,0.8745
run_20260614_CUB-200-2011_ConvNeXtplusARM,CUB-200-2011,ConvNeXt+ARM,20260614,39,0.14842,0.22305,87.3023,0.7979,0.477,0.8371
run_20260614_PlantVillage_UAMP-Net,PlantVillage,UAMP-Net,20260614,40,0.11646,0.14838,98.5188,0.8612,0.0683,0.8269
run_20260614_PlantDoc_UAMP-Net,PlantDoc,UAMP-Net,20260614,41,0.14121,0.16475,85.3564,0.8927,0.5951,0.8339
run_20260614_CUB-200-2011_UAMP-Net,CUB-200-2011,UAMP-Net,20260614,42,0.14968,0.15022,89.2941,0.8916,0.5364,0.8772
run_20260601_PlantVillage_ResNet-50,PlantVillage,ResNet-50,20260601,43,0.11282,0.12016,96.1042,0.7939,0.214,0.8232
run_20260601_PlantDoc_ResNet-50,PlantDoc,ResNet-50,20260601,44,0.12091,0.19882,75.5889,0.8503,0.98,0.8256
run_20260601_CUB-200-2011_ResNet-50,CUB-200-2011,ResNet-50,20260601,45,0.09846,0.17124,82.6104,0.8401,0.7162,0.8304
run_20260601_PlantVillage_EfficientNet-B3,PlantVillage,EfficientNet-B3,20260601,46,0.10207,0.1141,96.5451,0.8626,0.1578,0.8223
run_20260601_PlantDoc_EfficientNet-B3,PlantDoc,EfficientNet-B3,20260601,47,0.09619,0.1568,79.0787,0.8466,0.8528,0.8575
run_20260601_CUB-200-2011_EfficientNet-B3,CUB-200-2011,EfficientNet-B3,20260601,48,0.06692,0.143,84.6868,0.8513,0.7173,0.8727
run_20260601_PlantVillage_ConvNeXt-Tiny,PlantVillage,ConvNeXt-Tiny,20260601,49,0.08205,0.09491,98.0017,0.8357,0.0765,0.8523
run_20260601_PlantDoc_ConvNeXt-Tiny,PlantDoc,ConvNeXt-Tiny,20260601,50,0.09377,0.11003,82.1936,0.8598,0.6642,0.8273
run_20260601_CUB-200-2011_ConvNeXt-Tiny,CUB-200-2011,ConvNeXt-Tiny,20260601,51,0.08804,0.11515,86.1754,0.8885,0.5319,0.839
run_20260601_PlantVillage_Swin-Tiny,PlantVillage,Swin-Tiny,20260601,52,0.067,0.03992,98.1906,0.859,0.0633,0.8612
run_20260601_PlantDoc_Swin-Tiny,PlantDoc,Swin-Tiny,20260601,53,0.07527,0.17434,81.5081,0.8658,0.8442,0.8765
run_20260601_CUB-200-2011_Swin-Tiny,CUB-200-2011,Swin-Tiny,20260601,54,0.06342,0.12991,88.025,0.867,0.4998,0.8634
run_20260601_PlantVillage_ConvNeXtplusARM,PlantVillage,ConvNeXt+ARM,20260601,55,0.05367,0.04891,98.2929,0.824,0.1072,0.8461
run_20260601_PlantDoc_ConvNeXtplusARM,PlantDoc,ConvNeXt+ARM,20260601,56,0.04368,0.14565,83.7411,0.8847,0.6245,0.8484
run_20260601_CUB-200-2011_ConvNeXtplusARM,CUB-200-2011,ConvNeXt+ARM,20260601,57,0.0741,0.10524,87.2233,0.8968,0.5672,0.8413
run_20260601_PlantVillage_UAMP-Net,PlantVillage,UAMP-Net,20260601,58,0.04781,0.07421,99.0051,0.9289,0.0581,0.8625
run_20260601_PlantDoc_UAMP-Net,PlantDoc,UAMP-Net,20260601,59,0.05224,0.05831,87.0977,0.9076,0.4964,0.8323
run_20260601_CUB-200-2011_UAMP-Net,CUB-200-2011,UAMP-Net,20260601,60,0.04708,0.08593,89.6368,0.9037,0.4393,0.8675
run_20260607_PlantVillage_ResNet-50,PlantVillage,ResNet-50,20260607,1,1.70062,1.82705,84.1996,0.6829,0.6068,0.8461
run_20260607_PlantDoc_ResNet-50,PlantDoc,ResNet-50,20260607,2,1.56221,1.80769,65.5896,0.7152,0.98,0.9044
run_20260607_CUB-200-2011_ResNet-50,CUB-200-2011,ResNet-50,20260607,3,1.50406,1.68304,71.4707,0.7382,0.98,0.8547
run_20260607_PlantVillage_EfficientNet-B3,PlantVillage,EfficientNet-B3,20260607,4,1.38522,1.52402,87.7498,0.7181,0.4879,0.8537
run_20260607_PlantDoc_EfficientNet-B3,PlantDoc,EfficientNet-B3,20260607,5,1.32637,1.51334,70.7311,0.7655,0.98,0.8337
run_20260607_CUB-200-2011_EfficientNet-B3,CUB-200-2011,EfficientNet-B3,20260607,6,1.21983,1.38488,77.1725,0.7488,0.9161,0.8426
run_20260607_PlantVillage_ConvNeXt-Tiny,PlantVillage,ConvNeXt-Tiny,20260607,7,1.16409,1.2357,90.5993,0.7391,0.4001,0.871
run_20260607_PlantDoc_ConvNeXt-Tiny,PlantDoc,ConvNeXt-Tiny,20260607,8,1.09089,1.22611,74.3303,0.7286,0.98,0.8385
run_20260607_CUB-200-2011_ConvNeXt-Tiny,CUB-200-2011,ConvNeXt-Tiny,20260607,9,1.04877,1.14191,80.529,0.7724,0.7228,0.8675
run_20260607_PlantVillage_Swin-Tiny,PlantVillage,Swin-Tiny,20260607,10,0.974,1.03251,91.8225,0.7872,0.4569,0.8454
run_20260607_PlantDoc_Swin-Tiny,PlantDoc,Swin-Tiny,20260607,11,0.87574,1.0311,75.3769,0.7855,0.9549,0.8643
run_20260607_CUB-200-2011_Swin-Tiny,CUB-200-2011,Swin-Tiny,20260607,12,0.83477,0.91386,82.5202,0.8059,0.7859,0.8382
run_20260607_PlantVillage_ConvNeXtplusARM,PlantVillage,ConvNeXt+ARM,20260607,13,0.75998,0.82354,93.6944,0.7766,0.2322,0.8656
run_20260607_PlantDoc_ConvNeXtplusARM,PlantDoc,ConvNeXt+ARM,20260607,14,0.752,0.84033,79.4694,0.7788,0.8671,0.8602
run_20260607_CUB-200-2011_ConvNeXtplusARM,CUB-200-2011,ConvNeXt+ARM,20260607,15,0.71963,0.7686,83.6735,0.7975,0.6761,0.8556
run_20260607_PlantVillage_UAMP-Net,PlantVillage,UAMP-Net,20260607,16,0.65233,0.70391,95.1921,0.8214,0.0768,0.8433
run_20260607_PlantDoc_UAMP-Net,PlantDoc,UAMP-Net,20260607,17,0.61228,0.6889,83.3679,0.8276,0.7082,0.8343
run_20260607_CUB-200-2011_UAMP-Net,CUB-200-2011,UAMP-Net,20260607,18,0.56441,0.62622,86.374,0.8365,0.5089,0.8433
run_20260614_PlantVillage_ResNet-50,PlantVillage,ResNet-50,20260614,19,0.56929,0.57833,93.654,0.802,0.2301,0.85
run_20260614_PlantDoc_ResNet-50,PlantDoc,ResNet-50,20260614,20,0.50923,0.60168,73.7116,0.8124,0.98,0.8631
run_20260614_CUB-200-2011_ResNet-50,CUB-200-2011,ResNet-50,20260614,21,0.48048,0.58903,80.2203,0.8176,0.7893,0.8291
run_20260614_PlantVillage_EfficientNet-B3,PlantVillage,EfficientNet-B3,20260614,22,0.46204,0.50324,95.127,0.8057,0.1203,0.8337
run_20260614_PlantDoc_EfficientNet-B3,PlantDoc,EfficientNet-B3,20260614,23,0.43431,0.531,77.7457,0.7704,0.9312,0.8473
run_20260614_CUB-200-2011_EfficientNet-B3,CUB-200-2011,EfficientNet-B3,20260614,24,0.38195,0.45597,83.393,0.7976,0.7224,0.8419
run_20260614_PlantVillage_ConvNeXt-Tiny,PlantVillage,ConvNeXt-Tiny,20260614,25,0.34887,0.39284,96.4454,0.7969,0.1401,0.8304
run_20260614_PlantDoc_ConvNeXt-Tiny,PlantDoc,ConvNeXt-Tiny,20260614,26,0.36098,0.41231,80.66,0.7877,0.8059,0.8409
run_20260614_CUB-200-2011_ConvNeXt-Tiny,CUB-200-2011,ConvNeXt-Tiny,20260614,27,0.35202,0.36095,85.184,0.7979,0.6211,0.8427
run_20260614_PlantVillage_Swin-Tiny,PlantVillage,Swin-Tiny,20260614,28,0.29375,0.32407,96.8354,0.7918,0.1535,0.8734
run_20260614_PlantDoc_Swin-Tiny,PlantDoc,Swin-Tiny,20260614,29,0.29402,0.36581,80.1522,0.8165,0.817,0.8642
run_20260614_CUB-200-2011_Swin-Tiny,CUB-200-2011,Swin-Tiny,20260614,30,0.27611,0.30111,86.4936,0.8492,0.6474,0.8233
run_20260614_PlantVillage_ConvNeXtplusARM,PlantVillage,ConvNeXt+ARM,20260614,31,0.2811,0.26706,97.4282,0.8142,0.0623,0.8699
run_20260614_PlantDoc_ConvNeXtplusARM,PlantDoc,ConvNeXt+ARM,20260614,32,0.23846,0.31886,83.0815,0.7991,0.7367,0.8671
run_20260614_CUB-200-2011_ConvNeXtplusARM,CUB-200-2011,ConvNeXt+ARM,20260614,33,0.22181,0.25653,86.5389,0.8218,0.5981,0.8397
run_20260614_PlantVillage_UAMP-Net,PlantVillage,UAMP-Net,20260614,34,0.19509,0.20646,97.8202,0.895,0.1311,0.8934
run_20260614_PlantDoc_UAMP-Net,PlantDoc,UAMP-Net,20260614,35,0.20635,0.24244,85.1896,0.8824,0.6268,0.8543
run_20260614_CUB-200-2011_UAMP-Net,CUB-200-2011,UAMP-Net,20260614,36,0.19027,0.22202,88.7995,0.8505,0.4852,0.836
run_20260601_PlantVillage_ResNet-50,PlantVillage,ResNet-50,20260601,37,0.20218,0.20028,96.0271,0.8006,0.1972,0.8592
run_20260601_PlantDoc_ResNet-50,PlantDoc,ResNet-50,20260601,38,0.16701,0.27453,75.6024,0.8109,0.9397,0.8537
run_20260601_CUB-200-2011_ResNet-50,CUB-200-2011,ResNet-50,20260601,39,0.13803,0.22567,82.3046,0.8051,0.7591,0.8659
run_20260601_PlantVillage_EfficientNet-B3,PlantVillage,EfficientNet-B3,20260601,40,0.12774,0.1252,97.0224,0.8341,0.1185,0.8586
run_20260601_PlantDoc_EfficientNet-B3,PlantDoc,EfficientNet-B3,20260601,41,0.13129,0.2097,79.6264,0.8143,0.8301,0.8205
run_20260601_CUB-200-2011_EfficientNet-B3,CUB-200-2011,EfficientNet-B3,20260601,42,0.14245,0.19144,84.6229,0.8239,0.6394,0.8359
run_20260601_PlantVillage_ConvNeXt-Tiny,PlantVillage,ConvNeXt-Tiny,20260601,43,0.11665,0.13826,97.6908,0.8598,0.067,0.8753
run_20260601_PlantDoc_ConvNeXt-Tiny,PlantDoc,ConvNeXt-Tiny,20260601,44,0.10516,0.1899,81.0785,0.8461,0.7344,0.822
run_20260601_CUB-200-2011_ConvNeXt-Tiny,CUB-200-2011,ConvNeXt-Tiny,20260601,45,0.12612,0.17358,87.157,0.8211,0.5835,0.8335
run_20260601_PlantVillage_Swin-Tiny,PlantVillage,Swin-Tiny,20260601,46,0.11606,0.11232,97.6572,0.8505,0.0983,0.8565
run_20260601_PlantDoc_Swin-Tiny,PlantDoc,Swin-Tiny,20260601,47,0.08618,0.16586,80.9045,0.843,0.8079,0.8624
run_20260601_CUB-200-2011_Swin-Tiny,CUB-200-2011,Swin-Tiny,20260601,48,0.0939,0.12702,88.0654,0.8052,0.5038,0.8648
run_20260601_PlantVillage_ConvNeXtplusARM,PlantVillage,ConvNeXt+ARM,20260601,49,0.07085,0.07936,98.679,0.8599,0.079,0.8123
run_20260601_PlantDoc_ConvNeXtplusARM,PlantDoc,ConvNeXt+ARM,20260601,50,0.08826,0.15213,84.1959,0.8369,0.576,0.8057
run_20260601_CUB-200-2011_ConvNeXtplusARM,CUB-200-2011,ConvNeXt+ARM,20260601,51,0.0777,0.11355,87.2381,0.8334,0.5185,0.878
run_20260601_PlantVillage_UAMP-Net,PlantVillage,UAMP-Net,20260601,52,0.08342,0.06021,98.6811,0.8813,0.02,0.8592
run_20260601_PlantDoc_UAMP-Net,PlantDoc,UAMP-Net,20260601,53,0.0619,0.09725,86.4466,0.8894,0.6064,0.8335
run_20260601_CUB-200-2011_UAMP-Net,CUB-200-2011,UAMP-Net,20260601,54,0.06138,0.083,88.764,0.9214,0.468,0.8458
run_20260607_PlantVillage_ResNet-50,PlantVillage,ResNet-50,20260607,55,0.07292,0.03923,96.2979,0.896,0.2155,0.8796
run_20260607_PlantDoc_ResNet-50,PlantDoc,ResNet-50,20260607,56,0.028,0.1579,76.8488,0.8656,0.8722,0.8136
run_20260607_CUB-200-2011_ResNet-50,CUB-200-2011,ResNet-50,20260607,57,0.07251,0.08603,82.8297,0.8629,0.7927,0.8436
run_20260607_PlantVillage_EfficientNet-B3,PlantVillage,EfficientNet-B3,20260607,58,0.05355,0.0576,97.3176,0.8645,0.0453,0.9005
run_20260607_PlantDoc_EfficientNet-B3,PlantDoc,EfficientNet-B3,20260607,59,0.06061,0.12796,79.9018,0.8791,0.8476,0.8649
run_20260607_CUB-200-2011_EfficientNet-B3,CUB-200-2011,EfficientNet-B3,20260607,60,0.05948,0.08842,85.4946,0.8796,0.6606,0.8361
run_20260607_PlantVillage_ConvNeXt-Tiny,PlantVillage,ConvNeXt-Tiny,20260607,1,1.73039,1.85226,85.5713,0.7778,0.5746,0.8689
run_20260607_PlantDoc_ConvNeXt-Tiny,PlantDoc,ConvNeXt-Tiny,20260607,2,1.58641,1.76933,70.4596,0.7614,0.98,0.8819
run_20260607_CUB-200-2011_ConvNeXt-Tiny,CUB-200-2011,ConvNeXt-Tiny,20260607,3,1.48936,1.66152,75.809,0.7333,0.98,0.8859
run_20260607_PlantVillage_Swin-Tiny,PlantVillage,Swin-Tiny,20260607,4,1.40869,1.52085,88.0139,0.7557,0.5008,0.8729
run_20260607_PlantDoc_Swin-Tiny,PlantDoc,Swin-Tiny,20260607,5,1.31809,1.46836,71.9208,0.7758,0.98,0.8727
run_20260607_CUB-200-2011_Swin-Tiny,CUB-200-2011,Swin-Tiny,20260607,6,1.22014,1.39759,79.0965,0.7709,0.885,0.8795
run_20260607_PlantVillage_ConvNeXtplusARM,PlantVillage,ConvNeXt+ARM,20260607,7,1.17581,1.25494,90.5924,0.7776,0.4724,0.8645
run_20260607_PlantDoc_ConvNeXtplusARM,PlantDoc,ConvNeXt+ARM,20260607,8,1.09345,1.18739,76.6278,0.7625,0.98,0.8534
run_20260607_CUB-200-2011_ConvNeXtplusARM,CUB-200-2011,ConvNeXt+ARM,20260607,9,1.02699,1.1245,81.5751,0.7661,0.8227,0.8369
run_20260607_PlantVillage_UAMP-Net,PlantVillage,UAMP-Net,20260607,10,0.94961,1.02974,92.7506,0.8267,0.244,0.8736
run_20260607_PlantDoc_UAMP-Net,PlantDoc,UAMP-Net,20260607,11,0.92126,1.02244,81.5261,0.8523,0.7408,0.8574
run_20260607_CUB-200-2011_UAMP-Net,CUB-200-2011,UAMP-Net,20260607,12,0.84122,0.93005,83.916,0.8322,0.6788,0.8399
run_20260614_PlantVillage_ResNet-50,PlantVillage,ResNet-50,20260614,13,0.77332,0.86632,91.7748,0.7803,0.2249,0.844
run_20260614_PlantDoc_ResNet-50,PlantDoc,ResNet-50,20260614,14,0.73845,0.87272,71.7136,0.7806,0.98,0.8747
run_20260614_CUB-200-2011_ResNet-50,CUB-200-2011,ResNet-50,20260614,15,0.71205,0.81837,77.4286,0.7738,0.98,0.855
run_20260614_PlantVillage_EfficientNet-B3,PlantVillage,EfficientNet-B3,20260614,16,0.65118,0.68448,93.5515,0.7929,0.2305,0.8793
run_20260614_PlantDoc_EfficientNet-B3,PlantDoc,EfficientNet-B3,20260614,17,0.63557,0.72669,76.4123,0.8445,0.98,0.83
run_20260614_CUB-200-2011_EfficientNet-B3,CUB-200-2011,EfficientNet-B3,20260614,18,0.57617,0.68938,82.1807,0.7535,0.7884,0.8855
run_20260614_PlantVillage_ConvNeXt-Tiny,PlantVillage,ConvNeXt-Tiny,20260614,19,0.56669,0.54364,95.4722,0.774,0.289,0.8589
run_20260614_PlantDoc_ConvNeXt-Tiny,PlantDoc,ConvNeXt-Tiny,20260614,20,0.50582,0.58519,79.295,0.8134,0.837,0.8845
run_20260614_CUB-200-2011_ConvNeXt-Tiny,CUB-200-2011,ConvNeXt-Tiny,20260614,21,0.48674,0.54757,83.8198,0.7852,0.6939,0.8832
run_20260614_PlantVillage_Swin-Tiny,PlantVillage,Swin-Tiny,20260614,22,0.43955,0.50074,95.7873,0.8156,0.1559,0.8479
run_20260614_PlantDoc_Swin-Tiny,PlantDoc,Swin-Tiny,20260614,23,0.42227,0.51018,79.3288,0.7958,0.9098,0.8385
run_20260614_CUB-200-2011_Swin-Tiny,CUB-200-2011,Swin-Tiny,20260614,24,0.40327,0.45007,84.9746,0.7934,0.6643,0.8604
run_20260614_PlantVillage_ConvNeXtplusARM,PlantVillage,ConvNeXt+ARM,20260614,25,0.38236,0.36722,96.5999,0.7916,0.1712,0.8287
run_20260614_PlantDoc_ConvNeXtplusARM,PlantDoc,ConvNeXt+ARM,20260614,26,0.34472,0.41416,83.052,0.7984,0.6489,0.8626
run_20260614_CUB-200-2011_ConvNeXtplusARM,CUB-200-2011,ConvNeXt+ARM,20260614,27,0.31688,0.37821,85.8897,0.835,0.6483,0.8315
run_20260614_PlantVillage_UAMP-Net,PlantVillage,UAMP-Net,20260614,28,0.29041,0.3314,97.2576,0.8968,0.0954,0.8362
run_20260614_PlantDoc_UAMP-Net,PlantDoc,UAMP-Net,20260614,29,0.28507,0.34432,85.3506,0.8456,0.6423,0.8451
run_20260614_CUB-200-2011_UAMP-Net,CUB-200-2011,UAMP-Net,20260614,30,0.25671,0.32655,88.3456,0.8767,0.5614,0.8631
run_20260601_PlantVillage_ResNet-50,PlantVillage,ResNet-50,20260601,31,0.27629,0.30324,95.6906,0.8244,0.3288,0.872
run_20260601_PlantDoc_ResNet-50,PlantDoc,ResNet-50,20260601,32,0.25899,0.34805,75.7343,0.8087,0.98,0.8681
run_20260601_CUB-200-2011_ResNet-50,CUB-200-2011,ResNet-50,20260601,33,0.21522,0.29765,81.0545,0.8208,0.7745,0.8485
run_20260601_PlantVillage_EfficientNet-B3,PlantVillage,EfficientNet-B3,20260601,34,0.2342,0.23697,96.507,0.8286,0.1621,0.86
run_20260601_PlantDoc_EfficientNet-B3,PlantDoc,EfficientNet-B3,20260601,35,0.19253,0.26139,78.7092,0.8382,0.8772,0.8791
run_20260601_CUB-200-2011_EfficientNet-B3,CUB-200-2011,EfficientNet-B3,20260601,36,0.18611,0.25117,83.7414,0.849,0.6872,0.8402
run_20260601_PlantVillage_ConvNeXt-Tiny,PlantVillage,ConvNeXt-Tiny,20260601,37,0.1974,0.14582,97.4936,0.8037,0.0339,0.8513
run_20260601_PlantDoc_ConvNeXt-Tiny,PlantDoc,ConvNeXt-Tiny,20260601,38,0.18428,0.259,80.8569,0.8004,0.789,0.8388
run_20260601_CUB-200-2011_ConvNeXt-Tiny,CUB-200-2011,ConvNeXt-Tiny,20260601,39,0.16158,0.21884,86.1341,0.8447,0.5674,0.8331
run_20260601_PlantVillage_Swin-Tiny,PlantVillage,Swin-Tiny,20260601,40,0.134,0.18948,97.6216,0.8343,0.0616,0.808
run_20260601_PlantDoc_Swin-Tiny,PlantDoc,Swin-Tiny,20260601,41,0.17378,0.17309,80.8033,0.801,0.8107,0.8538
run_20260601_CUB-200-2011_Swin-Tiny,CUB-200-2011,Swin-Tiny,20260601,42,0.10512,0.1576,87.9968,0.8328,0.4602,0.839
run_20260601_PlantVillage_ConvNeXtplusARM,PlantVillage,ConvNeXt+ARM,20260601,43,0.13471,0.11495,98.086,0.8309,0.02,0.8679
run_20260601_PlantDoc_ConvNeXtplusARM,PlantDoc,ConvNeXt+ARM,20260601,44,0.09899,0.16033,83.2899,0.8241,0.6841,0.8339
run_20260601_CUB-200-2011_ConvNeXtplusARM,CUB-200-2011,ConvNeXt+ARM,20260601,45,0.10979,0.18665,87.9431,0.8034,0.4655,0.8399
run_20260601_PlantVillage_UAMP-Net,PlantVillage,UAMP-Net,20260601,46,0.12697,0.0697,98.7504,0.8845,0.02,0.8526
run_20260601_PlantDoc_UAMP-Net,PlantDoc,UAMP-Net,20260601,47,0.09001,0.16284,85.7403,0.9106,0.5728,0.8346
run_20260601_CUB-200-2011_UAMP-Net,CUB-200-2011,UAMP-Net,20260601,48,0.08267,0.09223,89.1782,0.9387,0.4393,0.8645
run_20260607_PlantVillage_ResNet-50,PlantVillage,ResNet-50,20260607,49,0.09241,0.12337,95.9124,0.813,0.1425,0.8391
run_20260607_PlantDoc_ResNet-50,PlantDoc,ResNet-50,20260607,50,0.0729,0.19801,75.8983,0.851,0.9365,0.8646
run_20260607_CUB-200-2011_ResNet-50,CUB-200-2011,ResNet-50,20260607,51,0.05035,0.14162,81.9072,0.8001,0.7822,0.8418
run_20260607_PlantVillage_EfficientNet-B3,PlantVillage,EfficientNet-B3,20260607,52,0.06023,0.08786,97.5705,0.8356,0.0347,0.8474
run_20260607_PlantDoc_EfficientNet-B3,PlantDoc,EfficientNet-B3,20260607,53,0.06305,0.14854,79.5151,0.8516,0.8239,0.8618
run_20260607_CUB-200-2011_EfficientNet-B3,CUB-200-2011,EfficientNet-B3,20260607,54,0.05802,0.12248,85.1084,0.8363,0.5961,0.849
run_20260607_PlantVillage_ConvNeXt-Tiny,PlantVillage,ConvNeXt-Tiny,20260607,55,0.0646,0.04623,97.9962,0.8488,0.0542,0.8154
run_20260607_PlantDoc_ConvNeXt-Tiny,PlantDoc,ConvNeXt-Tiny,20260607,56,0.07455,0.13199,82.144,0.8559,0.828,0.8216
run_20260607_CUB-200-2011_ConvNeXt-Tiny,CUB-200-2011,ConvNeXt-Tiny,20260607,57,0.03533,0.1057,86.5385,0.846,0.5074,0.8627
run_20260607_PlantVillage_Swin-Tiny,PlantVillage,Swin-Tiny,20260607,58,0.07617,0.06307,97.9443,0.8746,0.2133,0.8656
run_20260607_PlantDoc_Swin-Tiny,PlantDoc,Swin-Tiny,20260607,59,0.04646,0.09039,81.4539,0.8576,0.7284,0.8443
run_20260607_CUB-200-2011_Swin-Tiny,CUB-200-2011,Swin-Tiny,20260607,60,0.04401,0.10875,87.9027,0.8219,0.4793,0.8348
run_20260607_PlantVillage_ConvNeXtplusARM,PlantVillage,ConvNeXt+ARM,20260607,1,1.71872,1.82003,86.0745,0.7736,0.6124,0.8538
run_20260607_PlantDoc_ConvNeXtplusARM,PlantDoc,ConvNeXt+ARM,20260607,2,1.56338,1.73752,73.2769,0.7531,0.98,0.8252
run_20260607_CUB-200-2011_ConvNeXtplusARM,CUB-200-2011,ConvNeXt+ARM,20260607,3,1.48252,1.65853,77.5033,0.7613,0.98,0.8565
run_20260607_PlantVillage_UAMP-Net,PlantVillage,UAMP-Net,20260607,4,1.393,1.49502,88.9324,0.8192,0.5266,0.8218
run_20260607_PlantDoc_UAMP-Net,PlantDoc,UAMP-Net,20260607,5,1.3295,1.46927,77.9225,0.827,0.8923,0.8311
run_20260607_CUB-200-2011_UAMP-Net,CUB-200-2011,UAMP-Net,20260607,6,1.23923,1.37575,81.3989,0.8242,0.8198,0.8881
run_20260614_PlantVillage_ResNet-50,PlantVillage,ResNet-50,20260614,7,1.16101,1.26493,88.8976,0.7523,0.4662,0.8533
run_20260614_PlantDoc_ResNet-50,PlantDoc,ResNet-50,20260614,8,1.12311,1.25369,69.7886,0.757,0.98,0.8618
run_20260614_CUB-200-2011_ResNet-50,CUB-200-2011,ResNet-50,20260614,9,1.02907,1.13622,76.6876,0.7505,0.9639,0.8472
run_20260614_PlantVillage_EfficientNet-B3,PlantVillage,EfficientNet-B3,20260614,10,0.96441,1.03217,91.0673,0.7592,0.4139,0.8597
run_20260614_PlantDoc_EfficientNet-B3,PlantDoc,EfficientNet-B3,20260614,11,0.91146,1.03879,73.8911,0.7945,0.98,0.8825
run_20260614_CUB-200-2011_EfficientNet-B3,CUB-200-2011,EfficientNet-B3,20260614,12,0.85784,0.9779,80.3356,0.7698,0.8297,0.8345
run_20260614_PlantVillage_ConvNeXt-Tiny,PlantVillage,ConvNeXt-Tiny,20260614,13,0.80412,0.82599,93.3883,0.7628,0.1482,0.8276
run_20260614_PlantDoc_ConvNeXt-Tiny,PlantDoc,ConvNeXt-Tiny,20260614,14,0.7449,0.87406,76.8502,0.7676,0.9306,0.8438
run_20260614_CUB-200-2011_ConvNeXt-Tiny,CUB-200-2011,ConvNeXt-Tiny,20260614,15,0.6925,0.7711,82.9906,0.7383,0.7005,0.8618
run_20260614_PlantVillage_Swin-Tiny,PlantVillage,Swin-Tiny,20260614,16,0.66891,0.68925,94.2436,0.7983,0.2294,0.8202
run_20260614_PlantDoc_Swin-Tiny,PlantDoc,Swin-Tiny,20260614,17,0.61984,0.70747,78.4144,0.801,0.8903,0.8668
run_20260614_CUB-200-2011_Swin-Tiny,CUB-200-2011,Swin-Tiny,20260614,18,0.58895,0.64259,83.2727,0.7725,0.7033,0.8241
run_20260614_PlantVillage_ConvNeXtplusARM,PlantVillage,ConvNeXt+ARM,20260614,19,0.56976,0.57073,95.5127,0.7367,0.1749,0.8393
run_20260614_PlantDoc_ConvNeXtplusARM,PlantDoc,ConvNeXt+ARM,20260614,20,0.52786,0.58073,80.5674,0.7581,0.792,0.8747
run_20260614_CUB-200-2011_ConvNeXtplusARM,CUB-200-2011,ConvNeXt+ARM,20260614,21,0.49205,0.53794,86.0202,0.7738,0.5231,0.8434
run_20260614_PlantVillage_UAMP-Net,PlantVillage,UAMP-Net,20260614,22,0.45165,0.45775,96.7176,0.8857,0.1847,0.8467
run_20260614_PlantDoc_UAMP-Net,PlantDoc,UAMP-Net,20260614,23,0.43692,0.49948,85.0564,0.8445,0.6756,0.8099
run_20260614_CUB-200-2011_UAMP-Net,CUB-200-2011,UAMP-Net,20260614,24,0.40795,0.44268,87.4411,0.877,0.532,0.8873
run_20260601_PlantVillage_ResNet-50,PlantVillage,ResNet-50,20260601,25,0.36513,0.38439,95.1643,0.8119,0.1652,0.8222
run_20260601_PlantDoc_ResNet-50,PlantDoc,ResNet-50,20260601,26,0.33089,0.43657,74.6769,0.8307,0.98,0.8574
run_20260601_CUB-200-2011_ResNet-50,CUB-200-2011,ResNet-50,20260601,27,0.36639,0.43384,81.2571,0.7975,0.701,0.8599
run_20260601_PlantVillage_EfficientNet-B3,PlantVillage,EfficientNet-B3,20260601,28,0.32094,0.3523,95.9693,0.7971,0.2225,0.8479
run_20260601_PlantDoc_EfficientNet-B3,PlantDoc,EfficientNet-B3,20260601,29,0.27409,0.36422,78.6311,0.7931,0.8121,0.8481
run_20260601_CUB-200-2011_EfficientNet-B3,CUB-200-2011,EfficientNet-B3,20260601,30,0.27715,0.34918,84.3853,0.8403,0.6477,0.8727
run_20260601_PlantVillage_ConvNeXt-Tiny,PlantVillage,ConvNeXt-Tiny,20260601,31,0.25354,0.2796,97.0222,0.7883,0.1547,0.845
run_20260601_PlantDoc_ConvNeXt-Tiny,PlantDoc,ConvNeXt-Tiny,20260601,32,0.22262,0.33478,80.9831,0.7631,0.762,0.8356
run_20260601_CUB-200-2011_ConvNeXt-Tiny,CUB-200-2011,ConvNeXt-Tiny,20260601,33,0.23265,0.26439,86.1376,0.8285,0.5882,0.8603
run_20260601_PlantVillage_Swin-Tiny,PlantVillage,Swin-Tiny,20260601,34,0.21937,0.22594,96.7382,0.8065,0.2117,0.8681
run_20260601_PlantDoc_Swin-Tiny,PlantDoc,Swin-Tiny,20260601,35,0.1878,0.27363,80.9556,0.798,0.7375,0.8327
run_20260601_CUB-200-2011_Swin-Tiny,CUB-200-2011,Swin-Tiny,20260601,36,0.17038,0.22029,86.8708,0.8141,0.4299,0.8558
run_20260601_PlantVillage_ConvNeXtplusARM,PlantVillage,ConvNeXt+ARM,20260601,37,0.1712,0.18626,97.7049,0.7744,0.0831,0.8354
run_20260601_PlantDoc_ConvNeXtplusARM,PlantDoc,ConvNeXt+ARM,20260601,38,0.1674,0.26823,83.256,0.8386,0.7261,0.8465
run_20260601_CUB-200-2011_ConvNeXtplusARM,CUB-200-2011,ConvNeXt+ARM,20260601,39,0.16699,0.19337,86.9003,0.8136,0.4763,0.8518
run_20260601_PlantVillage_UAMP-Net,PlantVillage,UAMP-Net,20260601,40,0.15703,0.149,98.6634,0.8918,0.0535,0.8634
run_20260601_PlantDoc_UAMP-Net,PlantDoc,UAMP-Net,20260601,41,0.16269,0.19943,85.8359,0.9124,0.5254,0.8485
run_20260601_CUB-200-2011_UAMP-Net,CUB-200-2011,UAMP-Net,20260601,42,0.12806,0.16033,88.7192,0.9195,0.4457,0.8473
run_20260607_PlantVillage_ResNet-50,PlantVillage,ResNet-50,20260607,43,0.08041,0.14909,96.0907,0.8,0.1863,0.8287
run_20260607_PlantDoc_ResNet-50,PlantDoc,ResNet-50,20260607,44,0.09243,0.21061,76.7101,0.8382,0.98,0.8602
run_20260607_CUB-200-2011_ResNet-50,CUB-200-2011,ResNet-50,20260607,45,0.10491,0.17022,82.1099,0.8264,0.7265,0.8282
run_20260607_PlantVillage_EfficientNet-B3,PlantVillage,EfficientNet-B3,20260607,46,0.12906,0.08555,97.3066,0.8372,0.0514,0.7951
run_20260607_PlantDoc_EfficientNet-B3,PlantDoc,EfficientNet-B3,20260607,47,0.07487,0.15383,79.5518,0.8501,0.9671,0.848
run_20260607_CUB-200-2011_EfficientNet-B3,CUB-200-2011,EfficientNet-B3,20260607,48,0.06558,0.11779,85.3141,0.8741,0.5751,0.8352
run_20260607_PlantVillage_ConvNeXt-Tiny,PlantVillage,ConvNeXt-Tiny,20260607,49,0.07766,0.08047,97.9138,0.8539,0.0721,0.8356
run_20260607_PlantDoc_ConvNeXt-Tiny,PlantDoc,ConvNeXt-Tiny,20260607,50,0.10204,0.14845,82.0135,0.8406,0.7868,0.8537
run_20260607_CUB-200-2011_ConvNeXt-Tiny,CUB-200-2011,ConvNeXt-Tiny,20260607,51,0.09091,0.11247,86.6906,0.8919,0.5879,0.8666
run_20260607_PlantVillage_Swin-Tiny,PlantVillage,Swin-Tiny,20260607,52,0.06634,0.09463,97.7394,0.8778,0.0355,0.8382
run_20260607_PlantDoc_Swin-Tiny,PlantDoc,Swin-Tiny,20260607,53,0.07715,0.14771,81.424,0.8425,0.7266,0.8606
run_20260607_CUB-200-2011_Swin-Tiny,CUB-200-2011,Swin-Tiny,20260607,54,0.07119,0.08515,87.4281,0.8406,0.5529,0.8664
run_20260607_PlantVillage_ConvNeXtplusARM,PlantVillage,ConvNeXt+ARM,20260607,55,0.07401,0.06713,98.2976,0.8556,0.1421,0.869
run_20260607_PlantDoc_ConvNeXtplusARM,PlantDoc,ConvNeXt+ARM,20260607,56,0.05984,0.12449,83.4542,0.8673,0.7222,0.8382
run_20260607_CUB-200-2011_ConvNeXtplusARM,CUB-200-2011,ConvNeXt+ARM,20260607,57,0.05023,0.08852,87.8784,0.8526,0.437,0.8447
run_20260607_PlantVillage_UAMP-Net,PlantVillage,UAMP-Net,20260607,58,0.05348,0.03626,98.863,0.9487,0.0817,0.8426
run_20260607_PlantDoc_UAMP-Net,PlantDoc,UAMP-Net,20260607,59,0.02014,0.09944,87.4141,0.9459,0.5809,0.8332
run_20260607_CUB-200-2011_UAMP-Net,CUB-200-2011,UAMP-Net,20260607,60,0.04324,0.07473,89.2775,0.9497,0.4331,0.8513
run_20260614_PlantVillage_ResNet-50,PlantVillage,ResNet-50,20260614,1,1.70171,1.80462,84.6344,0.7434,0.6421,0.852
run_20260614_PlantDoc_ResNet-50,PlantDoc,ResNet-50,20260614,2,1.56819,1.80601,64.5963,0.7255,0.98,0.8508
run_20260614_CUB-200-2011_ResNet-50,CUB-200-2011,ResNet-50,20260614,3,1.49033,1.68273,72.2058,0.7667,0.98,0.8641
run_20260614_PlantVillage_EfficientNet-B3,PlantVillage,EfficientNet-B3,20260614,4,1.41667,1.52732,87.625,0.7687,0.5566,0.8658
run_20260614_PlantDoc_EfficientNet-B3,PlantDoc,EfficientNet-B3,20260614,5,1.31208,1.47793,70.8633,0.7693,0.98,0.8271
run_20260614_CUB-200-2011_EfficientNet-B3,CUB-200-2011,EfficientNet-B3,20260614,6,1.23762,1.37278,77.2982,0.7458,0.98,0.8634
run_20260614_PlantVillage_ConvNeXt-Tiny,PlantVillage,ConvNeXt-Tiny,20260614,7,1.14571,1.23786,90.4697,0.7929,0.4003,0.8329
run_20260614_PlantDoc_ConvNeXt-Tiny,PlantDoc,ConvNeXt-Tiny,20260614,8,1.09791,1.21432,75.086,0.7778,0.98,0.8357
run_20260614_CUB-200-2011_ConvNeXt-Tiny,CUB-200-2011,ConvNeXt-Tiny,20260614,9,1.00684,1.15236,79.8057,0.7705,0.8386,0.8913
run_20260614_PlantVillage_Swin-Tiny,PlantVillage,Swin-Tiny,20260614,10,0.97194,1.00495,91.7209,0.7778,0.3914,0.9174
run_20260614_PlantDoc_Swin-Tiny,PlantDoc,Swin-Tiny,20260614,11,0.87773,1.01757,75.5329,0.7578,0.98,0.841
run_20260614_CUB-200-2011_Swin-Tiny,CUB-200-2011,Swin-Tiny,20260614,12,0.86435,0.96075,83.0506,0.7347,0.7173,0.8477
run_20260614_PlantVillage_ConvNeXtplusARM,PlantVillage,ConvNeXt+ARM,20260614,13,0.80542,0.83157,93.4794,0.7707,0.3257,0.8402
run_20260614_PlantDoc_ConvNeXtplusARM,PlantDoc,ConvNeXt+ARM,20260614,14,0.74177,0.82188,79.8118,0.7807,0.7937,0.8159
run_20260614_CUB-200-2011_ConvNeXtplusARM,CUB-200-2011,ConvNeXt+ARM,20260614,15,0.70957,0.76314,84.6719,0.7962,0.5825,0.8494
run_20260614_PlantVillage_UAMP-Net,PlantVillage,UAMP-Net,20260614,16,0.66278,0.64777,94.6423,0.85,0.173,0.8653
run_20260614_PlantDoc_UAMP-Net,PlantDoc,UAMP-Net,20260614,17,0.6343,0.69768,83.8195,0.8443,0.6263,0.8562
run_20260614_CUB-200-2011_UAMP-Net,CUB-200-2011,UAMP-Net,20260614,18,0.57586,0.63379,85.5768,0.8476,0.6242,0.8531
run_20260601_PlantVillage_ResNet-50,PlantVillage,ResNet-50,20260601,19,0.51985,0.57625,93.6581,0.8193,0.3021,0.862
run_20260601_PlantDoc_ResNet-50,PlantDoc,ResNet-50,20260601,20,0.51341,0.6402,73.6008,0.7812,0.98,0.8286
run_20260601_CUB-200-2011_ResNet-50,CUB-200-2011,ResNet-50,20260601,21,0.46357,0.56104,80.2569,0.8094,0.8999,0.8281
run_20260601_PlantVillage_EfficientNet-B3,PlantVillage,EfficientNet-B3,20260601,22,0.46419,0.46471,95.1868,0.8209,0.2453,0.8157
run_20260601_PlantDoc_EfficientNet-B3,PlantDoc,EfficientNet-B3,20260601,23,0.43061,0.49617,77.8056,0.7928,0.9346,0.8486
run_20260601_CUB-200-2011_EfficientNet-B3,CUB-200-2011,EfficientNet-B3,20260601,24,0.38559,0.48159,83.4469,0.753,0.6769,0.8443
run_20260601_PlantVillage_ConvNeXt-Tiny,PlantVillage,ConvNeXt-Tiny,20260601,25,0.3919,0.37649,96.3554,0.7659,0.071,0.8246
run_20260601_PlantDoc_ConvNeXt-Tiny,PlantDoc,ConvNeXt-Tiny,20260601,26,0.33366,0.44249,81.0021,0.8138,0.7524,0.8724
run_20260601_CUB-200-2011_ConvNeXt-Tiny,CUB-200-2011,ConvNeXt-Tiny,20260601,27,0.33779,0.40017,84.6088,0.791,0.531,0.8298
run_20260601_PlantVillage_Swin-Tiny,PlantVillage,Swin-Tiny,20260601,28,0.31356,0.31844,96.5921,0.7719,0.148,0.8342
run_20260601_PlantDoc_Swin-Tiny,PlantDoc,Swin-Tiny,20260601,29,0.30442,0.3747,80.512,0.7852,0.8821,0.8593
run_20260601_CUB-200-2011_Swin-Tiny,CUB-200-2011,Swin-Tiny,20260601,30,0.27857,0.33786,86.5714,0.7664,0.517,0.9016
run_20260601_PlantVillage_ConvNeXtplusARM,PlantVillage,ConvNeXt+ARM,20260601,31,0.27108,0.2785,97.2727,0.8085,0.1874,0.8548
run_20260601_PlantDoc_ConvNeXtplusARM,PlantDoc,ConvNeXt+ARM,20260601,32,0.26343,0.31303,83.4011,0.8073,0.6425,0.8287
run_20260601_CUB-200-2011_ConvNeXtplusARM,CUB-200-2011,ConvNeXt+ARM,20260601,33,0.23923,0.30627,86.4086,0.8254,0.5593,0.8428
run_20260601_PlantVillage_UAMP-Net,PlantVillage,UAMP-Net,20260601,34,0.21258,0.23447,98.1423,0.8787,0.0537,0.8351
run_20260601_PlantDoc_UAMP-Net,PlantDoc,UAMP-Net,20260601,35,0.19821,0.27741,86.3227,0.8896,0.5418,0.8729
run_20260601_CUB-200-2011_UAMP-Net,CUB-200-2011,UAMP-Net,20260601,36,0.21261,0.23242,88.812,0.8539,0.5046,0.8664
run_20260607_PlantVillage_ResNet-50,PlantVillage,ResNet-50,20260607,37,0.17244,0.17711,96.1224,0.7972,0.147,0.8461
run_20260607_PlantDoc_ResNet-50,PlantDoc,ResNet-50,20260607,38,0.16304,0.27207,75.8672,0.818,0.9382,0.8173
run_20260607_CUB-200-2011_ResNet-50,CUB-200-2011,ResNet-50,20260607,39,0.16948,0.21529,82.2912,0.8282,0.7442,0.8524
run_20260607_PlantVillage_EfficientNet-B3,PlantVillage,EfficientNet-B3,20260607,40,0.1473,0.17453,97.0958,0.8372,0.0722,0.8654
run_20260607_PlantDoc_EfficientNet-B3,PlantDoc,EfficientNet-B3,20260607,41,0.14923,0.21959,79.3244,0.8694,0.8473,0.8534
run_20260607_CUB-200-2011_EfficientNet-B3,CUB-200-2011,EfficientNet-B3,20260607,42,0.12686,0.2152,84.4683,0.8417,0.5826,0.8288
run_20260607_PlantVillage_ConvNeXt-Tiny,PlantVillage,ConvNeXt-Tiny,20260607,43,0.1154,0.13044,97.6978,0.8352,0.0872,0.8478
run_20260607_PlantDoc_ConvNeXt-Tiny,PlantDoc,ConvNeXt-Tiny,20260607,44,0.10936,0.19767,81.8748,0.8499,0.7528,0.8602
run_20260607_CUB-200-2011_ConvNeXt-Tiny,CUB-200-2011,ConvNeXt-Tiny,20260607,45,0.11158,0.17802,86.4524,0.8687,0.5313,0.8495
run_20260607_PlantVillage_Swin-Tiny,PlantVillage,Swin-Tiny,20260607,46,0.09304,0.1191,97.6669,0.8366,0.1433,0.8502
run_20260607_PlantDoc_Swin-Tiny,PlantDoc,Swin-Tiny,20260607,47,0.08779,0.14698,81.3233,0.9014,0.7571,0.892
run_20260607_CUB-200-2011_Swin-Tiny,CUB-200-2011,Swin-Tiny,20260607,48,0.07363,0.13555,87.2576,0.8658,0.4455,0.8776
run_20260607_PlantVillage_ConvNeXtplusARM,PlantVillage,ConvNeXt+ARM,20260607,49,0.10702,0.11843,98.1387,0.8566,0.0829,0.8707
run_20260607_PlantDoc_ConvNeXtplusARM,PlantDoc,ConvNeXt+ARM,20260607,50,0.09042,0.1513,83.92,0.8238,0.6591,0.8608
run_20260607_CUB-200-2011_ConvNeXtplusARM,CUB-200-2011,ConvNeXt+ARM,20260607,51,0.08335,0.11208,87.9112,0.8338,0.5561,0.8669
run_20260607_PlantVillage_UAMP-Net,PlantVillage,UAMP-Net,20260607,52,0.06151,0.07203,98.8271,0.9225,0.02,0.8438
run_20260607_PlantDoc_UAMP-Net,PlantDoc,UAMP-Net,20260607,53,0.07938,0.1194,86.2214,0.9345,0.5865,0.88
run_20260607_CUB-200-2011_UAMP-Net,CUB-200-2011,UAMP-Net,20260607,54,0.06496,0.09464,89.3254,0.9396,0.416,0.8692
run_20260614_PlantVillage_ResNet-50,PlantVillage,ResNet-50,20260614,55,0.05409,0.03676,96.3366,0.8302,0.0411,0.8645
run_20260614_PlantDoc_ResNet-50,PlantDoc,ResNet-50,20260614,56,0.04078,0.15128,76.1439,0.8831,0.98,0.8191
run_20260614_CUB-200-2011_ResNet-50,CUB-200-2011,ResNet-50,20260614,57,0.07275,0.13167,82.4581,0.8671,0.7038,0.8591
run_20260614_PlantVillage_EfficientNet-B3,PlantVillage,EfficientNet-B3,20260614,58,0.04943,0.06817,97.1902,0.8499,0.143,0.8661
run_20260614_PlantDoc_EfficientNet-B3,PlantDoc,EfficientNet-B3,20260614,59,0.05454,0.1225,79.6352,0.8284,0.8157,0.8411
run_20260614_CUB-200-2011_EfficientNet-B3,CUB-200-2011,EfficientNet-B3,20260614,60,0.02434,0.11203,85.6777,0.8762,0.5567,0.8285
run_20260614_PlantVillage_ConvNeXt-Tiny,PlantVillage,ConvNeXt-Tiny,20260614,1,1.69996,1.83409,85.7738,0.7323,0.7407,0.8725
run_20260614_PlantDoc_ConvNeXt-Tiny,PlantDoc,ConvNeXt-Tiny,20260614,2,1.57705,1.76434,70.0486,0.7913,0.98,0.8479
run_20260614_CUB-200-2011_ConvNeXt-Tiny,CUB-200-2011,ConvNeXt-Tiny,20260614,3,1.49049,1.66354,76.5139,0.7525,0.98,0.851
run_20260614_PlantVillage_Swin-Tiny,PlantVillage,Swin-Tiny,20260614,4,1.41722,1.51627,88.2932,0.7535,0.4382,0.8748
run_20260614_PlantDoc_Swin-Tiny,PlantDoc,Swin-Tiny,20260614,5,1.30694,1.49842,72.2775,0.7371,0.98,0.8542
run_20260614_CUB-200-2011_Swin-Tiny,CUB-200-2011,Swin-Tiny,20260614,6,1.2338,1.34389,79.1736,0.7751,0.8717,0.847
run_20260614_PlantVillage_ConvNeXtplusARM,PlantVillage,ConvNeXt+ARM,20260614,7,1.14516,1.25244,90.9485,0.7892,0.4084,0.8486
run_20260614_PlantDoc_ConvNeXtplusARM,PlantDoc,ConvNeXt+ARM,20260614,8,1.09342,1.22389,77.2625,0.7651,0.8833,0.8759
run_20260614_CUB-200-2011_ConvNeXtplusARM,CUB-200-2011,ConvNeXt+ARM,20260614,9,1.01017,1.1293,81.2378,0.7489,0.7454,0.8231
run_20260614_PlantVillage_UAMP-Net,PlantVillage,UAMP-Net,20260614,10,0.9902,1.01866,92.7544,0.8416,0.2604,0.9054
run_20260614_PlantDoc_UAMP-Net,PlantDoc,UAMP-Net,20260614,11,0.93554,1.01894,80.8903,0.8474,0.7849,0.859
run_20260614_CUB-200-2011_UAMP-Net,CUB-200-2011,UAMP-Net,20260614,12,0.84415,0.91891,84.6364,0.8027,0.5835,0.834
run_20260601_PlantVillage_ResNet-50,PlantVillage,ResNet-50,20260601,13,0.7881,0.85527,91.4367,0.7812,0.2865,0.8166
run_20260601_PlantDoc_ResNet-50,PlantDoc,ResNet-50,20260601,14,0.74077,0.90649,71.6305,0.7895,0.98,0.8361
run_20260601_CUB-200-2011_ResNet-50,CUB-200-2011,ResNet-50,20260601,15,0.70586,0.80488,78.2947,0.7568,0.9046,0.8592
run_20260601_PlantVillage_EfficientNet-B3,PlantVillage,EfficientNet-B3,20260601,16,0.68984,0.71856,93.5268,0.7308,0.2586,0.8469
run_20260601_PlantDoc_EfficientNet-B3,PlantDoc,EfficientNet-B3,20260601,17,0.61556,0.68318,76.0745,0.7875,0.9764,0.855
run_20260601_CUB-200-2011_EfficientNet-B3,CUB-200-2011,EfficientNet-B3,20260601,18,0.57965,0.66487,81.6377,0.7946,0.797,0.8653
run_20260601_PlantVillage_ConvNeXt-Tiny,PlantVillage,ConvNeXt-Tiny,20260601,19,0.55002,0.57773,95.2087,0.7656,0.1692,0.8243
run_20260601_PlantDoc_ConvNeXt-Tiny,PlantDoc,ConvNeXt-Tiny,20260601,20,0.4985,0.62686,79.1646,0.8082,0.8371,0.8618
run_20260601_CUB-200-2011_ConvNeXt-Tiny,CUB-200-2011,ConvNeXt-Tiny,20260601,21,0.49878,0.55763,84.5516,0.7859,0.6106,0.8472
run_20260601_PlantVillage_Swin-Tiny,PlantVillage,Swin-Tiny,20260601,22,0.4462,0.48491,95.7706,0.7931,0.2143,0.8392
run_20260601_PlantDoc_Swin-Tiny,PlantDoc,Swin-Tiny,20260601,23,0.41536,0.51102,78.9563,0.807,0.8081,0.8708
run_20260601_CUB-200-2011_Swin-Tiny,CUB-200-2011,Swin-Tiny,20260601,24,0.36951,0.48052,85.4002,0.8188,0.5767,0.8264
run_20260601_PlantVillage_ConvNeXtplusARM,PlantVillage,ConvNeXt+ARM,20260601,25,0.38015,0.43488,96.2807,0.7784,0.1071,0.858
run_20260601_PlantDoc_ConvNeXtplusARM,PlantDoc,ConvNeXt+ARM,20260601,26,0.35526,0.48162,81.8976,0.8443,0.7349,0.8474
run_20260601_CUB-200-2011_ConvNeXtplusARM,CUB-200-2011,ConvNeXt+ARM,20260601,27,0.34726,0.36813,86.5581,0.7816,0.5317,0.8703
run_20260601_PlantVillage_UAMP-Net,PlantVillage,UAMP-Net,20260601,28,0.31391,0.28762,97.2683,0.8481,0.1467,0.8775
run_20260601_PlantDoc_UAMP-Net,PlantDoc,UAMP-Net,20260601,29,0.28268,0.35073,85.2496,0.8908,0.6238,0.847
run_20260601_CUB-200-2011_UAMP-Net,CUB-200-2011,UAMP-Net,20260601,30,0.25297,0.33399,88.0875,0.8765,0.5135,0.8552
run_20260607_PlantVillage_ResNet-50,PlantVillage,ResNet-50,20260607,31,0.25306,0.29614,95.6986,0.8415,0.2261,0.8432
run_20260607_PlantDoc_ResNet-50,PlantDoc,ResNet-50,20260607,32,0.23394,0.36197,75.7019,0.8396,0.98,0.8997
run_20260607_CUB-200-2011_ResNet-50,CUB-200-2011,ResNet-50,20260607,33,0.24867,0.28587,81.5964,0.7735,0.7423,0.8403
run_20260607_PlantVillage_EfficientNet-B3,PlantVillage,EfficientNet-B3,20260607,34,0.22229,0.22403,96.8412,0.8265,0.105,0.8699
run_20260607_PlantDoc_EfficientNet-B3,PlantDoc,EfficientNet-B3,20260607,35,0.19809,0.28771,79.3006,0.8045,0.8852,0.8891
run_20260607_CUB-200-2011_EfficientNet-B3,CUB-200-2011,EfficientNet-B3,20260607,36,0.20243,0.24649,84.8345,0.795,0.6564,0.8769
run_20260607_PlantVillage_ConvNeXt-Tiny,PlantVillage,ConvNeXt-Tiny,20260607,37,0.17152,0.19813,97.3678,0.8066,0.1314,0.8645
run_20260607_PlantDoc_ConvNeXt-Tiny,PlantDoc,ConvNeXt-Tiny,20260607,38,0.16209,0.23521,81.5327,0.8094,0.6811,0.8494
run_20260607_CUB-200-2011_ConvNeXt-Tiny,CUB-200-2011,ConvNeXt-Tiny,20260607,39,0.1581,0.17931,87.4575,0.8745,0.4781,0.8998
run_20260607_PlantVillage_Swin-Tiny,PlantVillage,Swin-Tiny,20260607,40,0.13733,0.16419,97.2372,0.8384,0.077,0.839
run_20260607_PlantDoc_Swin-Tiny,PlantDoc,Swin-Tiny,20260607,41,0.14298,0.17337,80.2755,0.8614,0.9183,0.8479
run_20260607_CUB-200-2011_Swin-Tiny,CUB-200-2011,Swin-Tiny,20260607,42,0.12583,0.14578,86.4933,0.8402,0.5226,0.8642
run_20260607_PlantVillage_ConvNeXtplusARM,PlantVillage,ConvNeXt+ARM,20260607,43,0.09621,0.14469,98.232,0.8555,0.1151,0.8417
run_20260607_PlantDoc_ConvNeXtplusARM,PlantDoc,ConvNeXt+ARM,20260607,44,0.13246,0.157,83.2315,0.8356,0.7508,0.8431
run_20260607_CUB-200-2011_ConvNeXtplusARM,CUB-200-2011,ConvNeXt+ARM,20260607,45,0.09594,0.14378,88.5547,0.8282,0.412,0.8641
run_20260607_PlantVillage_UAMP-Net,PlantVillage,UAMP-Net,20260607,46,0.11895,0.06606,98.3558,0.8784,0.1293,0.8488
run_20260607_PlantDoc_UAMP-Net,PlantDoc,UAMP-Net,20260607,47,0.08161,0.13541,86.8508,0.8905,0.5451,0.8325
run_20260607_CUB-200-2011_UAMP-Net,CUB-200-2011,UAMP-Net,20260607,48,0.11729,0.13332,90.1423,0.9094,0.3515,0.8162
run_20260614_PlantVillage_ResNet-50,PlantVillage,ResNet-50,20260614,49,0.07841,0.06384,96.2488,0.8218,0.1448,0.8766
run_20260614_PlantDoc_ResNet-50,PlantDoc,ResNet-50,20260614,50,0.04671,0.15325,76.3642,0.8964,0.98,0.8657
run_20260614_CUB-200-2011_ResNet-50,CUB-200-2011,ResNet-50,20260614,51,0.07678,0.15973,82.1777,0.8497,0.6896,0.8739
run_20260614_PlantVillage_EfficientNet-B3,PlantVillage,EfficientNet-B3,20260614,52,0.07186,0.09673,97.2638,0.8207,0.1555,0.8254
run_20260614_PlantDoc_EfficientNet-B3,PlantDoc,EfficientNet-B3,20260614,53,0.04213,0.1613,79.6703,0.8809,0.8282,0.8779
run_20260614_CUB-200-2011_EfficientNet-B3,CUB-200-2011,EfficientNet-B3,20260614,54,0.05591,0.14709,84.883,0.8503,0.6522,0.8507
run_20260614_PlantVillage_ConvNeXt-Tiny,PlantVillage,ConvNeXt-Tiny,20260614,55,0.09494,0.05158,97.8742,0.8753,0.1354,0.849
run_20260614_PlantDoc_ConvNeXt-Tiny,PlantDoc,ConvNeXt-Tiny,20260614,56,0.04459,0.08788,82.4207,0.8308,0.6904,0.868
run_20260614_CUB-200-2011_ConvNeXt-Tiny,CUB-200-2011,ConvNeXt-Tiny,20260614,57,0.05449,0.06796,86.4308,0.8633,0.6051,0.8445
run_20260614_PlantVillage_Swin-Tiny,PlantVillage,Swin-Tiny,20260614,58,0.08022,0.01866,97.6925,0.8625,0.1541,0.8667
run_20260614_PlantDoc_Swin-Tiny,PlantDoc,Swin-Tiny,20260614,59,0.03656,0.12383,81.9196,0.8837,0.8126,0.8622
run_20260614_CUB-200-2011_Swin-Tiny,CUB-200-2011,Swin-Tiny,20260614,60,0.05211,0.08314,87.5531,0.8509,0.6033,0.8552
run_20260614_PlantVillage_ConvNeXtplusARM,PlantVillage,ConvNeXt+ARM,20260614,1,1.68135,1.81676,86.0838,0.7517,0.5732,0.8317
run_20260614_PlantDoc_ConvNeXtplusARM,PlantDoc,ConvNeXt+ARM,20260614,2,1.59859,1.78796,72.3212,0.7771,0.98,0.8482
run_20260614_CUB-200-2011_ConvNeXtplusARM,CUB-200-2011,ConvNeXt+ARM,20260614,3,1.50083,1.66021,77.0877,0.7217,0.98,0.8414
run_20260614_PlantVillage_UAMP-Net,PlantVillage,UAMP-Net,20260614,4,1.408,1.51755,89.3108,0.8053,0.4573,0.8519
run_20260614_PlantDoc_UAMP-Net,PlantDoc,UAMP-Net,20260614,5,1.31603,1.4848,77.6175,0.8235,0.923,0.8172
run_20260614_CUB-200-2011_UAMP-Net,CUB-200-2011,UAMP-Net,20260614,6,1.24834,1.36767,81.4541,0.8129,0.8335,0.8687
run_20260601_PlantVillage_ResNet-50,PlantVillage,ResNet-50,20260601,7,1.14363,1.25322,88.8235,0.7499,0.4224,0.8525
run_20260601_PlantDoc_ResNet-50,PlantDoc,ResNet-50,20260601,8,1.09909,1.24027,69.0564,0.7748,0.98,0.8468
run_20260601_CUB-200-2011_ResNet-50,CUB-200-2011,ResNet-50,20260601,9,1.02152,1.18032,76.0845,0.7833,0.98,0.8504
run_20260601_PlantVillage_EfficientNet-B3,PlantVillage,EfficientNet-B3,20260601,10,0.94507,1.04213,91.2788,0.7614,0.3759,0.8278
run_20260601_PlantDoc_EfficientNet-B3,PlantDoc,EfficientNet-B3,20260601,11,0.87693,1.05339,74.394,0.8011,0.98,0.865
run_20260601_CUB-200-2011_EfficientNet-B3,CUB-200-2011,EfficientNet-B3,20260601,12,0.84051,0.94728,79.8749,0.7818,0.8849,0.8311
run_20260601_PlantVillage_ConvNeXt-Tiny,PlantVillage,ConvNeXt-Tiny,20260601,13,0.79831,0.88146,93.3489,0.7818,0.3201,0.8777
run_20260601_PlantDoc_ConvNeXt-Tiny,PlantDoc,ConvNeXt-Tiny,20260601,14,0.76034,0.84492,77.4987,0.8108,0.9114,0.8306
run_20260601_CUB-200-2011_ConvNeXt-Tiny,CUB-200-2011,ConvNeXt-Tiny,20260601,15,0.68997,0.7938,82.609,0.8054,0.6998,0.8351
run_20260601_PlantVillage_Swin-Tiny,PlantVillage,Swin-Tiny,20260601,16,0.65127,0.70931,94.0459,0.7997,0.2987,0.8796
run_20260601_PlantDoc_Swin-Tiny,PlantDoc,Swin-Tiny,20260601,17,0.61139,0.73131,78.1229,0.751,0.9284,0.8285
run_20260601_CUB-200-2011_Swin-Tiny,CUB-200-2011,Swin-Tiny,20260601,18,0.5977,0.65637,83.4915,0.762,0.6563,0.8601
run_20260601_PlantVillage_ConvNeXtplusARM,PlantVillage,ConvNeXt+ARM,20260601,19,0.54718,0.58768,95.5612,0.7647,0.117,0.8629
run_20260601_PlantDoc_ConvNeXtplusARM,PlantDoc,ConvNeXt+ARM,20260601,20,0.50385,0.57601,81.8655,0.7986,0.7841,0.8174
run_20260601_CUB-200-2011_ConvNeXtplusARM,CUB-200-2011,ConvNeXt+ARM,20260601,21,0.49916,0.54359,86.1223,0.7478,0.6511,0.8426
run_20260601_PlantVillage_UAMP-Net,PlantVillage,UAMP-Net,20260601,22,0.45118,0.46341,96.853,0.8318,0.0656,0.8306
run_20260601_PlantDoc_UAMP-Net,PlantDoc,UAMP-Net,20260601,23,0.39564,0.48158,84.8678,0.8383,0.6154,0.8866
run_20260601_CUB-200-2011_UAMP-Net,CUB-200-2011,UAMP-Net,20260601,24,0.41431,0.42666,88.0009,0.8705,0.6203,0.8766
run_20260607_PlantVillage_ResNet-50,PlantVillage,ResNet-50,20260607,25,0.36665,0.4209,94.7391,0.8299,0.2529,0.8778
run_20260607_PlantDoc_ResNet-50,PlantDoc,ResNet-50,20260607,26,0.36218,0.44762,73.9952,0.8291,0.98,0.8685
run_20260607_CUB-200-2011_ResNet-50,CUB-200-2011,ResNet-50,20260607,27,0.32265,0.39634,81.8522,0.7801,0.7423,0.8562
run_20260607_PlantVillage_EfficientNet-B3,PlantVillage,EfficientNet-B3,20260607,28,0.30574,0.33524,96.0395,0.8011,0.1694,0.848
run_20260607_PlantDoc_EfficientNet-B3,PlantDoc,EfficientNet-B3,20260607,29,0.28491,0.38895,79.3434,0.7887,0.8098,0.8798
run_20260607_CUB-200-2011_EfficientNet-B3,CUB-200-2011,EfficientNet-B3,20260607,30,0.25814,0.29495,83.9057,0.8221,0.6305,0.8341
run_20260607_PlantVillage_ConvNeXt-Tiny,PlantVillage,ConvNeXt-Tiny,20260607,31,0.27897,0.30126,96.8789,0.8027,0.0662,0.8298
run_20260607_PlantDoc_ConvNeXt-Tiny,PlantDoc,ConvNeXt-Tiny,20260607,32,0.23364,0.33623,80.4243,0.8054,0.8131,0.8257
run_20260607_CUB-200-2011_ConvNeXt-Tiny,CUB-200-2011,ConvNeXt-Tiny,20260607,33,0.20644,0.30317,86.0569,0.8559,0.5301,0.8353
run_20260607_PlantVillage_Swin-Tiny,PlantVillage,Swin-Tiny,20260607,34,0.21572,0.24253,97.0746,0.8519,0.1656,0.8689
run_20260607_PlantDoc_Swin-Tiny,PlantDoc,Swin-Tiny,20260607,35,0.18701,0.25832,80.2483,0.7591,0.8305,0.8769
run_20260607_CUB-200-2011_Swin-Tiny,CUB-200-2011,Swin-Tiny,20260607,36,0.17793,0.24886,86.4683,0.8139,0.5625,0.8809
run_20260607_PlantVillage_ConvNeXtplusARM,PlantVillage,ConvNeXt+ARM,20260607,37,0.20413,0.15828,97.8078,0.8333,0.1123,0.8432
run_20260607_PlantDoc_ConvNeXtplusARM,PlantDoc,ConvNeXt+ARM,20260607,38,0.14262,0.23903,83.0295,0.8263,0.592,0.8745
run_20260607_CUB-200-2011_ConvNeXtplusARM,CUB-200-2011,ConvNeXt+ARM,20260607,39,0.14425,0.21418,87.3397,0.8329,0.4868,0.838
run_20260607_PlantVillage_UAMP-Net,PlantVillage,UAMP-Net,20260607,40,0.15157,0.14604,98.5482,0.9129,0.0614,0.9044
run_20260607_PlantDoc_UAMP-Net,PlantDoc,UAMP-Net,20260607,41,0.17025,0.23657,87.0727,0.8892,0.5962,0.8711
run_20260607_CUB-200-2011_UAMP-Net,CUB-200-2011,UAMP-Net,20260607,42,0.11657,0.15443,88.5304,0.8759,0.4495,0.8598
run_20260614_PlantVillage_ResNet-50,PlantVillage,ResNet-50,20260614,43,0.11849,0.10168,96.1538,0.7829,0.2083,0.8508
run_20260614_PlantDoc_ResNet-50,PlantDoc,ResNet-50,20260614,44,0.13694,0.21086,75.991,0.82,0.98,0.8504
run_20260614_CUB-200-2011_ResNet-50,CUB-200-2011,ResNet-50,20260614,45,0.1128,0.17297,82.3169,0.8323,0.8025,0.856
run_20260614_PlantVillage_EfficientNet-B3,PlantVillage,EfficientNet-B3,20260614,46,0.13927,0.12221,97.0674,0.8184,0.0574,0.8437
run_20260614_PlantDoc_EfficientNet-B3,PlantDoc,EfficientNet-B3,20260614,47,0.09666,0.17078,79.6354,0.8612,0.8232,0.8677
run_20260614_CUB-200-2011_EfficientNet-B3,CUB-200-2011,EfficientNet-B3,20260614,48,0.06777,0.12567,84.7451,0.8267,0.6703,0.8744
run_20260614_PlantVillage_ConvNeXt-Tiny,PlantVillage,ConvNeXt-Tiny,20260614,49,0.0918,0.04309,97.6737,0.828,0.1413,0.8682
run_20260614_PlantDoc_ConvNeXt-Tiny,PlantDoc,ConvNeXt-Tiny,20260614,50,0.08201,0.14126,81.5688,0.8884,0.7811,0.865
run_20260614_CUB-200-2011_ConvNeXt-Tiny,CUB-200-2011,ConvNeXt-Tiny,20260614,51,0.07008,0.09805,86.4591,0.8222,0.5998,0.853
run_20260614_PlantVillage_Swin-Tiny,PlantVillage,Swin-Tiny,20260614,52,0.07706,0.06106,97.8565,0.8785,0.0887,0.8512
run_20260614_PlantDoc_Swin-Tiny,PlantDoc,Swin-Tiny,20260614,53,0.06714,0.14053,81.5627,0.8365,0.7941,0.8263
run_20260614_CUB-200-2011_Swin-Tiny,CUB-200-2011,Swin-Tiny,20260614,54,0.07684,0.09276,87.2185,0.8466,0.454,0.8337
run_20260614_PlantVillage_ConvNeXtplusARM,PlantVillage,ConvNeXt+ARM,20260614,55,0.03694,0.05477,98.6525,0.8601,0.02,0.8475
run_20260614_PlantDoc_ConvNeXtplusARM,PlantDoc,ConvNeXt+ARM,20260614,56,0.05291,0.11647,83.7984,0.8608,0.7149,0.8915
run_20260614_CUB-200-2011_ConvNeXtplusARM,CUB-200-2011,ConvNeXt+ARM,20260614,57,0.02728,0.10834,87.535,0.8437,0.4116,0.8396
run_20260614_PlantVillage_UAMP-Net,PlantVillage,UAMP-Net,20260614,58,0.04497,0.03368,98.7482,0.9238,0.02,0.8204
run_20260614_PlantDoc_UAMP-Net,PlantDoc,UAMP-Net,20260614,59,0.02466,0.09711,87.2357,0.9263,0.4925,0.7978
run_20260614_CUB-200-2011_UAMP-Net,CUB-200-2011,UAMP-Net,20260614,60,0.04639,0.08603,88.4106,0.9506,0.4665,0.8225
run_20260601_PlantVillage_ResNet-50,PlantVillage,ResNet-50,20260601,1,1.65879,1.85016,84.4658,0.7731,0.659,0.8684
run_20260601_PlantDoc_ResNet-50,PlantDoc,ResNet-50,20260601,2,1.5819,1.78149,65.4948,0.7425,0.98,0.8676
run_20260601_CUB-200-2011_ResNet-50,CUB-200-2011,ResNet-50,20260601,3,1.50961,1.66692,71.8396,0.751,0.98,0.8366
run_20260601_PlantVillage_EfficientNet-B3,PlantVillage,EfficientNet-B3,20260601,4,1.40347,1.52539,87.8044,0.7731,0.4261,0.8797
run_20260601_PlantDoc_EfficientNet-B3,PlantDoc,EfficientNet-B3,20260601,5,1.34532,1.48832,70.2057,0.7517,0.98,0.8555
run_20260601_CUB-200-2011_EfficientNet-B3,CUB-200-2011,EfficientNet-B3,20260601,6,1.24915,1.37182,76.9014,0.7638,0.9391,0.8488
run_20260601_PlantVillage_ConvNeXt-Tiny,PlantVillage,ConvNeXt-Tiny,20260601,7,1.19257,1.25143,90.5947,0.7643,0.3449,0.8444
run_20260601_PlantDoc_ConvNeXt-Tiny,PlantDoc,ConvNeXt-Tiny,20260601,8,1.08763,1.24154,74.2499,0.7387,0.98,0.8496
run_20260601_CUB-200-2011_ConvNeXt-Tiny,CUB-200-2011,ConvNeXt-Tiny,20260601,9,1.04821,1.13702,80.4786,0.7723,0.864,0.8554
run_20260601_PlantVillage_Swin-Tiny,PlantVillage,Swin-Tiny,20260601,10,0.95045,1.02313,91.527,0.7466,0.3263,0.8754
run_20260601_PlantDoc_Swin-Tiny,PlantDoc,Swin-Tiny,20260601,11,0.93435,1.04509,75.8209,0.7637,0.98,0.8449
run_20260601_CUB-200-2011_Swin-Tiny,CUB-200-2011,Swin-Tiny,20260601,12,0.85734,0.94447,82.0915,0.7622,0.7289,0.8483
run_20260601_PlantVillage_ConvNeXtplusARM,PlantVillage,ConvNeXt+ARM,20260601,13,0.81004,0.84107,93.6882,0.777,0.2728,0.8328
run_20260601_PlantDoc_ConvNeXtplusARM,PlantDoc,ConvNeXt+ARM,20260601,14,0.75091,0.85345,80.0539,0.7906,0.7646,0.8729
run_20260601_CUB-200-2011_ConvNeXtplusARM,CUB-200-2011,ConvNeXt+ARM,20260601,15,0.69173,0.7659,83.9357,0.7731,0.6694,0.8178
run_20260601_PlantVillage_UAMP-Net,PlantVillage,UAMP-Net,20260601,16,0.66013,0.67474,95.2713,0.8515,0.1155,0.8505
run_20260601_PlantDoc_UAMP-Net,PlantDoc,UAMP-Net,20260601,17,0.62933,0.69407,84.4693,0.8697,0.672,0.8455
run_20260601_CUB-200-2011_UAMP-Net,CUB-200-2011,UAMP-Net,20260601,18,0.56652,0.62984,86.3264,0.8357,0.5477,0.8301
run_20260607_PlantVillage_ResNet-50,PlantVillage,ResNet-50,20260607,19,0.53251,0.54314,93.3083,0.7688,0.2743,0.8361
run_20260607_PlantDoc_ResNet-50,PlantDoc,ResNet-50,20260607,20,0.5203,0.62875,74.3617,0.7554,0.98,0.8139
run_20260607_CUB-200-2011_ResNet-50,CUB-200-2011,ResNet-50,20260607,21,0.48048,0.56548,80.4688,0.7988,0.7775,0.8706
run_20260607_PlantVillage_EfficientNet-B3,PlantVillage,EfficientNet-B3,20260607,22,0.45213,0.50348,94.9085,0.8081,0.1469,0.8067
run_20260607_PlantDoc_EfficientNet-B3,PlantDoc,EfficientNet-B3,20260607,23,0.42597,0.52807,77.6317,0.7747,0.9079,0.8727
run_20260607_CUB-200-2011_EfficientNet-B3,CUB-200-2011,EfficientNet-B3,20260607,24,0.39241,0.47209,83.2308,0.814,0.7091,0.8631
run_20260607_PlantVillage_ConvNeXt-Tiny,PlantVillage,ConvNeXt-Tiny,20260607,25,0.36665,0.4218,95.9287,0.787,0.1667,0.849
run_20260607_PlantDoc_ConvNeXt-Tiny,PlantDoc,ConvNeXt-Tiny,20260607,26,0.35612,0.44911,79.63,0.8086,0.8299,0.823
run_20260607_CUB-200-2011_ConvNeXt-Tiny,CUB-200-2011,ConvNeXt-Tiny,20260607,27,0.30326,0.4272,85.2935,0.8091,0.5934,0.8627
run_20260607_PlantVillage_Swin-Tiny,PlantVillage,Swin-Tiny,20260607,28,0.3113,0.33517,96.7578,0.8205,0.2196,0.8577
run_20260607_PlantDoc_Swin-Tiny,PlantDoc,Swin-Tiny,20260607,29,0.32242,0.39593,80.1667,0.8055,0.8472,0.8366
run_20260607_CUB-200-2011_Swin-Tiny,CUB-200-2011,Swin-Tiny,20260607,30,0.26696,0.31854,86.4658,0.8059,0.5136,0.8239
run_20260607_PlantVillage_ConvNeXtplusARM,PlantVillage,ConvNeXt+ARM,20260607,31,0.27227,0.25385,97.2999,0.8301,0.0941,0.8367
run_20260607_PlantDoc_ConvNeXtplusARM,PlantDoc,ConvNeXt+ARM,20260607,32,0.2495,0.28506,83.3147,0.8065,0.6628,0.8277
run_20260607_CUB-200-2011_ConvNeXtplusARM,CUB-200-2011,ConvNeXt+ARM,20260607,33,0.23372,0.30201,86.9614,0.8041,0.5513,0.8347
run_20260607_PlantVillage_UAMP-Net,PlantVillage,UAMP-Net,20260607,34,0.21856,0.20553,97.9737,0.8803,0.02,0.8544
run_20260607_PlantDoc_UAMP-Net,PlantDoc,UAMP-Net,20260607,35,0.21556,0.25157,85.8048,0.8572,0.6054,0.8318
run_20260607_CUB-200-2011_UAMP-Net,CUB-200-2011,UAMP-Net,20260607,36,0.20738,0.22755,89.082,0.9155,0.3798,0.8677
run_20260614_PlantVillage_ResNet-50,PlantVillage,ResNet-50,20260614,37,0.20517,0.20178,95.8764,0.8043,0.219,0.7995
run_20260614_PlantDoc_ResNet-50,PlantDoc,ResNet-50,20260614,38,0.18892,0.2426,76.0349,0.8058,0.98,0.8588
run_20260614_CUB-200-2011_ResNet-50,CUB-200-2011,ResNet-50,20260614,39,0.15584,0.23541,81.8544,0.8338,0.7508,0.8451
run_20260614_PlantVillage_EfficientNet-B3,PlantVillage,EfficientNet-B3,20260614,40,0.15881,0.1437,96.6775,0.8397,0.121,0.8462
run_20260614_PlantDoc_EfficientNet-B3,PlantDoc,EfficientNet-B3,20260614,41,0.12453,0.24137,79.2768,0.8193,0.8777,0.8457
run_20260614_CUB-200-2011_EfficientNet-B3,CUB-200-2011,EfficientNet-B3,20260614,42,0.12001,0.17176,85.4226,0.823,0.6356,0.8361
run_20260614_PlantVillage_ConvNeXt-Tiny,PlantVillage,ConvNeXt-Tiny,20260614,43,0.13461,0.12759,97.9909,0.8249,0.0941,0.8422
run_20260614_PlantDoc_ConvNeXt-Tiny,PlantDoc,ConvNeXt-Tiny,20260614,44,0.11702,0.18549,82.1374,0.8306,0.8073,0.8621
run_20260614_CUB-200-2011_ConvNeXt-Tiny,CUB-200-2011,ConvNeXt-Tiny,20260614,45,0.09481,0.15659,86.3074,0.82,0.6143,0.8188
run_20260614_PlantVillage_Swin-Tiny,PlantVillage,Swin-Tiny,20260614,46,0.11046,0.13367,97.7785,0.8279,0.0811,0.8502
run_20260614_PlantDoc_Swin-Tiny,PlantDoc,Swin-Tiny,20260614,47,0.10306,0.1765,80.7019,0.8584,0.8208,0.8487
run_20260614_CUB-200-2011_Swin-Tiny,CUB-200-2011,Swin-Tiny,20260614,48,0.10962,0.14436,87.8518,0.8267,0.6042,0.8536
run_20260614_PlantVillage_ConvNeXtplusARM,PlantVillage,ConvNeXt+ARM,20260614,49,0.07653,0.08049,98.113,0.8652,0.0305,0.851
run_20260614_PlantDoc_ConvNeXtplusARM,PlantDoc,ConvNeXt+ARM,20260614,50,0.07524,0.12091,83.721,0.8555,0.7056,0.8269
run_20260614_CUB-200-2011_ConvNeXtplusARM,CUB-200-2011,ConvNeXt+ARM,20260614,51,0.07698,0.12401,87.4451,0.824,0.4112,0.8457
run_20260614_PlantVillage_UAMP-Net,PlantVillage,UAMP-Net,20260614,52,0.04838,0.07725,98.6756,0.9179,0.0594,0.8583
run_20260614_PlantDoc_UAMP-Net,PlantDoc,UAMP-Net,20260614,53,0.05058,0.08291,86.8255,0.9218,0.516,0.8631
run_20260614_CUB-200-2011_UAMP-Net,CUB-200-2011,UAMP-Net,20260614,54,0.05617,0.09803,89.4352,0.9197,0.3617,0.8717
run_20260601_PlantVillage_ResNet-50,PlantVillage,ResNet-50,20260601,55,0.05984,0.0775,96.4573,0.8983,0.1898,0.8495
run_20260601_PlantDoc_ResNet-50,PlantDoc,ResNet-50,20260601,56,0.04883,0.15556,76.5838,0.8844,0.98,0.8501
run_20260601_CUB-200-2011_ResNet-50,CUB-200-2011,ResNet-50,20260601,57,0.0398,0.12123,82.963,0.8318,0.6946,0.8372
run_20260601_PlantVillage_EfficientNet-B3,PlantVillage,EfficientNet-B3,20260601,58,0.06469,0.04364,97.0403,0.8676,0.0722,0.843
run_20260601_PlantDoc_EfficientNet-B3,PlantDoc,EfficientNet-B3,20260601,59,0.04077,0.13519,80.3615,0.8904,0.8238,0.8914
run_20260601_CUB-200-2011_EfficientNet-B3,CUB-200-2011,EfficientNet-B3,20260601,60,0.04985,0.0979,85.5643,0.9009,0.6289,0.8406
run_20260601_PlantVillage_ConvNeXt-Tiny,PlantVillage,ConvNeXt-Tiny,20260601,1,1.70137,1.79228,85.9151,0.7438,0.5612,0.8326
run_20260601_PlantDoc_ConvNeXt-Tiny,PlantDoc,ConvNeXt-Tiny,20260601,2,1.57473,1.7575,70.1446,0.7708,0.98,0.8715
run_20260601_CUB-200-2011_ConvNeXt-Tiny,CUB-200-2011,ConvNeXt-Tiny,20260601,3,1.49032,1.69108,75.4437,0.778,0.98,0.8721
run_20260601_PlantVillage_Swin-Tiny,PlantVillage,Swin-Tiny,20260601,4,1.38243,1.51945,88.2407,0.7673,0.4741,0.843
run_20260601_PlantDoc_Swin-Tiny,PlantDoc,Swin-Tiny,20260601,5,1.32341,1.46987,72.2457,0.7618,0.98,0.8642
run_20260601_CUB-200-2011_Swin-Tiny,CUB-200-2011,Swin-Tiny,20260601,6,1.23958,1.32278,79.6796,0.7634,0.9446,0.9157
run_20260601_PlantVillage_ConvNeXtplusARM,PlantVillage,ConvNeXt+ARM,20260601,7,1.13267,1.24131,90.5191,0.8013,0.3749,0.8799
run_20260601_PlantDoc_ConvNeXtplusARM,PlantDoc,ConvNeXt+ARM,20260601,8,1.06745,1.2287,77.188,0.7567,0.98,0.8605
run_20260601_CUB-200-2011_ConvNeXtplusARM,CUB-200-2011,ConvNeXt+ARM,20260601,9,1.0099,1.15333,81.3451,0.7466,0.7123,0.8654
run_20260601_PlantVillage_UAMP-Net,PlantVillage,UAMP-Net,20260601,10,0.96725,1.03585,92.924,0.8607,0.3534,0.8252
run_20260601_PlantDoc_UAMP-Net,PlantDoc,UAMP-Net,20260601,11,0.9087,1.01119,81.8767,0.852,0.7967,0.8485
run_20260601_CUB-200-2011_UAMP-Net,CUB-200-2011,UAMP-Net,20260601,12,0.84723,0.94041,84.6539,0.8446,0.5948,0.8481
run_20260607_PlantVillage_ResNet-50,PlantVillage,ResNet-50,20260607,13,0.77893,0.89467,91.8784,0.7774,0.2755,0.8501
run_20260607_PlantDoc_ResNet-50,PlantDoc,ResNet-50,20260607,14,0.73186,0.89068,72.1002,0.76,0.98,0.8721
run_20260607_CUB-200-2011_ResNet-50,CUB-200-2011,ResNet-50,20260607,15,0.68589,0.80016,78.5905,0.7588,0.8209,0.8912
run_20260607_PlantVillage_EfficientNet-B3,PlantVillage,EfficientNet-B3,20260607,16,0.66254,0.7293,93.6705,0.7802,0.2999,0.8611
run_20260607_PlantDoc_EfficientNet-B3,PlantDoc,EfficientNet-B3,20260607,17,0.61639,0.76512,75.6073,0.8071,0.98,0.8576
run_20260607_CUB-200-2011_EfficientNet-B3,CUB-200-2011,EfficientNet-B3,20260607,18,0.58135,0.65606,82.1999,0.8011,0.7546,0.8453
run_20260607_PlantVillage_ConvNeXt-Tiny,PlantVillage,ConvNeXt-Tiny,20260607,19,0.55083,0.57412,95.1515,0.7896,0.1535,0.8976
run_20260607_PlantDoc_ConvNeXt-Tiny,PlantDoc,ConvNeXt-Tiny,20260607,20,0.50834,0.61033,79.3224,0.796,0.845,0.8449
run_20260607_CUB-200-2011_ConvNeXt-Tiny,CUB-200-2011,ConvNeXt-Tiny,20260607,21,0.50267,0.55165,84.3227,0.8174,0.5607,0.8408
run_20260607_PlantVillage_Swin-Tiny,PlantVillage,Swin-Tiny,20260607,22,0.46102,0.4383,95.7302,0.8125,0.2194,0.8209
run_20260607_PlantDoc_Swin-Tiny,PlantDoc,Swin-Tiny,20260607,23,0.41555,0.51755,79.0253,0.772,0.8219,0.8447
run_20260607_CUB-200-2011_Swin-Tiny,CUB-200-2011,Swin-Tiny,20260607,24,0.42221,0.48078,85.3944,0.8112,0.5832,0.8311
run_20260607_PlantVillage_ConvNeXtplusARM,PlantVillage,ConvNeXt+ARM,20260607,25,0.36837,0.414,96.9778,0.8105,0.1711,0.8685
run_20260607_PlantDoc_ConvNeXtplusARM,PlantDoc,ConvNeXt+ARM,20260607,26,0.35242,0.41256,82.2948,0.79,0.8528,0.8302
run_20260607_CUB-200-2011_ConvNeXtplusARM,CUB-200-2011,ConvNeXt+ARM,20260607,27,0.33263,0.36203,85.9865,0.8263,0.5558,0.8783
run_20260607_PlantVillage_UAMP-Net,PlantVillage,UAMP-Net,20260607,28,0.31098,0.34047,97.6193,0.8881,0.1402,0.8391
run_20260607_PlantDoc_UAMP-Net,PlantDoc,UAMP-Net,20260607,29,0.29533,0.3484,85.5974,0.8499,0.5034,0.8419
run_20260607_CUB-200-2011_UAMP-Net,CUB-200-2011,UAMP-Net,20260607,30,0.24095,0.30203,88.2721,0.8748,0.4992,0.8469
run_20260614_PlantVillage_ResNet-50,PlantVillage,ResNet-50,20260614,31,0.25724,0.29464,95.1794,0.8191,0.198,0.8324
run_20260614_PlantDoc_ResNet-50,PlantDoc,ResNet-50,20260614,32,0.23676,0.30312,75.6834,0.7995,0.98,0.8588
run_20260614_CUB-200-2011_ResNet-50,CUB-200-2011,ResNet-50,20260614,33,0.22442,0.32315,81.5443,0.7801,0.7326,0.8747
run_20260614_PlantVillage_EfficientNet-B3,PlantVillage,EfficientNet-B3,20260614,34,0.22473,0.22213,96.5488,0.8008,0.1684,0.8599
run_20260614_PlantDoc_EfficientNet-B3,PlantDoc,EfficientNet-B3,20260614,35,0.20232,0.28762,78.7908,0.7924,0.9305,0.829
run_20260614_CUB-200-2011_EfficientNet-B3,CUB-200-2011,EfficientNet-B3,20260614,36,0.17421,0.25404,84.3126,0.8351,0.6694,0.8617
run_20260614_PlantVillage_ConvNeXt-Tiny,PlantVillage,ConvNeXt-Tiny,20260614,37,0.19391,0.17444,97.7064,0.8148,0.1191,0.8398
run_20260614_PlantDoc_ConvNeXt-Tiny,PlantDoc,ConvNeXt-Tiny,20260614,38,0.1834,0.28012,81.3982,0.8214,0.7563,0.857
run_20260614_CUB-200-2011_ConvNeXt-Tiny,CUB-200-2011,ConvNeXt-Tiny,20260614,39,0.15209,0.24248,86.0141,0.8243,0.4696,0.8503
run_20260614_PlantVillage_Swin-Tiny,PlantVillage,Swin-Tiny,20260614,40,0.13317,0.1428,97.4793,0.8175,0.1989,0.8707
run_20260614_PlantDoc_Swin-Tiny,PlantDoc,Swin-Tiny,20260614,41,0.14996,0.20825,82.2474,0.852,0.733,0.8546
run_20260614_CUB-200-2011_Swin-Tiny,CUB-200-2011,Swin-Tiny,20260614,42,0.11162,0.16979,87.1968,0.8238,0.4709,0.8526
run_20260614_PlantVillage_ConvNeXtplusARM,PlantVillage,ConvNeXt+ARM,20260614,43,0.12807,0.13614,98.1325,0.8307,0.1232,0.8663
run_20260614_PlantDoc_ConvNeXtplusARM,PlantDoc,ConvNeXt+ARM,20260614,44,0.14264,0.1633,83.2856,0.7935,0.5848,0.8542
run_20260614_CUB-200-2011_ConvNeXtplusARM,CUB-200-2011,ConvNeXt+ARM,20260614,45,0.10974,0.15752,87.8914,0.8337,0.5407,0.8164
run_20260614_PlantVillage_UAMP-Net,PlantVillage,UAMP-Net,20260614,46,0.14647,0.07925,98.5907,0.9305,0.0898,0.8575
run_20260614_PlantDoc_UAMP-Net,PlantDoc,UAMP-Net,20260614,47,0.08791,0.16254,86.4523,0.904,0.6063,0.8594
run_20260614_CUB-200-2011_UAMP-Net,CUB-200-2011,UAMP-Net,20260614,48,0.10437,0.15249,88.9604,0.8949,0.4769,0.8079
run_20260601_PlantVillage_ResNet-50,PlantVillage,ResNet-50,20260601,49,0.10061,0.11013,96.4837,0.8763,0.1487,0.8285
run_20260601_PlantDoc_ResNet-50,PlantDoc,ResNet-50,20260601,50,0.06744,0.1754,75.9136,0.8287,0.893,0.8323
run_20260601_CUB-200-2011_ResNet-50,CUB-200-2011,ResNet-50,20260601,51,0.05158,0.15545,81.8474,0.8774,0.7579,0.8446
run_20260601_PlantVillage_EfficientNet-B3,PlantVillage,EfficientNet-B3,20260601,52,0.08231,0.07828,96.9467,0.8823,0.0669,0.8279
run_20260601_PlantDoc_EfficientNet-B3,PlantDoc,EfficientNet-B3,20260601,53,0.0439,0.13845,79.4384,0.8709,0.87,0.8723
run_20260601_CUB-200-2011_EfficientNet-B3,CUB-200-2011,EfficientNet-B3,20260601,54,0.05903,0.10574,85.083,0.882,0.6576,0.8652
run_20260601_PlantVillage_ConvNeXt-Tiny,PlantVillage,ConvNeXt-Tiny,20260601,55,0.0645,0.07444,97.9533,0.8849,0.0823,0.8562
run_20260601_PlantDoc_ConvNeXt-Tiny,PlantDoc,ConvNeXt-Tiny,20260601,56,0.07734,0.12398,82.2924,0.8645,0.7755,0.8843
run_20260601_CUB-200-2011_ConvNeXt-Tiny,CUB-200-2011,ConvNeXt-Tiny,20260601,57,0.06875,0.12489,86.1746,0.8354,0.5122,0.8306
run_20260601_PlantVillage_Swin-Tiny,PlantVillage,Swin-Tiny,20260601,58,0.012,0.09913,97.8954,0.8771,0.0588,0.8527
run_20260601_PlantDoc_Swin-Tiny,PlantDoc,Swin-Tiny,20260601,59,0.04091,0.09919,81.6759,0.8662,0.9106,0.8592
run_20260601_CUB-200-2011_Swin-Tiny,CUB-200-2011,Swin-Tiny,20260601,60,0.03522,0.07668,87.9682,0.8566,0.4962,0.8759
run_20260601_PlantVillage_ConvNeXtplusARM,PlantVillage,ConvNeXt+ARM,20260601,1,1.69295,1.81294,85.8872,0.7362,0.6616,0.8443
run_20260601_PlantDoc_ConvNeXtplusARM,PlantDoc,ConvNeXt+ARM,20260601,2,1.58818,1.76157,72.7413,0.7542,0.98,0.8828
run_20260601_CUB-200-2011_ConvNeXtplusARM,CUB-200-2011,ConvNeXt+ARM,20260601,3,1.49265,1.65403,77.9537,0.7121,0.8785,0.8621
run_20260601_PlantVillage_UAMP-Net,PlantVillage,UAMP-Net,20260601,4,1.42729,1.49425,89.0685,0.8473,0.3677,0.869
run_20260601_PlantDoc_UAMP-Net,PlantDoc,UAMP-Net,20260601,5,1.3203,1.46555,77.9496,0.8274,0.9135,0.8634
run_20260601_CUB-200-2011_UAMP-Net,CUB-200-2011,UAMP-Net,20260601,6,1.23528,1.37654,81.7722,0.8216,0.8528,0.8263
run_20260607_PlantVillage_ResNet-50,PlantVillage,ResNet-50,20260607,7,1.16803,1.29192,88.8494,0.7492,0.4545,0.8611
run_20260607_PlantDoc_ResNet-50,PlantDoc,ResNet-50,20260607,8,1.09609,1.27826,69.6122,0.7961,0.98,0.816
run_20260607_CUB-200-2011_ResNet-50,CUB-200-2011,ResNet-50,20260607,9,1.02903,1.13815,75.6604,0.7449,0.9449,0.7924
run_20260607_PlantVillage_EfficientNet-B3,PlantVillage,EfficientNet-B3,20260607,10,1.00268,1.00868,90.8913,0.7953,0.3073,0.8171
run_20260607_PlantDoc_EfficientNet-B3,PlantDoc,EfficientNet-B3,20260607,11,0.91997,1.04831,74.2946,0.7581,0.98,0.8995
run_20260607_CUB-200-2011_EfficientNet-B3,CUB-200-2011,EfficientNet-B3,20260607,12,0.82754,0.95887,80.3731,0.7584,0.8203,0.8297
run_20260607_PlantVillage_ConvNeXt-Tiny,PlantVillage,ConvNeXt-Tiny,20260607,13,0.81483,0.82153,93.3465,0.7676,0.2795,0.8534
run_20260607_PlantDoc_ConvNeXt-Tiny,PlantDoc,ConvNeXt-Tiny,20260607,14,0.78225,0.87162,77.2452,0.7678,0.98,0.8687
run_20260607_CUB-200-2011_ConvNeXt-Tiny,CUB-200-2011,ConvNeXt-Tiny,20260607,15,0.7241,0.78043,82.5098,0.8023,0.7463,0.8476
run_20260607_PlantVillage_Swin-Tiny,PlantVillage,Swin-Tiny,20260607,16,0.65209,0.70267,94.2266,0.7789,0.2667,0.8797
run_20260607_PlantDoc_Swin-Tiny,PlantDoc,Swin-Tiny,20260607,17,0.5971,0.72182,77.744,0.8077,0.98,0.8651
run_20260607_CUB-200-2011_Swin-Tiny,CUB-200-2011,Swin-Tiny,20260607,18,0.5651,0.6631,84.0573,0.7824,0.7099,0.853
run_20260607_PlantVillage_ConvNeXtplusARM,PlantVillage,ConvNeXt+ARM,20260607,19,0.52815,0.57745,95.4069,0.8242,0.2126,0.8634
run_20260607_PlantDoc_ConvNeXtplusARM,PlantDoc,ConvNeXt+ARM,20260607,20,0.51566,0.60272,81.2489,0.7954,0.8049,0.8475
run_20260607_CUB-200-2011_ConvNeXtplusARM,CUB-200-2011,ConvNeXt+ARM,20260607,21,0.47172,0.55121,85.304,0.787,0.6118,0.8495
run_20260607_PlantVillage_UAMP-Net,PlantVillage,UAMP-Net,20260607,22,0.4805,0.47853,96.5002,0.8673,0.0969,0.862
run_20260607_PlantDoc_UAMP-Net,PlantDoc,UAMP-Net,20260607,23,0.41395,0.51537,84.9712,0.8661,0.7285,0.8285
run_20260607_CUB-200-2011_UAMP-Net,CUB-200-2011,UAMP-Net,20260607,24,0.43098,0.46465,87.3419,0.8714,0.5034,0.8851
run_20260614_PlantVillage_ResNet-50,PlantVillage,ResNet-50,20260614,25,0.36557,0.4053,94.7529,0.8204,0.1768,0.8689
run_20260614_PlantDoc_ResNet-50,PlantDoc,ResNet-50,20260614,26,0.34579,0.49662,75.2275,0.8316,0.98,0.8247
run_20260614_CUB-200-2011_ResNet-50,CUB-200-2011,ResNet-50,20260614,27,0.32166,0.36933,80.9214,0.8047,0.7171,0.8412
run_20260614_PlantVillage_EfficientNet-B3,PlantVillage,EfficientNet-B3,20260614,28,0.2899,0.3297,95.7871,0.8168,0.1273,0.8727
run_20260614_PlantDoc_EfficientNet-B3,PlantDoc,EfficientNet-B3,20260614,29,0.28778,0.38604,77.6724,0.764,0.9372,0.8625
run_20260614_CUB-200-2011_EfficientNet-B3,CUB-200-2011,EfficientNet-B3,20260614,30,0.26139,0.33832,84.2147,0.7931,0.6645,0.8492
run_20260614_PlantVillage_ConvNeXt-Tiny,PlantVillage,ConvNeXt-Tiny,20260614,31,0.25521,0.28322,97.0262,0.828,0.1188,0.8541
run_20260614_PlantDoc_ConvNeXt-Tiny,PlantDoc,ConvNeXt-Tiny,20260614,32,0.25431,0.34393,81.0478,0.7923,0.7652,0.8341
run_20260614_CUB-200-2011_ConvNeXt-Tiny,CUB-200-2011,ConvNeXt-Tiny,20260614,33,0.23159,0.27643,85.2889,0.826,0.641,0.8509
run_20260614_PlantVillage_Swin-Tiny,PlantVillage,Swin-Tiny,20260614,34,0.19854,0.20585,97.0714,0.8083,0.1449,0.8519
run_20260614_PlantDoc_Swin-Tiny,PlantDoc,Swin-Tiny,20260614,35,0.22028,0.25017,80.9513,0.8287,0.8375,0.8582
run_20260614_CUB-200-2011_Swin-Tiny,CUB-200-2011,Swin-Tiny,20260614,36,0.20831,0.26131,86.7284,0.8343,0.5311,0.8364
run_20260614_PlantVillage_ConvNeXtplusARM,PlantVillage,ConvNeXt+ARM,20260614,37,0.17011,0.16388,97.8751,0.8203,0.0206,0.8309
run_20260614_PlantDoc_ConvNeXtplusARM,PlantDoc,ConvNeXt+ARM,20260614,38,0.16118,0.22812,83.3249,0.7909,0.6505,0.8673
run_20260614_CUB-200-2011_ConvNeXtplusARM,CUB-200-2011,ConvNeXt+ARM,20260614,39,0.15585,0.20283,87.1902,0.7986,0.5354,0.8294
run_20260614_PlantVillage_UAMP-Net,PlantVillage,UAMP-Net,20260614,40,0.15364,0.15072,98.6644,0.8915,0.0445,0.8475
run_20260614_PlantDoc_UAMP-Net,PlantDoc,UAMP-Net,20260614,41,0.16853,0.19572,86.2399,0.8582,0.5056,0.8258
run_20260614_CUB-200-2011_UAMP-Net,CUB-200-2011,UAMP-Net,20260614,42,0.12596,0.15342,89.1005,0.8803,0.4787,0.8843
run_20260601_PlantVillage_ResNet-50,PlantVillage,ResNet-50,20260601,43,0.13512,0.07991,96.2974,0.859,0.1737,0.829
run_20260601_PlantDoc_ResNet-50,PlantDoc,ResNet-50,20260601,44,0.12548,0.19482,76.3213,0.8176,0.98,0.8727
run_20260601_CUB-200-2011_ResNet-50,CUB-200-2011,ResNet-50,20260601,45,0.12693,0.16779,82.4086,0.84,0.6641,0.8613
run_20260601_PlantVillage_EfficientNet-B3,PlantVillage,EfficientNet-B3,20260601,46,0.10277,0.13787,96.9957,0.8344,0.2072,0.8284
run_20260601_PlantDoc_EfficientNet-B3,PlantDoc,EfficientNet-B3,20260601,47,0.11576,0.17087,79.5301,0.8771,0.8846,0.8396
run_20260601_CUB-200-2011_EfficientNet-B3,CUB-200-2011,EfficientNet-B3,20260601,48,0.10081,0.10079,84.4662,0.8635,0.6869,0.8612
run_20260601_PlantVillage_ConvNeXt-Tiny,PlantVillage,ConvNeXt-Tiny,20260601,49,0.08651,0.08917,97.772,0.8574,0.0661,0.8737
run_20260601_PlantDoc_ConvNeXt-Tiny,PlantDoc,ConvNeXt-Tiny,20260601,50,0.07806,0.14835,81.6646,0.8214,0.815,0.8791
run_20260601_CUB-200-2011_ConvNeXt-Tiny,CUB-200-2011,ConvNeXt-Tiny,20260601,51,0.05859,0.14997,87.0395,0.8593,0.502,0.8653
run_20260601_PlantVillage_Swin-Tiny,PlantVillage,Swin-Tiny,20260601,52,0.07114,0.10417,97.7414,0.8618,0.0948,0.8492
run_20260601_PlantDoc_Swin-Tiny,PlantDoc,Swin-Tiny,20260601,53,0.06852,0.11291,81.9815,0.8462,0.7094,0.8464
run_20260601_CUB-200-2011_Swin-Tiny,CUB-200-2011,Swin-Tiny,20260601,54,0.02999,0.10703,87.8308,0.874,0.4955,0.8489
run_20260601_PlantVillage_ConvNeXtplusARM,PlantVillage,ConvNeXt+ARM,20260601,55,0.02661,0.03206,98.2114,0.8697,0.075,0.8216
run_20260601_PlantDoc_ConvNeXtplusARM,PlantDoc,ConvNeXt+ARM,20260601,56,0.05957,0.09545,84.1877,0.8447,0.7295,0.8544
run_20260601_CUB-200-2011_ConvNeXtplusARM,CUB-200-2011,ConvNeXt+ARM,20260601,57,0.06148,0.11851,88.2521,0.8618,0.4877,0.8172
run_20260601_PlantVillage_UAMP-Net,PlantVillage,UAMP-Net,20260601,58,0.06224,0.04304,99.1649,0.9181,0.065,0.8435
run_20260601_PlantDoc_UAMP-Net,PlantDoc,UAMP-Net,20260601,59,0.05631,0.09201,86.9927,0.9531,0.5545,0.8352
run_20260601_CUB-200-2011_UAMP-Net,CUB-200-2011,UAMP-Net,20260601,60,0.03133,0.09928,90.2381,0.9135,0.5136,0.8546
run_20260607_PlantVillage_ResNet-50,PlantVillage,ResNet-50,20260607,1,1.68852,1.87509,84.2416,0.7479,0.7257,0.852
run_20260607_PlantDoc_ResNet-50,PlantDoc,ResNet-50,20260607,2,1.57429,1.8089,65.4334,0.7846,0.98,0.8433
run_20260607_CUB-200-2011_ResNet-50,CUB-200-2011,ResNet-50,20260607,3,1.47783,1.66208,71.8981,0.737,0.98,0.8315
run_20260607_PlantVillage_EfficientNet-B3,PlantVillage,EfficientNet-B3,20260607,4,1.41456,1.50317,87.453,0.7781,0.5298,0.8343
run_20260607_PlantDoc_EfficientNet-B3,PlantDoc,EfficientNet-B3,20260607,5,1.33275,1.47824,70.4871,0.7955,0.98,0.842
run_20260607_CUB-200-2011_EfficientNet-B3,CUB-200-2011,EfficientNet-B3,20260607,6,1.25889,1.3793,77.2552,0.762,0.98,0.8402
run_20260607_PlantVillage_ConvNeXt-Tiny,PlantVillage,ConvNeXt-Tiny,20260607,7,1.1571,1.23428,90.5174,0.8034,0.4254,0.8471
run_20260607_PlantDoc_ConvNeXt-Tiny,PlantDoc,ConvNeXt-Tiny,20260607,8,1.07635,1.21336,74.4707,0.7485,0.98,0.8195
run_20260607_CUB-200-2011_ConvNeXt-Tiny,CUB-200-2011,ConvNeXt-Tiny,20260607,9,1.03561,1.16811,80.6055,0.8177,0.7303,0.8421
run_20260607_PlantVillage_Swin-Tiny,PlantVillage,Swin-Tiny,20260607,10,0.96567,1.01723,91.75,0.7618,0.3114,0.8688
run_20260607_PlantDoc_Swin-Tiny,PlantDoc,Swin-Tiny,20260607,11,0.93213,1.04806,75.8999,0.7884,0.9122,0.8234
run_20260607_CUB-200-2011_Swin-Tiny,CUB-200-2011,Swin-Tiny,20260607,12,0.85533,0.91863,82.3875,0.7826,0.6527,0.8541
run_20260607_PlantVillage_ConvNeXtplusARM,PlantVillage,ConvNeXt+ARM,20260607,13,0.79625,0.87847,93.3897,0.7377,0.2653,0.8288
run_20260607_PlantDoc_ConvNeXtplusARM,PlantDoc,ConvNeXt+ARM,20260607,14,0.73225,0.85793,79.262,0.7574,0.8669,0.826
run_20260607_CUB-200-2011_ConvNeXtplusARM,CUB-200-2011,ConvNeXt+ARM,20260607,15,0.72882,0.78355,83.3092,0.7474,0.6641,0.8557
run_20260607_PlantVillage_UAMP-Net,PlantVillage,UAMP-Net,20260607,16,0.64759,0.67501,94.871,0.8367,0.2336,0.8442
run_20260607_PlantDoc_UAMP-Net,PlantDoc,UAMP-Net,20260607,17,0.62693,0.71277,82.8569,0.8349,0.7392,0.8906
run_20260607_CUB-200-2011_UAMP-Net,CUB-200-2011,UAMP-Net,20260607,18,0.56685,0.65611,86.5072,0.8384,0.6552,0.8943
run_20260614_PlantVillage_ResNet-50,PlantVillage,ResNet-50,20260614,19,0.5605,0.58534,93.5778,0.7938,0.2524,0.8242
run_20260614_PlantDoc_ResNet-50,PlantDoc,ResNet-50,20260614,20,0.50283,0.6248,74.6312,0.803,0.98,0.8473
run_20260614_CUB-200-2011_ResNet-50,CUB-200-2011,ResNet-50,20260614,21,0.49965,0.55212,80.5652,0.7817,0.8098,0.8918
run_20260614_PlantVillage_EfficientNet-B3,PlantVillage,EfficientNet-B3,20260614,22,0.42919,0.46981,95.4003,0.8098,0.2501,0.8349
run_20260614_PlantDoc_EfficientNet-B3,PlantDoc,EfficientNet-B3,20260614,23,0.43977,0.52858,77.282,0.784,0.957,0.8482
run_20260614_CUB-200-2011_EfficientNet-B3,CUB-200-2011,EfficientNet-B3,20260614,24,0.40431,0.48371,83.6631,0.7743,0.618,0.8786
run_20260614_PlantVillage_ConvNeXt-Tiny,PlantVillage,ConvNeXt-Tiny,20260614,25,0.36835,0.37949,96.2865,0.815,0.1156,0.849
run_20260614_PlantDoc_ConvNeXt-Tiny,PlantDoc,ConvNeXt-Tiny,20260614,26,0.33332,0.43161,80.1808,0.7801,0.8106,0.8331
run_20260614_CUB-200-2011_ConvNeXt-Tiny,CUB-200-2011,ConvNeXt-Tiny,20260614,27,0.33063,0.40875,85.6429,0.8133,0.6202,0.9054
run_20260614_PlantVillage_Swin-Tiny,PlantVillage,Swin-Tiny,20260614,28,0.30622,0.30439,96.3518,0.8127,0.1513,0.8296
run_20260614_PlantDoc_Swin-Tiny,PlantDoc,Swin-Tiny,20260614,29,0.29229,0.39064,80.4702,0.7942,0.9453,0.8498
run_20260614_CUB-200-2011_Swin-Tiny,CUB-200-2011,Swin-Tiny,20260614,30,0.26918,0.33027,85.9937,0.856,0.6387,0.8846
run_20260614_PlantVillage_ConvNeXtplusARM,PlantVillage,ConvNeXt+ARM,20260614,31,0.26405,0.26774,96.8901,0.7684,0.0788,0.8336
run_20260614_PlantDoc_ConvNeXtplusARM,PlantDoc,ConvNeXt+ARM,20260614,32,0.23952,0.32837,84.04,0.7968,0.6603,0.8589
run_20260614_CUB-200-2011_ConvNeXtplusARM,CUB-200-2011,ConvNeXt+ARM,20260614,33,0.24238,0.30139,86.8257,0.8136,0.4981,0.8292
run_20260614_PlantVillage_UAMP-Net,PlantVillage,UAMP-Net,20260614,34,0.18614,0.25,98.1169,0.8845,0.1597,0.8598
run_20260614_PlantDoc_UAMP-Net,PlantDoc,UAMP-Net,20260614,35,0.19266,0.24142,86.0379,0.8639,0.5418,0.8618
run_20260614_CUB-200-2011_UAMP-Net,CUB-200-2011,UAMP-Net,20260614,36,0.17189,0.24822,88.871,0.866,0.3714,0.8834
run_20260601_PlantVillage_ResNet-50,PlantVillage,ResNet-50,20260601,37,0.17436,0.16867,95.9319,0.8361,0.2561,0.8659
run_20260601_PlantDoc_ResNet-50,PlantDoc,ResNet-50,20260601,38,0.17417,0.24956,75.2805,0.769,0.98,0.8943
run_20260601_CUB-200-2011_ResNet-50,CUB-200-2011,ResNet-50,20260601,39,0.12792,0.21041,81.763,0.8196,0.7416,0.8433
run_20260601_PlantVillage_EfficientNet-B3,PlantVillage,EfficientNet-B3,20260601,40,0.12467,0.15598,96.6284,0.8333,0.0962,0.8727
run_20260601_PlantDoc_EfficientNet-B3,PlantDoc,EfficientNet-B3,20260601,41,0.10604,0.20472,79.6731,0.7995,0.8956,0.8751
run_20260601_CUB-200-2011_EfficientNet-B3,CUB-200-2011,EfficientNet-B3,20260601,42,0.16093,0.19861,84.228,0.8368,0.6068,0.8539
run_20260601_PlantVillage_ConvNeXt-Tiny,PlantVillage,ConvNeXt-Tiny,20260601,43,0.14465,0.08707,97.5237,0.814,0.112,0.8273
run_20260601_PlantDoc_ConvNeXt-Tiny,PlantDoc,ConvNeXt-Tiny,20260601,44,0.12375,0.21018,82.1859,0.8297,0.7755,0.849
run_20260601_CUB-200-2011_ConvNeXt-Tiny,CUB-200-2011,ConvNeXt-Tiny,20260601,45,0.11192,0.17289,86.5654,0.8301,0.5192,0.8402
run_20260601_PlantVillage_Swin-Tiny,PlantVillage,Swin-Tiny,20260601,46,0.09311,0.0631,97.9149,0.8666,0.0481,0.8284
run_20260601_PlantDoc_Swin-Tiny,PlantDoc,Swin-Tiny,20260601,47,0.10992,0.16795,81.1358,0.8438,0.8416,0.8869
run_20260601_CUB-200-2011_Swin-Tiny,CUB-200-2011,Swin-Tiny,20260601,48,0.08219,0.13468,88.2086,0.8414,0.4896,0.8105
run_20260601_PlantVillage_ConvNeXtplusARM,PlantVillage,ConvNeXt+ARM,20260601,49,0.09605,0.08197,98.2344,0.8638,0.1096,0.8643
run_20260601_PlantDoc_ConvNeXtplusARM,PlantDoc,ConvNeXt+ARM,20260601,50,0.08982,0.09208,83.8212,0.8846,0.7019,0.8463
run_20260601_CUB-200-2011_ConvNeXtplusARM,CUB-200-2011,ConvNeXt+ARM,20260601,51,0.06787,0.1159,86.9439,0.8421,0.6864,0.8483
run_20260601_PlantVillage_UAMP-Net,PlantVillage,UAMP-Net,20260601,52,0.08195,0.10192,98.6109,0.96,0.0461,0.843
run_20260601_PlantDoc_UAMP-Net,PlantDoc,UAMP-Net,20260601,53,0.04935,0.10666,87.6054,0.9028,0.6122,0.8817
run_20260601_CUB-200-2011_UAMP-Net,CUB-200-2011,UAMP-Net,20260601,54,0.06343,0.11407,89.9952,0.943,0.395,0.8437
run_20260607_PlantVillage_ResNet-50,PlantVillage,ResNet-50,20260607,55,0.06931,0.06717,96.3104,0.8261,0.1493,0.8324
run_20260607_PlantDoc_ResNet-50,PlantDoc,ResNet-50,20260607,56,0.03913,0.14648,75.6571,0.8328,0.98,0.8316
run_20260607_CUB-200-2011_ResNet-50,CUB-200-2011,ResNet-50,20260607,57,0.06021,0.10549,82.545,0.8643,0.7169,0.8191
run_20260607_PlantVillage_EfficientNet-B3,PlantVillage,EfficientNet-B3,20260607,58,0.03729,0.06798,97.4024,0.8627,0.0475,0.8436
run_20260607_PlantDoc_EfficientNet-B3,PlantDoc,EfficientNet-B3,20260607,59,0.02047,0.0968,79.8253,0.8737,0.8225,0.8575
run_20260607_CUB-200-2011_EfficientNet-B3,CUB-200-2011,EfficientNet-B3,20260607,60,0.05624,0.09167,85.1839,0.8681,0.6214,0.8557
run_20260607_PlantVillage_ConvNeXt-Tiny,PlantVillage,ConvNeXt-Tiny,20260607,1,1.69763,1.876,85.908,0.7528,0.5899,0.8622
run_20260607_PlantDoc_ConvNeXt-Tiny,PlantDoc,ConvNeXt-Tiny,20260607,2,1.59167,1.79096,70.4888,0.7574,0.98,0.8634
run_20260607_CUB-200-2011_ConvNeXt-Tiny,CUB-200-2011,ConvNeXt-Tiny,20260607,3,1.49587,1.68105,76.0924,0.7485,0.9658,0.8344
run_20260607_PlantVillage_Swin-Tiny,PlantVillage,Swin-Tiny,20260607,4,1.3704,1.53058,88.4039,0.7491,0.4498,0.8235
run_20260607_PlantDoc_Swin-Tiny,PlantDoc,Swin-Tiny,20260607,5,1.31457,1.48973,72.6064,0.8257,0.98,0.8313
run_20260607_CUB-200-2011_Swin-Tiny,CUB-200-2011,Swin-Tiny,20260607,6,1.21787,1.36109,78.6357,0.767,0.8869,0.8834
run_20260607_PlantVillage_ConvNeXtplusARM,PlantVillage,ConvNeXt+ARM,20260607,7,1.13148,1.24815,90.8935,0.7643,0.3661,0.9132
run_20260607_PlantDoc_ConvNeXtplusARM,PlantDoc,ConvNeXt+ARM,20260607,8,1.08215,1.16631,76.4367,0.7879,0.98,0.871
run_20260607_CUB-200-2011_ConvNeXtplusARM,CUB-200-2011,ConvNeXt+ARM,20260607,9,1.02348,1.15305,81.0313,0.8111,0.8149,0.8388
run_20260607_PlantVillage_UAMP-Net,PlantVillage,UAMP-Net,20260607,10,0.93728,1.04024,92.6401,0.8035,0.3374,0.8591
run_20260607_PlantDoc_UAMP-Net,PlantDoc,UAMP-Net,20260607,11,0.90784,0.99746,80.7823,0.8514,0.7416,0.8141
run_20260607_CUB-200-2011_UAMP-Net,CUB-200-2011,UAMP-Net,20260607,12,0.84489,0.94523,84.4825,0.8379,0.7447,0.893
run_20260614_PlantVillage_ResNet-50,PlantVillage,ResNet-50,20260614,13,0.79234,0.8433,91.5139,0.7869,0.3566,0.8369
run_20260614_PlantDoc_ResNet-50,PlantDoc,ResNet-50,20260614,14,0.74216,0.87192,72.3574,0.7915,0.98,0.8676
run_20260614_CUB-200-2011_ResNet-50,CUB-200-2011,ResNet-50,20260614,15,0.69828,0.82145,78.4726,0.7837,0.9483,0.8634
run_20260614_PlantVillage_EfficientNet-B3,PlantVillage,EfficientNet-B3,20260614,16,0.66298,0.70572,93.7055,0.7971,0.316,0.8538
run_20260614_PlantDoc_EfficientNet-B3,PlantDoc,EfficientNet-B3,20260614,17,0.64639,0.71071,76.3416,0.7707,0.98,0.8516
run_20260614_CUB-200-2011_EfficientNet-B3,CUB-200-2011,EfficientNet-B3,20260614,18,0.57278,0.66429,81.9458,0.7856,0.7469,0.8565
run_20260614_PlantVillage_ConvNeXt-Tiny,PlantVillage,ConvNeXt-Tiny,20260614,19,0.55987,0.57805,95.0933,0.8214,0.2088,0.8466
run_20260614_PlantDoc_ConvNeXt-Tiny,PlantDoc,ConvNeXt-Tiny,20260614,20,0.502,0.5783,79.2015,0.8018,0.7753,0.8478
run_20260614_CUB-200-2011_ConvNeXt-Tiny,CUB-200-2011,ConvNeXt-Tiny,20260614,21,0.4866,0.55544,85.2048,0.7755,0.6218,0.8142
run_20260614_PlantVillage_Swin-Tiny,PlantVillage,Swin-Tiny,20260614,22,0.43094,0.47898,95.4382,0.7513,0.1603,0.8695
run_20260614_PlantDoc_Swin-Tiny,PlantDoc,Swin-Tiny,20260614,23,0.4244,0.51306,80.119,0.8221,0.8175,0.7874
run_20260614_CUB-200-2011_Swin-Tiny,CUB-200-2011,Swin-Tiny,20260614,24,0.42718,0.47021,85.0436,0.7749,0.5973,0.8362
run_20260614_PlantVillage_ConvNeXtplusARM,PlantVillage,ConvNeXt+ARM,20260614,25,0.38088,0.39311,96.8103,0.8122,0.1918,0.84
run_20260614_PlantDoc_ConvNeXtplusARM,PlantDoc,ConvNeXt+ARM,20260614,26,0.3403,0.41565,83.0109,0.8058,0.7351,0.8459
run_20260614_CUB-200-2011_ConvNeXtplusARM,CUB-200-2011,ConvNeXt+ARM,20260614,27,0.32043,0.36784,85.8376,0.7877,0.5339,0.8927
run_20260614_PlantVillage_UAMP-Net,PlantVillage,UAMP-Net,20260614,28,0.28066,0.31403,97.383,0.8475,0.2375,0.8666
run_20260614_PlantDoc_UAMP-Net,PlantDoc,UAMP-Net,20260614,29,0.29821,0.37765,84.6383,0.8336,0.6535,0.8357
run_20260614_CUB-200-2011_UAMP-Net,CUB-200-2011,UAMP-Net,20260614,30,0.2829,0.31116,88.7218,0.8638,0.4764,0.8589
run_20260601_PlantVillage_ResNet-50,PlantVillage,ResNet-50,20260601,31,0.27285,0.27983,95.3782,0.8088,0.1325,0.8388
run_20260601_PlantDoc_ResNet-50,PlantDoc,ResNet-50,20260601,32,0.24,0.36474,75.7489,0.8059,0.98,0.8465
run_20260601_CUB-200-2011_ResNet-50,CUB-200-2011,ResNet-50,20260601,33,0.24524,0.30006,81.9025,0.84,0.8046,0.8542
run_20260601_PlantVillage_EfficientNet-B3,PlantVillage,EfficientNet-B3,20260601,34,0.21185,0.26142,96.3284,0.7999,0.1592,0.857
run_20260601_PlantDoc_EfficientNet-B3,PlantDoc,EfficientNet-B3,20260601,35,0.21015,0.26584,78.9413,0.8221,0.9318,0.8138
run_20260601_CUB-200-2011_EfficientNet-B3,CUB-200-2011,EfficientNet-B3,20260601,36,0.1969,0.22622,83.7406,0.8077,0.6634,0.8391
run_20260601_PlantVillage_ConvNeXt-Tiny,PlantVillage,ConvNeXt-Tiny,20260601,37,0.17508,0.16377,97.5022,0.8294,0.1507,0.8677
run_20260601_PlantDoc_ConvNeXt-Tiny,PlantDoc,ConvNeXt-Tiny,20260601,38,0.18542,0.21514,81.5758,0.8271,0.7802,0.8179
run_20260601_CUB-200-2011_ConvNeXt-Tiny,CUB-200-2011,ConvNeXt-Tiny,20260601,39,0.16116,0.21915,87.2003,0.8195,0.5163,0.8505
run_20260601_PlantVillage_Swin-Tiny,PlantVillage,Swin-Tiny,20260601,40,0.16326,0.12764,97.493,0.7809,0.0819,0.8512
run_20260601_PlantDoc_Swin-Tiny,PlantDoc,Swin-Tiny,20260601,41,0.13227,0.24057,80.9183,0.8359,0.8336,0.8661
run_20260601_CUB-200-2011_Swin-Tiny,CUB-200-2011,Swin-Tiny,20260601,42,0.15632,0.19123,87.1565,0.8346,0.5395,0.8455
run_20260601_PlantVillage_ConvNeXtplusARM,PlantVillage,ConvNeXt+ARM,20260601,43,0.13124,0.12371,98.0956,0.8458,0.02,0.835
run_20260601_PlantDoc_ConvNeXtplusARM,PlantDoc,ConvNeXt+ARM,20260601,44,0.11375,0.17319,83.1463,0.8512,0.7168,0.8479
run_20260601_CUB-200-2011_ConvNeXtplusARM,CUB-200-2011,ConvNeXt+ARM,20260601,45,0.0947,0.1532,88.0697,0.8673,0.5226,0.8413
run_20260601_PlantVillage_UAMP-Net,PlantVillage,UAMP-Net,20260601,46,0.09853,0.1038,98.6872,0.8778,0.0623,0.857
run_20260601_PlantDoc_UAMP-Net,PlantDoc,UAMP-Net,20260601,47,0.11397,0.13382,86.3457,0.903,0.5193,0.8511
run_20260601_CUB-200-2011_UAMP-Net,CUB-200-2011,UAMP-Net,20260601,48,0.07836,0.08813,88.617,0.8931,0.4347,0.8581
run_20260607_PlantVillage_ResNet-50,PlantVillage,ResNet-50,20260607,49,0.07748,0.09581,96.592,0.8515,0.1802,0.8909
run_20260607_PlantDoc_ResNet-50,PlantDoc,ResNet-50,20260607,50,0.07775,0.16693,76.1846,0.8671,0.98,0.8452
run_20260607_CUB-200-2011_ResNet-50,CUB-200-2011,ResNet-50,20260607,51,0.07879,0.14919,82.4316,0.8295,0.7627,0.8808
run_20260607_PlantVillage_EfficientNet-B3,PlantVillage,EfficientNet-B3,20260607,52,0.08942,0.0639,97.4295,0.857,0.02,0.858
run_20260607_PlantDoc_EfficientNet-B3,PlantDoc,EfficientNet-B3,20260607,53,0.04062,0.12965,79.7445,0.8497,0.8955,0.8263
run_20260607_CUB-200-2011_EfficientNet-B3,CUB-200-2011,EfficientNet-B3,20260607,54,0.10286,0.10552,85.759,0.8396,0.5192,0.789
run_20260607_PlantVillage_ConvNeXt-Tiny,PlantVillage,ConvNeXt-Tiny,20260607,55,0.05273,0.03615,98.2784,0.8795,0.1248,0.8399
run_20260607_PlantDoc_ConvNeXt-Tiny,PlantDoc,ConvNeXt-Tiny,20260607,56,0.06382,0.09698,81.37,0.8667,0.7693,0.7694
run_20260607_CUB-200-2011_ConvNeXt-Tiny,CUB-200-2011,ConvNeXt-Tiny,20260607,57,0.04272,0.11749,86.7699,0.822,0.5587,0.8966
run_20260607_PlantVillage_Swin-Tiny,PlantVillage,Swin-Tiny,20260607,58,0.04078,0.09284,97.7774,0.8604,0.1601,0.8518
run_20260607_PlantDoc_Swin-Tiny,PlantDoc,Swin-Tiny,20260607,59,0.03709,0.12611,82.0898,0.8682,0.6762,0.8059
run_20260607_CUB-200-2011_Swin-Tiny,CUB-200-2011,Swin-Tiny,20260607,60,0.04624,0.09368,87.841,0.8743,0.5184,0.8339
run_20260607_PlantVillage_ConvNeXtplusARM,PlantVillage,ConvNeXt+ARM,20260607,1,1.69788,1.83157,86.105,0.7421,0.5024,0.8639
run_20260607_PlantDoc_ConvNeXtplusARM,PlantDoc,ConvNeXt+ARM,20260607,2,1.59666,1.76411,72.1075,0.7369,0.98,0.8296
run_20260607_CUB-200-2011_ConvNeXtplusARM,CUB-200-2011,ConvNeXt+ARM,20260607,3,1.50074,1.67244,76.7754,0.7775,0.98,0.8318
run_20260607_PlantVillage_UAMP-Net,PlantVillage,UAMP-Net,20260607,4,1.38782,1.49571,89.1835,0.8509,0.4999,0.8911
run_20260607_PlantDoc_UAMP-Net,PlantDoc,UAMP-Net,20260607,5,1.2801,1.4631,77.9527,0.7996,0.9698,0.8494
run_20260607_CUB-200-2011_UAMP-Net,CUB-200-2011,UAMP-Net,20260607,6,1.22355,1.39291,81.3608,0.8251,0.7405,0.8161
run_20260614_PlantVillage_ResNet-50,PlantVillage,ResNet-50,20260614,7,1.14979,1.27665,88.994,0.7846,0.3797,0.8806
run_20260614_PlantDoc_ResNet-50,PlantDoc,ResNet-50,20260614,8,1.08171,1.23423,68.3251,0.7739,0.98,0.8632
run_20260614_CUB-200-2011_ResNet-50,CUB-200-2011,ResNet-50,20260614,9,1.02162,1.10695,75.8404,0.7565,0.9506,0.8862
run_20260614_PlantVillage_EfficientNet-B3,PlantVillage,EfficientNet-B3,20260614,10,0.9464,1.00691,91.3489,0.7546,0.2696,0.8551
run_20260614_PlantDoc_EfficientNet-B3,PlantDoc,EfficientNet-B3,20260614,11,0.90711,1.04072,74.308,0.797,0.98,0.8752
run_20260614_CUB-200-2011_EfficientNet-B3,CUB-200-2011,EfficientNet-B3,20260614,12,0.83524,0.95005,79.5123,0.7727,0.8759,0.904
run_20260614_PlantVillage_ConvNeXt-Tiny,PlantVillage,ConvNeXt-Tiny,20260614,13,0.7953,0.84329,93.2438,0.7436,0.1934,0.8474
run_20260614_PlantDoc_ConvNeXt-Tiny,PlantDoc,ConvNeXt-Tiny,20260614,14,0.73219,0.8559,77.4536,0.7749,0.98,0.8772
run_20260614_CUB-200-2011_ConvNeXt-Tiny,CUB-200-2011,ConvNeXt-Tiny,20260614,15,0.71589,0.80819,82.7012,0.7675,0.7759,0.8645
run_20260614_PlantVillage_Swin-Tiny,PlantVillage,Swin-Tiny,20260614,16,0.67726,0.70352,94.2693,0.7758,0.2684,0.8845
run_20260614_PlantDoc_Swin-Tiny,PlantDoc,Swin-Tiny,20260614,17,0.61568,0.71417,78.0937,0.7593,0.9097,0.8309
run_20260614_CUB-200-2011_Swin-Tiny,CUB-200-2011,Swin-Tiny,20260614,18,0.57243,0.66617,84.2955,0.7992,0.6215,0.8651
run_20260614_PlantVillage_ConvNeXtplusARM,PlantVillage,ConvNeXt+ARM,20260614,19,0.52884,0.5871,95.4312,0.8036,0.2029,0.8682
run_20260614_PlantDoc_ConvNeXtplusARM,PlantDoc,ConvNeXt+ARM,20260614,20,0.49769,0.5872,80.8465,0.7454,0.7953,0.8536
run_20260614_CUB-200-2011_ConvNeXtplusARM,CUB-200-2011,ConvNeXt+ARM,20260614,21,0.51138,0.51415,85.0212,0.8018,0.6441,0.8164
run_20260614_PlantVillage_UAMP-Net,PlantVillage,UAMP-Net,20260614,22,0.45129,0.4744,96.4457,0.8941,0.0934,0.8985
run_20260614_PlantDoc_UAMP-Net,PlantDoc,UAMP-Net,20260614,23,0.42094,0.49446,84.81,0.8563,0.6857,0.8437
run_20260614_CUB-200-2011_UAMP-Net,CUB-200-2011,UAMP-Net,20260614,24,0.39751,0.46032,87.0477,0.8549,0.4776,0.8474
run_20260601_PlantVillage_ResNet-50,PlantVillage,ResNet-50,20260601,25,0.37426,0.41366,94.6839,0.7937,0.209,0.8648
run_20260601_PlantDoc_ResNet-50,PlantDoc,ResNet-50,20260601,26,0.35477,0.42474,74.2062,0.7807,0.98,0.8658
run_20260601_CUB-200-2011_ResNet-50,CUB-200-2011,ResNet-50,20260601,27,0.34166,0.42382,80.8352,0.8271,0.7108,0.8275
run_20260601_PlantVillage_EfficientNet-B3,PlantVillage,EfficientNet-B3,20260601,28,0.32331,0.32193,96.1273,0.8037,0.0871,0.8476
run_20260601_PlantDoc_EfficientNet-B3,PlantDoc,EfficientNet-B3,20260601,29,0.2918,0.41143,78.5216,0.7709,0.98,0.8454
run_20260601_CUB-200-2011_EfficientNet-B3,CUB-200-2011,EfficientNet-B3,20260601,30,0.2765,0.32815,83.9565,0.809,0.7143,0.8554
run_20260601_PlantVillage_ConvNeXt-Tiny,PlantVillage,ConvNeXt-Tiny,20260601,31,0.23727,0.28246,97.2116,0.8231,0.0941,0.8442
run_20260601_PlantDoc_ConvNeXt-Tiny,PlantDoc,ConvNeXt-Tiny,20260601,32,0.23519,0.33535,81.3458,0.7894,0.8029,0.831
run_20260601_CUB-200-2011_ConvNeXt-Tiny,CUB-200-2011,ConvNeXt-Tiny,20260601,33,0.22547,0.29063,86.3098,0.7798,0.6834,0.8556
run_20260601_PlantVillage_Swin-Tiny,PlantVillage,Swin-Tiny,20260601,34,0.2307,0.21968,96.9012,0.8517,0.193,0.8422
run_20260601_PlantDoc_Swin-Tiny,PlantDoc,Swin-Tiny,20260601,35,0.19669,0.25087,81.0538,0.8341,0.756,0.8445
run_20260601_CUB-200-2011_Swin-Tiny,CUB-200-2011,Swin-Tiny,20260601,36,0.20604,0.24058,86.8739,0.8391,0.5562,0.8806
run_20260601_PlantVillage_ConvNeXtplusARM,PlantVillage,ConvNeXt+ARM,20260601,37,0.19621,0.18327,97.4214,0.8337,0.1012,0.8407
run_20260601_PlantDoc_ConvNeXtplusARM,PlantDoc,ConvNeXt+ARM,20260601,38,0.17179,0.25689,83.05,0.8301,0.6863,0.8815
run_20260601_CUB-200-2011_ConvNeXtplusARM,CUB-200-2011,ConvNeXt+ARM,20260601,39,0.15094,0.18588,88.351,0.8443,0.5423,0.8342
run_20260601_PlantVillage_UAMP-Net,PlantVillage,UAMP-Net,20260601,40,0.09607,0.1522,98.4741,0.9253,0.0551,0.8798
run_20260601_PlantDoc_UAMP-Net,PlantDoc,UAMP-Net,20260601,41,0.11827,0.19327,86.3133,0.86,0.4923,0.8285
run_20260601_CUB-200-2011_UAMP-Net,CUB-200-2011,UAMP-Net,20260601,42,0.16713,0.1617,89.0875,0.8954,0.4885,0.8427
run_20260607_PlantVillage_ResNet-50,PlantVillage,ResNet-50,20260607,43,0.11652,0.14008,96.1136,0.8471,0.1441,0.842
run_20260607_PlantDoc_ResNet-50,PlantDoc,ResNet-50,20260607,44,0.12236,0.17902,76.1676,0.8543,0.98,0.843
run_20260607_CUB-200-2011_ResNet-50,CUB-200-2011,ResNet-50,20260607,45,0.09245,0.16427,82.8487,0.8666,0.7111,0.8447
run_20260607_PlantVillage_EfficientNet-B3,PlantVillage,EfficientNet-B3,20260607,46,0.10915,0.10908,97.0641,0.8608,0.0842,0.8741
run_20260607_PlantDoc_EfficientNet-B3,PlantDoc,EfficientNet-B3,20260607,47,0.10692,0.15543,79.7167,0.8233,0.8801,0.8562
run_20260607_CUB-200-2011_EfficientNet-B3,CUB-200-2011,EfficientNet-B3,20260607,48,0.09411,0.13618,84.7267,0.8423,0.6516,0.8545
run_20260607_PlantVillage_ConvNeXt-Tiny,PlantVillage,ConvNeXt-Tiny,20260607,49,0.07243,0.09414,97.7752,0.8625,0.0409,0.8655
run_20260607_PlantDoc_ConvNeXt-Tiny,PlantDoc,ConvNeXt-Tiny,20260607,50,0.07922,0.17048,81.8411,0.8704,0.7048,0.8537
run_20260607_CUB-200-2011_ConvNeXt-Tiny,CUB-200-2011,ConvNeXt-Tiny,20260607,51,0.06555,0.10969,86.4751,0.8537,0.5916,0.8275
run_20260607_PlantVillage_Swin-Tiny,PlantVillage,Swin-Tiny,20260607,52,0.06656,0.07556,97.8728,0.8565,0.1399,0.8853
run_20260607_PlantDoc_Swin-Tiny,PlantDoc,Swin-Tiny,20260607,53,0.05753,0.13601,81.7948,0.8638,0.77,0.8641
run_20260607_CUB-200-2011_Swin-Tiny,CUB-200-2011,Swin-Tiny,20260607,54,0.04454,0.13143,87.3457,0.8428,0.5398,0.8434
run_20260607_PlantVillage_ConvNeXtplusARM,PlantVillage,ConvNeXt+ARM,20260607,55,0.05016,0.07565,98.3619,0.8074,0.108,0.8199
run_20260607_PlantDoc_ConvNeXtplusARM,PlantDoc,ConvNeXt+ARM,20260607,56,0.03685,0.1145,83.8655,0.8557,0.7076,0.8379
run_20260607_CUB-200-2011_ConvNeXtplusARM,CUB-200-2011,ConvNeXt+ARM,20260607,57,0.05664,0.07151,87.5031,0.8819,0.5134,0.8724
run_20260607_PlantVillage_UAMP-Net,PlantVillage,UAMP-Net,20260607,58,0.02789,0.05639,98.9239,0.9606,0.02,0.8764
run_20260607_PlantDoc_UAMP-Net,PlantDoc,UAMP-Net,20260607,59,0.06709,0.11653,86.6842,0.9339,0.5784,0.8535
run_20260607_CUB-200-2011_UAMP-Net,CUB-200-2011,UAMP-Net,20260607,60,0.03128,0.08074,89.2402,0.8889,0.4724,0.824
run_20260614_PlantVillage_ResNet-50,PlantVillage,ResNet-50,20260614,1,1.70303,1.8311,83.9584,0.7468,0.6782,0.8372
run_20260614_PlantDoc_ResNet-50,PlantDoc,ResNet-50,20260614,2,1.59754,1.82109,65.5545,0.7346,0.98,0.8446
run_20260614_CUB-200-2011_ResNet-50,CUB-200-2011,ResNet-50,20260614,3,1.48397,1.6497,71.6848,0.7368,0.98,0.8637
run_20260614_PlantVillage_EfficientNet-B3,PlantVillage,EfficientNet-B3,20260614,4,1.41419,1.48617,87.79,0.7522,0.5472,0.8534
run_20260614_PlantDoc_EfficientNet-B3,PlantDoc,EfficientNet-B3,20260614,5,1.3203,1.45928,70.3386,0.7504,0.98,0.8659
run_20260614_CUB-200-2011_EfficientNet-B3,CUB-200-2011,EfficientNet-B3,20260614,6,1.22178,1.38744,76.7433,0.725,0.98,0.8253
run_20260614_PlantVillage_ConvNeXt-Tiny,PlantVillage,ConvNeXt-Tiny,20260614,7,1.16907,1.24187,90.0314,0.7714,0.5176,0.8664
run_20260614_PlantDoc_ConvNeXt-Tiny,PlantDoc,ConvNeXt-Tiny,20260614,8,1.07383,1.22954,74.1602,0.7583,0.98,0.8499
run_20260614_CUB-200-2011_ConvNeXt-Tiny,CUB-200-2011,ConvNeXt-Tiny,20260614,9,0.998,1.1407,80.6068,0.7295,0.7599,0.8416
run_20260614_PlantVillage_Swin-Tiny,PlantVillage,Swin-Tiny,20260614,10,0.94983,1.02687,91.684,0.7689,0.3684,0.8649
run_20260614_PlantDoc_Swin-Tiny,PlantDoc,Swin-Tiny,20260614,11,0.89966,1.00006,75.764,0.772,0.98,0.8631
run_20260614_CUB-200-2011_Swin-Tiny,CUB-200-2011,Swin-Tiny,20260614,12,0.84016,0.97948,82.2605,0.7784,0.7581,0.8556
run_20260614_PlantVillage_ConvNeXtplusARM,PlantVillage,ConvNeXt+ARM,20260614,13,0.82756,0.83243,93.5361,0.7625,0.2808,0.8669
run_20260614_PlantDoc_ConvNeXtplusARM,PlantDoc,ConvNeXt+ARM,20260614,14,0.75129,0.88012,79.6042,0.8036,0.8725,0.8608
run_20260614_CUB-200-2011_ConvNeXtplusARM,CUB-200-2011,ConvNeXt+ARM,20260614,15,0.70487,0.75578,83.6633,0.7752,0.7237,0.7965
run_20260614_PlantVillage_UAMP-Net,PlantVillage,UAMP-Net,20260614,16,0.63085,0.69433,95.2809,0.8514,0.1674,0.8743
run_20260614_PlantDoc_UAMP-Net,PlantDoc,UAMP-Net,20260614,17,0.60129,0.71871,83.4436,0.8182,0.6609,0.861
run_20260614_CUB-200-2011_UAMP-Net,CUB-200-2011,UAMP-Net,20260614,18,0.58108,0.62108,86.5728,0.8583,0.5253,0.8323
run_20260601_PlantVillage_ResNet-50,PlantVillage,ResNet-50,20260601,19,0.57819,0.60462,93.7283,0.7659,0.1944,0.8923
run_20260601_PlantDoc_ResNet-50,PlantDoc,ResNet-50,20260601,20,0.5179,0.61763,73.4478,0.776,0.98,0.8028
run_20260601_CUB-200-2011_ResNet-50,CUB-200-2011,ResNet-50,20260601,21,0.48998,0.56527,80.5866,0.8076,0.7778,0.8696
run_20260601_PlantVillage_EfficientNet-B3,PlantVillage,EfficientNet-B3,20260601,22,0.47741,0.45729,95.4973,0.8004,0.212,0.8436
run_20260601_PlantDoc_EfficientNet-B3,PlantDoc,EfficientNet-B3,20260601,23,0.399,0.51884,78.3964,0.7828,0.898,0.8463
run_20260601_CUB-200-2011_EfficientNet-B3,CUB-200-2011,EfficientNet-B3,20260601,24,0.39203,0.4584,82.1956,0.7948,0.7031,0.8243
run_20260601_PlantVillage_ConvNeXt-Tiny,PlantVillage,ConvNeXt-Tiny,20260601,25,0.3795,0.36715,96.2398,0.7849,0.269,0.8323
run_20260601_PlantDoc_ConvNeXt-Tiny,PlantDoc,ConvNeXt-Tiny,20260601,26,0.35911,0.44521,79.7533,0.7824,0.8481,0.8684
run_20260601_CUB-200-2011_ConvNeXt-Tiny,CUB-200-2011,ConvNeXt-Tiny,20260601,27,0.34723,0.36896,85.3662,0.8005,0.575,0.8537
run_20260601_PlantVillage_Swin-Tiny,PlantVillage,Swin-Tiny,20260601,28,0.28233,0.33929,96.5375,0.827,0.1943,0.834
run_20260601_PlantDoc_Swin-Tiny,PlantDoc,Swin-Tiny,20260601,29,0.32341,0.36448,80.0567,0.7957,0.8533,0.8469
run_20260601_CUB-200-2011_Swin-Tiny,CUB-200-2011,Swin-Tiny,20260601,30,0.27536,0.33794,86.4159,0.8125,0.567,0.8439
run_20260601_PlantVillage_ConvNeXtplusARM,PlantVillage,ConvNeXt+ARM,20260601,31,0.22898,0.23463,97.2835,0.8033,0.1011,0.8355
run_20260601_PlantDoc_ConvNeXtplusARM,PlantDoc,ConvNeXt+ARM,20260601,32,0.2405,0.31153,83.6335,0.8175,0.5955,0.8537
run_20260601_CUB-200-2011_ConvNeXtplusARM,CUB-200-2011,ConvNeXt+ARM,20260601,33,0.21619,0.28615,86.632,0.8197,0.5943,0.8688
run_20260601_PlantVillage_UAMP-Net,PlantVillage,UAMP-Net,20260601,34,0.19971,0.20705,97.7971,0.8848,0.0977,0.8483
run_20260601_PlantDoc_UAMP-Net,PlantDoc,UAMP-Net,20260601,35,0.19493,0.29269,85.9104,0.9216,0.6163,0.8278
run_20260601_CUB-200-2011_UAMP-Net,CUB-200-2011,UAMP-Net,20260601,36,0.16261,0.21212,88.644,0.8907,0.5825,0.8676
run_20260607_PlantVillage_ResNet-50,PlantVillage,ResNet-50,20260607,37,0.15477,0.20777,95.9518,0.8495,0.187,0.8009
run_20260607_PlantDoc_ResNet-50,PlantDoc,ResNet-50,20260607,38,0.16901,0.25481,75.6315,0.8162,0.98,0.8545
run_20260607_CUB-200-2011_ResNet-50,CUB-200-2011,ResNet-50,20260607,39,0.15813,0.20748,82.2209,0.826,0.6819,0.8352
run_20260607_PlantVillage_EfficientNet-B3,PlantVillage,EfficientNet-B3,20260607,40,0.15702,0.14167,96.9691,0.8163,0.1097,0.8603
run_20260607_PlantDoc_EfficientNet-B3,PlantDoc,EfficientNet-B3,20260607,41,0.13507,0.19903,79.5752,0.8418,0.7764,0.8557
run_20260607_CUB-200-2011_EfficientNet-B3,CUB-200-2011,EfficientNet-B3,20260607,42,0.16314,0.17596,85.1149,0.831,0.6183,0.8636
run_20260607_PlantVillage_ConvNeXt-Tiny,PlantVillage,ConvNeXt-Tiny,20260607,43,0.12112,0.13424,97.8477,0.8221,0.092,0.8563
run_20260607_PlantDoc_ConvNeXt-Tiny,PlantDoc,ConvNeXt-Tiny,20260607,44,0.09601,0.1828,81.5207,0.8427,0.8364,0.8464
run_20260607_CUB-200-2011_ConvNeXt-Tiny,CUB-200-2011,ConvNeXt-Tiny,20260607,45,0.10346,0.14083,85.8867,0.8024,0.6218,0.8787
run_20260607_PlantVillage_Swin-Tiny,PlantVillage,Swin-Tiny,20260607,46,0.1067,0.13308,97.9126,0.8473,0.125,0.8543
run_20260607_PlantDoc_Swin-Tiny,PlantDoc,Swin-Tiny,20260607,47,0.09616,0.17612,80.9355,0.8201,0.7361,0.8543
run_20260607_CUB-200-2011_Swin-Tiny,CUB-200-2011,Swin-Tiny,20260607,48,0.10021,0.12438,87.8645,0.8447,0.3781,0.8541
run_20260607_PlantVillage_ConvNeXtplusARM,PlantVillage,ConvNeXt+ARM,20260607,49,0.05808,0.08855,98.1623,0.8586,0.0395,0.8586
run_20260607_PlantDoc_ConvNeXtplusARM,PlantDoc,ConvNeXt+ARM,20260607,50,0.06154,0.08398,83.7465,0.8318,0.6586,0.8168
run_20260607_CUB-200-2011_ConvNeXtplusARM,CUB-200-2011,ConvNeXt+ARM,20260607,51,0.07021,0.09316,87.6556,0.845,0.3848,0.8279
run_20260607_PlantVillage_UAMP-Net,PlantVillage,UAMP-Net,20260607,52,0.07668,0.07501,98.6807,0.8791,0.1036,0.8346
run_20260607_PlantDoc_UAMP-Net,PlantDoc,UAMP-Net,20260607,53,0.08237,0.09607,86.1497,0.9191,0.5533,0.8643
run_20260607_CUB-200-2011_UAMP-Net,CUB-200-2011,UAMP-Net,20260607,54,0.08549,0.08324,89.4422,0.9122,0.455,0.8477
run_20260614_PlantVillage_ResNet-50,PlantVillage,ResNet-50,20260614,55,0.0469,0.08103,96.4047,0.8729,0.2344,0.855
run_20260614_PlantDoc_ResNet-50,PlantDoc,ResNet-50,20260614,56,0.04804,0.08974,76.3917,0.8671,0.98,0.8669
run_20260614_CUB-200-2011_ResNet-50,CUB-200-2011,ResNet-50,20260614,57,0.08002,0.13154,81.5541,0.8769,0.8012,0.8279
run_20260614_PlantVillage_EfficientNet-B3,PlantVillage,EfficientNet-B3,20260614,58,0.03832,0.06986,97.0155,0.8704,0.0797,0.8469
run_20260614_PlantDoc_EfficientNet-B3,PlantDoc,EfficientNet-B3,20260614,59,0.01506,0.118,80.0661,0.8685,0.7825,0.8027
run_20260614_CUB-200-2011_EfficientNet-B3,CUB-200-2011,EfficientNet-B3,20260614,60,0.06671,0.12183,85.6627,0.8758,0.5774,0.8592
run_20260614_PlantVillage_ConvNeXt-Tiny,PlantVillage,ConvNeXt-Tiny,20260614,1,1.67942,1.84396,85.5148,0.7539,0.5551,0.9021
run_20260614_PlantDoc_ConvNeXt-Tiny,PlantDoc,ConvNeXt-Tiny,20260614,2,1.58336,1.7786,70.0528,0.7382,0.98,0.8401
run_20260614_CUB-200-2011_ConvNeXt-Tiny,CUB-200-2011,ConvNeXt-Tiny,20260614,3,1.52237,1.65905,76.4761,0.7766,0.98,0.8387
run_20260614_PlantVillage_Swin-Tiny,PlantVillage,Swin-Tiny,20260614,4,1.40017,1.51979,88.2937,0.7164,0.4748,0.8572
run_20260614_PlantDoc_Swin-Tiny,PlantDoc,Swin-Tiny,20260614,5,1.30846,1.49187,72.6775,0.7641,0.98,0.8427
run_20260614_CUB-200-2011_Swin-Tiny,CUB-200-2011,Swin-Tiny,20260614,6,1.25524,1.40462,79.3453,0.7533,0.8931,0.8478
run_20260614_PlantVillage_ConvNeXtplusARM,PlantVillage,ConvNeXt+ARM,20260614,7,1.12954,1.231,90.8648,0.7514,0.3457,0.8613
run_20260614_PlantDoc_ConvNeXtplusARM,PlantDoc,ConvNeXt+ARM,20260614,8,1.06841,1.28597,76.1365,0.7836,0.98,0.8346
run_20260614_CUB-200-2011_ConvNeXtplusARM,CUB-200-2011,ConvNeXt+ARM,20260614,9,1.02961,1.1426,81.5388,0.7577,0.6992,0.8481
run_20260614_PlantVillage_UAMP-Net,PlantVillage,UAMP-Net,20260614,10,0.93123,1.04957,92.6383,0.8401,0.3425,0.8418
run_20260614_PlantDoc_UAMP-Net,PlantDoc,UAMP-Net,20260614,11,0.8913,0.99929,81.5187,0.8255,0.7561,0.8614
run_20260614_CUB-200-2011_UAMP-Net,CUB-200-2011,UAMP-Net,20260614,12,0.86308,0.96106,84.5493,0.8481,0.7005,0.8543
run_20260601_PlantVillage_ResNet-50,PlantVillage,ResNet-50,20260601,13,0.78402,0.86005,91.717,0.7339,0.2331,0.8749
run_20260601_PlantDoc_ResNet-50,PlantDoc,ResNet-50,20260601,14,0.76119,0.87438,72.1429,0.7799,0.98,0.8516
run_20260601_CUB-200-2011_ResNet-50,CUB-200-2011,ResNet-50,20260601,15,0.68772,0.79956,78.657,0.7808,0.9031,0.8256
run_20260601_PlantVillage_EfficientNet-B3,PlantVillage,EfficientNet-B3,20260601,16,0.67363,0.7133,93.417,0.7903,0.246,0.8454
run_20260601_PlantDoc_EfficientNet-B3,PlantDoc,EfficientNet-B3,20260601,17,0.65262,0.72109,76.0801,0.7536,0.9414,0.8674
run_20260601_CUB-200-2011_EfficientNet-B3,CUB-200-2011,EfficientNet-B3,20260601,18,0.58726,0.64943,81.7096,0.7478,0.7777,0.8779
run_20260601_PlantVillage_ConvNeXt-Tiny,PlantVillage,ConvNeXt-Tiny,20260601,19,0.57143,0.60629,95.1804,0.7701,0.184,0.8574
run_20260601_PlantDoc_ConvNeXt-Tiny,PlantDoc,ConvNeXt-Tiny,20260601,20,0.49671,0.56081,79.2217,0.7798,0.7958,0.8299
run_20260601_CUB-200-2011_ConvNeXt-Tiny,CUB-200-2011,ConvNeXt-Tiny,20260601,21,0.5064,0.56475,83.8466,0.8046,0.6712,0.8331
run_20260601_PlantVillage_Swin-Tiny,PlantVillage,Swin-Tiny,20260601,22,0.46529,0.47931,95.7315,0.8307,0.1015,0.8391
run_20260601_PlantDoc_Swin-Tiny,PlantDoc,Swin-Tiny,20260601,23,0.42314,0.49459,79.6913,0.7636,0.8488,0.8834
run_20260601_CUB-200-2011_Swin-Tiny,CUB-200-2011,Swin-Tiny,20260601,24,0.40169,0.44534,84.873,0.7906,0.5486,0.7988
run_20260601_PlantVillage_ConvNeXtplusARM,PlantVillage,ConvNeXt+ARM,20260601,25,0.39114,0.40291,96.6521,0.7942,0.0886,0.8142
run_20260601_PlantDoc_ConvNeXtplusARM,PlantDoc,ConvNeXt+ARM,20260601,26,0.34,0.41502,82.6912,0.77,0.7079,0.8441
run_20260601_CUB-200-2011_ConvNeXtplusARM,CUB-200-2011,ConvNeXt+ARM,20260601,27,0.34265,0.35887,87.3683,0.824,0.5058,0.8597
run_20260601_PlantVillage_UAMP-Net,PlantVillage,UAMP-Net,20260601,28,0.31585,0.29849,97.5194,0.8624,0.0712,0.8518
run_20260601_PlantDoc_UAMP-Net,PlantDoc,UAMP-Net,20260601,29,0.29867,0.34113,85.1777,0.8921,0.6081,0.8483
run_20260601_CUB-200-2011_UAMP-Net,CUB-200-2011,UAMP-Net,20260601,30,0.29295,0.30514,87.6642,0.8967,0.5367,0.8401
run_20260607_PlantVillage_ResNet-50,PlantVillage,ResNet-50,20260607,31,0.26226,0.25856,96.0684,0.8056,0.141,0.8419
run_20260607_PlantDoc_ResNet-50,PlantDoc,ResNet-50,20260607,32,0.24018,0.33719,75.6421,0.7944,0.98,0.8677
run_20260607_CUB-200-2011_ResNet-50,CUB-200-2011,ResNet-50,20260607,33,0.24642,0.29625,81.6174,0.8251,0.7329,0.8399
run_20260607_PlantVillage_EfficientNet-B3,PlantVillage,EfficientNet-B3,20260607,34,0.20773,0.23956,96.4523,0.8084,0.1714,0.8571
run_20260607_PlantDoc_EfficientNet-B3,PlantDoc,EfficientNet-B3,20260607,35,0.18486,0.28892,79.7827,0.8112,0.7944,0.8921
run_20260607_CUB-200-2011_EfficientNet-B3,CUB-200-2011,EfficientNet-B3,20260607,36,0.18092,0.22146,85.0656,0.8,0.6422,0.8193
run_20260607_PlantVillage_ConvNeXt-Tiny,PlantVillage,ConvNeXt-Tiny,20260607,37,0.19439,0.19708,97.7596,0.8392,0.1142,0.844
run_20260607_PlantDoc_ConvNeXt-Tiny,PlantDoc,ConvNeXt-Tiny,20260607,38,0.20086,0.24595,81.2005,0.8124,0.7772,0.8372
run_20260607_CUB-200-2011_ConvNeXt-Tiny,CUB-200-2011,ConvNeXt-Tiny,20260607,39,0.15344,0.18161,85.5941,0.7914,0.6141,0.8594
run_20260607_PlantVillage_Swin-Tiny,PlantVillage,Swin-Tiny,20260607,40,0.15362,0.17393,97.4802,0.8668,0.02,0.8701
run_20260607_PlantDoc_Swin-Tiny,PlantDoc,Swin-Tiny,20260607,41,0.13382,0.22242,80.6271,0.8364,0.8155,0.8172
run_20260607_CUB-200-2011_Swin-Tiny,CUB-200-2011,Swin-Tiny,20260607,42,0.15822,0.1609,87.9227,0.8404,0.4573,0.861
run_20260607_PlantVillage_ConvNeXtplusARM,PlantVillage,ConvNeXt+ARM,20260607,43,0.10703,0.12113,98.1097,0.8291,0.02,0.853
run_20260607_PlantDoc_ConvNeXtplusARM,PlantDoc,ConvNeXt+ARM,20260607,44,0.0911,0.13244,83.7296,0.8134,0.6424,0.8367
run_20260607_CUB-200-2011_ConvNeXtplusARM,CUB-200-2011,ConvNeXt+ARM,20260607,45,0.12619,0.17534,87.6455,0.8559,0.5271,0.8668
run_20260607_PlantVillage_UAMP-Net,PlantVillage,UAMP-Net,20260607,46,0.12867,0.1057,98.5443,0.8896,0.02,0.8393
run_20260607_PlantDoc_UAMP-Net,PlantDoc,UAMP-Net,20260607,47,0.10807,0.13958,85.996,0.859,0.587,0.8582
run_20260607_CUB-200-2011_UAMP-Net,CUB-200-2011,UAMP-Net,20260607,48,0.07721,0.13323,89.3583,0.8972,0.3728,0.8662
run_20260614_PlantVillage_ResNet-50,PlantVillage,ResNet-50,20260614,49,0.09701,0.10706,96.3523,0.8271,0.1547,0.8563
run_20260614_PlantDoc_ResNet-50,PlantDoc,ResNet-50,20260614,50,0.10518,0.17701,76.3889,0.8398,0.9713,0.831
run_20260614_CUB-200-2011_ResNet-50,CUB-200-2011,ResNet-50,20260614,51,0.05883,0.13985,83.1336,0.8123,0.6686,0.8436
run_20260614_PlantVillage_EfficientNet-B3,PlantVillage,EfficientNet-B3,20260614,52,0.06945,0.07902,97.3771,0.87,0.1769,0.8598
run_20260614_PlantDoc_EfficientNet-B3,PlantDoc,EfficientNet-B3,20260614,53,0.05158,0.15998,79.6526,0.8531,0.9174,0.8693
run_20260614_CUB-200-2011_EfficientNet-B3,CUB-200-2011,EfficientNet-B3,20260614,54,0.09059,0.15123,84.9102,0.8296,0.6748,0.8553
run_20260614_PlantVillage_ConvNeXt-Tiny,PlantVillage,ConvNeXt-Tiny,20260614,55,0.06523,0.06964,97.9508,0.8179,0.1817,0.8342
run_20260614_PlantDoc_ConvNeXt-Tiny,PlantDoc,ConvNeXt-Tiny,20260614,56,0.06376,0.09813,81.1851,0.8569,0.6971,0.835
run_20260614_CUB-200-2011_ConvNeXt-Tiny,CUB-200-2011,ConvNeXt-Tiny,20260614,57,0.02672,0.10348,86.4158,0.8871,0.5629,0.8306
run_20260614_PlantVillage_Swin-Tiny,PlantVillage,Swin-Tiny,20260614,58,0.05018,0.0624,98.0006,0.8567,0.02,0.8609
run_20260614_PlantDoc_Swin-Tiny,PlantDoc,Swin-Tiny,20260614,59,0.012,0.12271,81.8478,0.8243,0.7824,0.835
run_20260614_CUB-200-2011_Swin-Tiny,CUB-200-2011,Swin-Tiny,20260614,60,0.01446,0.07731,88.5063,0.8651,0.4362,0.8117
run_20260614_PlantVillage_ConvNeXtplusARM,PlantVillage,ConvNeXt+ARM,20260614,1,1.6954,1.8597,85.8462,0.7212,0.6107,0.8684
run_20260614_PlantDoc_ConvNeXtplusARM,PlantDoc,ConvNeXt+ARM,20260614,2,1.56398,1.76276,72.1029,0.7134,0.98,0.8108
run_20260614_CUB-200-2011_ConvNeXtplusARM,CUB-200-2011,ConvNeXt+ARM,20260614,3,1.5338,1.63002,77.6934,0.7421,0.9144,0.8167
run_20260614_PlantVillage_UAMP-Net,PlantVillage,UAMP-Net,20260614,4,1.38133,1.51388,89.2,0.7823,0.4818,0.8784
run_20260614_PlantDoc_UAMP-Net,PlantDoc,UAMP-Net,20260614,5,1.33498,1.4881,77.7057,0.8312,0.8823,0.8391
run_20260614_CUB-200-2011_UAMP-Net,CUB-200-2011,UAMP-Net,20260614,6,1.23038,1.36793,80.7479,0.8254,0.8521,0.8476
run_20260601_PlantVillage_ResNet-50,PlantVillage,ResNet-50,20260601,7,1.17519,1.23828,88.96,0.7503,0.5335,0.847
run_20260601_PlantDoc_ResNet-50,PlantDoc,ResNet-50,20260601,8,1.11041,1.27851,69.5954,0.7926,0.98,0.8304
run_20260601_CUB-200-2011_ResNet-50,CUB-200-2011,ResNet-50,20260601,9,1.05745,1.15396,75.9421,0.7681,0.98,0.8624
run_20260601_PlantVillage_EfficientNet-B3,PlantVillage,EfficientNet-B3,20260601,10,0.9633,1.01182,91.1159,0.7371,0.2419,0.8194
run_20260601_PlantDoc_EfficientNet-B3,PlantDoc,EfficientNet-B3,20260601,11,0.90068,1.05827,74.5915,0.7381,0.98,0.8805
run_20260601_CUB-200-2011_EfficientNet-B3,CUB-200-2011,EfficientNet-B3,20260601,12,0.85127,0.96937,79.5889,0.7609,0.8838,0.8607
run_20260601_PlantVillage_ConvNeXt-Tiny,PlantVillage,ConvNeXt-Tiny,20260601,13,0.81021,0.825,93.2065,0.7723,0.2622,0.8637
run_20260601_PlantDoc_ConvNeXt-Tiny,PlantDoc,ConvNeXt-Tiny,20260601,14,0.7472,0.84218,77.8677,0.787,0.9254,0.855
run_20260601_CUB-200-2011_ConvNeXt-Tiny,CUB-200-2011,ConvNeXt-Tiny,20260601,15,0.70997,0.81867,82.6223,0.7773,0.6746,0.8875
run_20260601_PlantVillage_Swin-Tiny,PlantVillage,Swin-Tiny,20260601,16,0.68411,0.71429,94.3909,0.7816,0.2272,0.8768
run_20260601_PlantDoc_Swin-Tiny,PlantDoc,Swin-Tiny,20260601,17,0.61263,0.75273,77.9098,0.824,0.9337,0.8298
run_20260601_CUB-200-2011_Swin-Tiny,CUB-200-2011,Swin-Tiny,20260601,18,0.58905,0.63173,84.1457,0.7679,0.7215,0.8333
run_20260601_PlantVillage_ConvNeXtplusARM,PlantVillage,ConvNeXt+ARM,20260601,19,0.53184,0.55246,95.3072,0.7555,0.2224,0.8834
run_20260601_PlantDoc_ConvNeXtplusARM,PlantDoc,ConvNeXt+ARM,20260601,20,0.52872,0.58419,80.5957,0.815,0.7919,0.8659
run_20260601_CUB-200-2011_ConvNeXtplusARM,CUB-200-2011,ConvNeXt+ARM,20260601,21,0.50136,0.54884,85.5919,0.7786,0.646,0.832
run_20260601_PlantVillage_UAMP-Net,PlantVillage,UAMP-Net,20260601,22,0.4658,0.45719,96.905,0.8547,0.0272,0.8451
run_20260601_PlantDoc_UAMP-Net,PlantDoc,UAMP-Net,20260601,23,0.45638,0.48958,84.7419,0.8497,0.6643,0.8411
run_20260601_CUB-200-2011_UAMP-Net,CUB-200-2011,UAMP-Net,20260601,24,0.42229,0.47056,87.2087,0.8715,0.4787,0.8642
run_20260607_PlantVillage_ResNet-50,PlantVillage,ResNet-50,20260607,25,0.39039,0.38505,94.9569,0.7833,0.2351,0.8559
run_20260607_PlantDoc_ResNet-50,PlantDoc,ResNet-50,20260607,26,0.36622,0.47606,75.3089,0.7973,0.98,0.8517
run_20260607_CUB-200-2011_ResNet-50,CUB-200-2011,ResNet-50,20260607,27,0.3178,0.39497,81.0176,0.8311,0.7182,0.8603
run_20260607_PlantVillage_EfficientNet-B3,PlantVillage,EfficientNet-B3,20260607,28,0.31209,0.33379,95.9043,0.8215,0.1452,0.8555
run_20260607_PlantDoc_EfficientNet-B3,PlantDoc,EfficientNet-B3,20260607,29,0.31873,0.40624,78.7367,0.8005,0.8913,0.8704
run_20260607_CUB-200-2011_EfficientNet-B3,CUB-200-2011,EfficientNet-B3,20260607,30,0.25901,0.33381,83.1633,0.8228,0.6524,0.8393
run_20260607_PlantVillage_ConvNeXt-Tiny,PlantVillage,ConvNeXt-Tiny,20260607,31,0.24533,0.30156,96.69,0.818,0.0953,0.8796
run_20260607_PlantDoc_ConvNeXt-Tiny,PlantDoc,ConvNeXt-Tiny,20260607,32,0.25045,0.31509,80.9873,0.8422,0.797,0.8539
run_20260607_CUB-200-2011_ConvNeXt-Tiny,CUB-200-2011,ConvNeXt-Tiny,20260607,33,0.20594,0.29467,86.0857,0.8179,0.5747,0.8634
run_20260607_PlantVillage_Swin-Tiny,PlantVillage,Swin-Tiny,20260607,34,0.20162,0.21264,97.2225,0.8087,0.148,0.8688
run_20260607_PlantDoc_Swin-Tiny,PlantDoc,Swin-Tiny,20260607,35,0.22922,0.28527,81.0261,0.7997,0.8868,0.8485
run_20260607_CUB-200-2011_Swin-Tiny,CUB-200-2011,Swin-Tiny,20260607,36,0.18226,0.26227,86.9391,0.7926,0.521,0.8377
run_20260607_PlantVillage_ConvNeXtplusARM,PlantVillage,ConvNeXt+ARM,20260607,37,0.17419,0.17101,97.8526,0.8176,0.1215,0.8376
run_20260607_PlantDoc_ConvNeXtplusARM,PlantDoc,ConvNeXt+ARM,20260607,38,0.17877,0.23998,83.1855,0.8489,0.649,0.8529
run_20260607_CUB-200-2011_ConvNeXtplusARM,CUB-200-2011,ConvNeXt+ARM,20260607,39,0.16077,0.19318,86.8408,0.8547,0.5463,0.871
run_20260607_PlantVillage_UAMP-Net,PlantVillage,UAMP-Net,20260607,40,0.13481,0.17328,98.3175,0.8982,0.1549,0.8437
run_20260607_PlantDoc_UAMP-Net,PlantDoc,UAMP-Net,20260607,41,0.12539,0.21141,86.7635,0.8961,0.5153,0.8633
run_20260607_CUB-200-2011_UAMP-Net,CUB-200-2011,UAMP-Net,20260607,42,0.12825,0.20704,88.8093,0.8747,0.4528,0.8025
run_20260614_PlantVillage_ResNet-50,PlantVillage,ResNet-50,20260614,43,0.10792,0.13854,96.2612,0.8333,0.2651,0.8341
run_20260614_PlantDoc_ResNet-50,PlantDoc,ResNet-50,20260614,44,0.11572,0.22666,76.667,0.8164,0.8969,0.8236
run_20260614_CUB-200-2011_ResNet-50,CUB-200-2011,ResNet-50,20260614,45,0.08487,0.19254,82.5589,0.8173,0.7117,0.8695
run_20260614_PlantVillage_EfficientNet-B3,PlantVillage,EfficientNet-B3,20260614,46,0.10405,0.09532,97.2692,0.8223,0.0973,0.858
run_20260614_PlantDoc_EfficientNet-B3,PlantDoc,EfficientNet-B3,20260614,47,0.12083,0.16553,79.3616,0.823,0.9177,0.8332
run_20260614_CUB-200-2011_EfficientNet-B3,CUB-200-2011,EfficientNet-B3,20260614,48,0.06925,0.14774,85.0009,0.8337,0.6446,0.84
run_20260614_PlantVillage_ConvNeXt-Tiny,PlantVillage,ConvNeXt-Tiny,20260614,49,0.0645,0.0767,97.9856,0.8115,0.02,0.8385
run_20260614_PlantDoc_ConvNeXt-Tiny,PlantDoc,ConvNeXt-Tiny,20260614,50,0.07926,0.13096,82.244,0.8417,0.8571,0.8334
run_20260614_CUB-200-2011_ConvNeXt-Tiny,CUB-200-2011,ConvNeXt-Tiny,20260614,51,0.04407,0.12488,86.3176,0.8323,0.4815,0.8498
run_20260614_PlantVillage_Swin-Tiny,PlantVillage,Swin-Tiny,20260614,52,0.0683,0.08783,97.9853,0.8534,0.0698,0.8498
run_20260614_PlantDoc_Swin-Tiny,PlantDoc,Swin-Tiny,20260614,53,0.06729,0.1452,82.1251,0.8469,0.764,0.8199
run_20260614_CUB-200-2011_Swin-Tiny,CUB-200-2011,Swin-Tiny,20260614,54,0.04644,0.07982,88.2471,0.8355,0.4725,0.8703
run_20260614_PlantVillage_ConvNeXtplusARM,PlantVillage,ConvNeXt+ARM,20260614,55,0.0616,0.05508,98.5848,0.8891,0.0572,0.8438
run_20260614_PlantDoc_ConvNeXtplusARM,PlantDoc,ConvNeXt+ARM,20260614,56,0.08813,0.11817,83.2075,0.8348,0.6794,0.8819
run_20260614_CUB-200-2011_ConvNeXtplusARM,CUB-200-2011,ConvNeXt+ARM,20260614,57,0.07391,0.09108,87.8627,0.8649,0.5018,0.8437
run_20260614_PlantVillage_UAMP-Net,PlantVillage,UAMP-Net,20260614,58,0.03213,0.0389,98.6815,0.904,0.0978,0.8738
run_20260614_PlantDoc_UAMP-Net,PlantDoc,UAMP-Net,20260614,59,0.03341,0.09401,87.1634,0.9553,0.4548,0.8341
run_20260614_CUB-200-2011_UAMP-Net,CUB-200-2011,UAMP-Net,20260614,60,0.06168,0.08171,89.4633,0.9245,0.4422,0.8502
run_20260601_PlantVillage_ResNet-50,PlantVillage,ResNet-50,20260601,1,1.70124,1.83191,84.2774,0.7404,0.7429,0.8561
run_20260601_PlantDoc_ResNet-50,PlantDoc,ResNet-50,20260601,2,1.58784,1.76814,65.4858,0.7352,0.98,0.8596
run_20260601_CUB-200-2011_ResNet-50,CUB-200-2011,ResNet-50,20260601,3,1.46337,1.67583,72.1309,0.7359,0.98,0.8345
run_20260601_PlantVillage_EfficientNet-B3,PlantVillage,EfficientNet-B3,20260601,4,1.42499,1.57649,87.5596,0.7675,0.564,0.8635
run_20260601_PlantDoc_EfficientNet-B3,PlantDoc,EfficientNet-B3,20260601,5,1.31681,1.49579,70.0099,0.7789,0.98,0.8429
run_20260601_CUB-200-2011_EfficientNet-B3,CUB-200-2011,EfficientNet-B3,20260601,6,1.23379,1.36918,77.5961,0.757,0.9546,0.8736
run_20260601_PlantVillage_ConvNeXt-Tiny,PlantVillage,ConvNeXt-Tiny,20260601,7,1.15597,1.25137,90.4549,0.7542,0.251,0.8653
run_20260601_PlantDoc_ConvNeXt-Tiny,PlantDoc,ConvNeXt-Tiny,20260601,8,1.10836,1.23319,74.5462,0.7842,0.98,0.854
run_20260601_CUB-200-2011_ConvNeXt-Tiny,CUB-200-2011,ConvNeXt-Tiny,20260601,9,1.00499,1.15544,80.5327,0.7475,0.8443,0.8308
run_20260601_PlantVillage_Swin-Tiny,PlantVillage,Swin-Tiny,20260601,10,0.97293,1.04863,91.6746,0.7663,0.3097,0.8861
run_20260601_PlantDoc_Swin-Tiny,PlantDoc,Swin-Tiny,20260601,11,0.91199,1.04652,75.7432,0.7859,0.98,0.8531
run_20260601_CUB-200-2011_Swin-Tiny,CUB-200-2011,Swin-Tiny,20260601,12,0.86352,0.90957,82.7706,0.791,0.7418,0.8449
run_20260601_PlantVillage_ConvNeXtplusARM,PlantVillage,ConvNeXt+ARM,20260601,13,0.78479,0.84836,93.5952,0.7944,0.2681,0.8512
run_20260601_PlantDoc_ConvNeXtplusARM,PlantDoc,ConvNeXt+ARM,20260601,14,0.73718,0.85789,79.2393,0.7824,0.8629,0.848
run_20260601_CUB-200-2011_ConvNeXtplusARM,CUB-200-2011,ConvNeXt+ARM,20260601,15,0.71229,0.81645,83.5156,0.7939,0.7018,0.8442
run_20260601_PlantVillage_UAMP-Net,PlantVillage,UAMP-Net,20260601,16,0.65932,0.68494,95.4612,0.8603,0.1987,0.8505
run_20260601_PlantDoc_UAMP-Net,PlantDoc,UAMP-Net,20260601,17,0.59756,0.67286,83.471,0.8356,0.7387,0.8615
run_20260601_CUB-200-2011_UAMP-Net,CUB-200-2011,UAMP-Net,20260601,18,0.56025,0.66897,85.7643,0.8569,0.599,0.8482
run_20260607_PlantVillage_ResNet-50,PlantVillage,ResNet-50,20260607,19,0.57288,0.57843,93.4072,0.8197,0.2852,0.8536
run_20260607_PlantDoc_ResNet-50,PlantDoc,ResNet-50,20260607,20,0.49652,0.5963,73.7665,0.749,0.98,0.8321
run_20260607_CUB-200-2011_ResNet-50,CUB-200-2011,ResNet-50,20260607,21,0.48481,0.56678,80.0933,0.7979,0.8175,0.8392
run_20260607_PlantVillage_EfficientNet-B3,PlantVillage,EfficientNet-B3,20260607,22,0.49854,0.50116,94.9678,0.7906,0.2043,0.8459
run_20260607_PlantDoc_EfficientNet-B3,PlantDoc,EfficientNet-B3,20260607,23,0.43532,0.52472,77.3759,0.7936,0.9121,0.8785
run_20260607_CUB-200-2011_EfficientNet-B3,CUB-200-2011,EfficientNet-B3,20260607,24,0.40698,0.46411,83.4514,0.7868,0.584,0.8652
run_20260607_PlantVillage_ConvNeXt-Tiny,PlantVillage,ConvNeXt-Tiny,20260607,25,0.39799,0.40751,96.3923,0.7855,0.1866,0.881
run_20260607_PlantDoc_ConvNeXt-Tiny,PlantDoc,ConvNeXt-Tiny,20260607,26,0.35822,0.4449,80.4167,0.8107,0.7592,0.8528
run_20260607_CUB-200-2011_ConvNeXt-Tiny,CUB-200-2011,ConvNeXt-Tiny,20260607,27,0.35658,0.3928,85.1501,0.7948,0.6301,0.861
run_20260607_PlantVillage_Swin-Tiny,PlantVillage,Swin-Tiny,20260607,28,0.30545,0.3589,96.5243,0.8263,0.1237,0.852
run_20260607_PlantDoc_Swin-Tiny,PlantDoc,Swin-Tiny,20260607,29,0.30442,0.3838,79.7456,0.789,0.9048,0.8611
run_20260607_CUB-200-2011_Swin-Tiny,CUB-200-2011,Swin-Tiny,20260607,30,0.28015,0.29553,86.9089,0.792,0.67,0.8215
run_20260607_PlantVillage_ConvNeXtplusARM,PlantVillage,ConvNeXt+ARM,20260607,31,0.24218,0.24053,97.4262,0.7764,0.2107,0.8131
run_20260607_PlantDoc_ConvNeXtplusARM,PlantDoc,ConvNeXt+ARM,20260607,32,0.22344,0.28807,83.5864,0.8337,0.8,0.8238
run_20260607_CUB-200-2011_ConvNeXtplusARM,CUB-200-2011,ConvNeXt+ARM,20260607,33,0.2406,0.28252,87.1206,0.8535,0.5892,0.846
run_20260607_PlantVillage_UAMP-Net,PlantVillage,UAMP-Net,20260607,34,0.21863,0.25877,98.0946,0.8868,0.0286,0.8652
run_20260607_PlantDoc_UAMP-Net,PlantDoc,UAMP-Net,20260607,35,0.18894,0.28127,86.4966,0.8752,0.4489,0.8673
run_20260607_CUB-200-2011_UAMP-Net,CUB-200-2011,UAMP-Net,20260607,36,0.19275,0.26514,87.8795,0.8791,0.4844,0.8696
run_20260614_PlantVillage_ResNet-50,PlantVillage,ResNet-50,20260614,37,0.19255,0.16283,96.2075,0.8345,0.2474,0.8567
run_20260614_PlantDoc_ResNet-50,PlantDoc,ResNet-50,20260614,38,0.13092,0.25579,75.7133,0.8225,0.8615,0.8653
run_20260614_CUB-200-2011_ResNet-50,CUB-200-2011,ResNet-50,20260614,39,0.13847,0.24144,81.7559,0.8247,0.7548,0.8351
run_20260614_PlantVillage_EfficientNet-B3,PlantVillage,EfficientNet-B3,20260614,40,0.15954,0.14693,96.8149,0.8498,0.1608,0.8523
run_20260614_PlantDoc_EfficientNet-B3,PlantDoc,EfficientNet-B3,20260614,41,0.15757,0.20434,79.043,0.8534,0.8788,0.8511
run_20260614_CUB-200-2011_EfficientNet-B3,CUB-200-2011,EfficientNet-B3,20260614,42,0.12072,0.15694,85.7874,0.8101,0.7142,0.864
run_20260614_PlantVillage_ConvNeXt-Tiny,PlantVillage,ConvNeXt-Tiny,20260614,43,0.13138,0.14083,98.0494,0.8414,0.0922,0.8338
run_20260614_PlantDoc_ConvNeXt-Tiny,PlantDoc,ConvNeXt-Tiny,20260614,44,0.10913,0.19324,81.4845,0.8357,0.7757,0.8119
run_20260614_CUB-200-2011_ConvNeXt-Tiny,CUB-200-2011,ConvNeXt-Tiny,20260614,45,0.14495,0.15538,85.9238,0.8498,0.5638,0.8832
run_20260614_PlantVillage_Swin-Tiny,PlantVillage,Swin-Tiny,20260614,46,0.09406,0.10886,97.5882,0.8299,0.1593,0.8431
run_20260614_PlantDoc_Swin-Tiny,PlantDoc,Swin-Tiny,20260614,47,0.08949,0.1726,80.8824,0.8624,0.8205,0.8774
run_20260614_CUB-200-2011_Swin-Tiny,CUB-200-2011,Swin-Tiny,20260614,48,0.07421,0.11551,87.5463,0.8249,0.4182,0.852
run_20260614_PlantVillage_ConvNeXtplusARM,PlantVillage,ConvNeXt+ARM,20260614,49,0.09451,0.0765,98.4092,0.8673,0.1056,0.8689
run_20260614_PlantDoc_ConvNeXtplusARM,PlantDoc,ConvNeXt+ARM,20260614,50,0.08372,0.14441,83.4424,0.8542,0.6541,0.8324
run_20260614_CUB-200-2011_ConvNeXtplusARM,CUB-200-2011,ConvNeXt+ARM,20260614,51,0.08662,0.09208,87.5588,0.8548,0.5472,0.8704
run_20260614_PlantVillage_UAMP-Net,PlantVillage,UAMP-Net,20260614,52,0.0196,0.04852,98.4598,0.9207,0.1348,0.8405
run_20260614_PlantDoc_UAMP-Net,PlantDoc,UAMP-Net,20260614,53,0.07159,0.1329,86.2929,0.8808,0.6387,0.8573
run_20260614_CUB-200-2011_UAMP-Net,CUB-200-2011,UAMP-Net,20260614,54,0.05606,0.07218,90.1186,0.8779,0.4521,0.8669
run_20260601_PlantVillage_ResNet-50,PlantVillage,ResNet-50,20260601,55,0.05891,0.06228,96.5315,0.86,0.1149,0.8621
run_20260601_PlantDoc_ResNet-50,PlantDoc,ResNet-50,20260601,56,0.06585,0.14948,75.6387,0.8426,0.9793,0.8329
run_20260601_CUB-200-2011_ResNet-50,CUB-200-2011,ResNet-50,20260601,57,0.05161,0.09839,82.7857,0.8792,0.7947,0.8609
run_20260601_PlantVillage_EfficientNet-B3,PlantVillage,EfficientNet-B3,20260601,58,0.03359,0.03142,97.4157,0.854,0.0489,0.8591
run_20260601_PlantDoc_EfficientNet-B3,PlantDoc,EfficientNet-B3,20260601,59,0.038,0.1453,79.7325,0.8795,0.885,0.8603
run_20260601_CUB-200-2011_EfficientNet-B3,CUB-200-2011,EfficientNet-B3,20260601,60,0.05951,0.07292,85.9336,0.8718,0.5993,0.8636
run_20260601_PlantVillage_ConvNeXt-Tiny,PlantVillage,ConvNeXt-Tiny,20260601,1,1.70941,1.81516,85.3981,0.7542,0.6311,0.8359
run_20260601_PlantDoc_ConvNeXt-Tiny,PlantDoc,ConvNeXt-Tiny,20260601,2,1.59,1.79002,70.4444,0.7662,0.98,0.842
run_20260601_CUB-200-2011_ConvNeXt-Tiny,CUB-200-2011,ConvNeXt-Tiny,20260601,3,1.49688,1.66215,75.2241,0.7437,0.98,0.8881
run_20260601_PlantVillage_Swin-Tiny,PlantVillage,Swin-Tiny,20260601,4,1.41594,1.49064,88.3093,0.7261,0.5264,0.8715
run_20260601_PlantDoc_Swin-Tiny,PlantDoc,Swin-Tiny,20260601,5,1.32437,1.47486,72.6767,0.7301,0.98,0.8553
run_20260601_CUB-200-2011_Swin-Tiny,CUB-200-2011,Swin-Tiny,20260601,6,1.24379,1.36315,79.1328,0.7169,0.8263,0.8654
run_20260601_PlantVillage_ConvNeXtplusARM,PlantVillage,ConvNeXt+ARM,20260601,7,1.17702,1.23091,90.7202,0.7384,0.2917,0.8646
run_20260601_PlantDoc_ConvNeXtplusARM,PlantDoc,ConvNeXt+ARM,20260601,8,1.08902,1.198,76.3073,0.7452,0.9598,0.8671
run_20260601_CUB-200-2011_ConvNeXtplusARM,CUB-200-2011,ConvNeXt+ARM,20260601,9,1.04967,1.13698,80.7823,0.779,0.8003,0.8517
run_20260601_PlantVillage_UAMP-Net,PlantVillage,UAMP-Net,20260601,10,0.96319,1.04212,93.1024,0.8185,0.2599,0.8415
run_20260601_PlantDoc_UAMP-Net,PlantDoc,UAMP-Net,20260601,11,0.89946,1.00629,81.5076,0.816,0.8332,0.8678
run_20260601_CUB-200-2011_UAMP-Net,CUB-200-2011,UAMP-Net,20260601,12,0.86509,0.94667,83.9788,0.8293,0.602,0.8641
run_20260607_PlantVillage_ResNet-50,PlantVillage,ResNet-50,20260607,13,0.79656,0.84568,91.4634,0.7877,0.3111,0.8381
run_20260607_PlantDoc_ResNet-50,PlantDoc,ResNet-50,20260607,14,0.74968,0.85848,71.9028,0.8121,0.98,0.843
run_20260607_CUB-200-2011_ResNet-50,CUB-200-2011,ResNet-50,20260607,15,0.70026,0.82861,78.5488,0.7868,0.914,0.8374
run_20260607_PlantVillage_EfficientNet-B3,PlantVillage,EfficientNet-B3,20260607,16,0.6655,0.69328,93.6587,0.7556,0.2795,0.8477
run_20260607_PlantDoc_EfficientNet-B3,PlantDoc,EfficientNet-B3,20260607,17,0.64574,0.74803,76.6624,0.7769,0.9231,0.8675
run_20260607_CUB-200-2011_EfficientNet-B3,CUB-200-2011,EfficientNet-B3,20260607,18,0.61234,0.67166,81.7889,0.7656,0.7207,0.8615
run_20260607_PlantVillage_ConvNeXt-Tiny,PlantVillage,ConvNeXt-Tiny,20260607,19,0.57251,0.58529,95.218,0.776,0.2279,0.8548
run_20260607_PlantDoc_ConvNeXt-Tiny,PlantDoc,ConvNeXt-Tiny,20260607,20,0.52236,0.5953,79.2601,0.7943,0.896,0.8335
run_20260607_CUB-200-2011_ConvNeXt-Tiny,CUB-200-2011,ConvNeXt-Tiny,20260607,21,0.5062,0.55705,84.1209,0.8111,0.566,0.8142
run_20260607_PlantVillage_Swin-Tiny,PlantVillage,Swin-Tiny,20260607,22,0.46064,0.48187,95.612,0.7857,0.2263,0.8444
run_20260607_PlantDoc_Swin-Tiny,PlantDoc,Swin-Tiny,20260607,23,0.43125,0.4921,79.2834,0.8017,0.8994,0.8702
run_20260607_CUB-200-2011_Swin-Tiny,CUB-200-2011,Swin-Tiny,20260607,24,0.38306,0.43885,85.9634,0.7767,0.6291,0.8412
run_20260607_PlantVillage_ConvNeXtplusARM,PlantVillage,ConvNeXt+ARM,20260607,25,0.35928,0.39682,96.9055,0.7901,0.1003,0.8645
run_20260607_PlantDoc_ConvNeXtplusARM,PlantDoc,ConvNeXt+ARM,20260607,26,0.34816,0.45264,82.5815,0.7537,0.732,0.8703
run_20260607_CUB-200-2011_ConvNeXtplusARM,CUB-200-2011,ConvNeXt+ARM,20260607,27,0.33589,0.3927,86.103,0.8183,0.539,0.8868
run_20260607_PlantVillage_UAMP-Net,PlantVillage,UAMP-Net,20260607,28,0.30038,0.33623,97.5424,0.8664,0.0731,0.8617
run_20260607_PlantDoc_UAMP-Net,PlantDoc,UAMP-Net,20260607,29,0.30472,0.30902,85.6337,0.8709,0.5535,0.8374
run_20260607_CUB-200-2011_UAMP-Net,CUB-200-2011,UAMP-Net,20260607,30,0.27414,0.32382,88.1303,0.8851,0.4449,0.807
run_20260614_PlantVillage_ResNet-50,PlantVillage,ResNet-50,20260614,31,0.27225,0.30067,95.4453,0.7654,0.2371,0.8074
run_20260614_PlantDoc_ResNet-50,PlantDoc,ResNet-50,20260614,32,0.24884,0.32563,75.2057,0.8233,0.9613,0.8431
run_20260614_CUB-200-2011_ResNet-50,CUB-200-2011,ResNet-50,20260614,33,0.24105,0.28429,82.1672,0.8332,0.7047,0.8601
run_20260614_PlantVillage_EfficientNet-B3,PlantVillage,EfficientNet-B3,20260614,34,0.20248,0.23779,96.5355,0.8601,0.0452,0.8311
run_20260614_PlantDoc_EfficientNet-B3,PlantDoc,EfficientNet-B3,20260614,35,0.17259,0.29755,79.1958,0.8043,0.9571,0.8895
run_20260614_CUB-200-2011_EfficientNet-B3,CUB-200-2011,EfficientNet-B3,20260614,36,0.18176,0.25777,85.1894,0.8064,0.58,0.8448
run_20260614_PlantVillage_ConvNeXt-Tiny,PlantVillage,ConvNeXt-Tiny,20260614,37,0.17898,0.17659,97.4957,0.8162,0.02,0.8527
run_20260614_PlantDoc_ConvNeXt-Tiny,PlantDoc,ConvNeXt-Tiny,20260614,38,0.16249,0.23106,81.0549,0.8373,0.7848,0.8488
run_20260614_CUB-200-2011_ConvNeXt-Tiny,CUB-200-2011,ConvNeXt-Tiny,20260614,39,0.1468,0.21903,86.2836,0.8655,0.6435,0.8802
run_20260614_PlantVillage_Swin-Tiny,PlantVillage,Swin-Tiny,20260614,40,0.14226,0.16521,97.4559,0.846,0.1366,0.8539
run_20260614_PlantDoc_Swin-Tiny,PlantDoc,Swin-Tiny,20260614,41,0.15164,0.19455,80.9979,0.8144,0.7436,0.8439
run_20260614_CUB-200-2011_Swin-Tiny,CUB-200-2011,Swin-Tiny,20260614,42,0.13331,0.15826,86.5893,0.8465,0.5862,0.8519
run_20260614_PlantVillage_ConvNeXtplusARM,PlantVillage,ConvNeXt+ARM,20260614,43,0.11246,0.14712,98.141,0.8215,0.0803,0.8731
run_20260614_PlantDoc_ConvNeXtplusARM,PlantDoc,ConvNeXt+ARM,20260614,44,0.10395,0.18221,83.1038,0.8101,0.6296,0.8436
run_20260614_CUB-200-2011_ConvNeXtplusARM,CUB-200-2011,ConvNeXt+ARM,20260614,45,0.12559,0.16064,87.5092,0.8593,0.4735,0.8374
run_20260614_PlantVillage_UAMP-Net,PlantVillage,UAMP-Net,20260614,46,0.10024,0.12097,98.7153,0.9033,0.0561,0.8817
run_20260614_PlantDoc_UAMP-Net,PlantDoc,UAMP-Net,20260614,47,0.08327,0.16355,86.8755,0.8855,0.5288,0.8685
run_20260614_CUB-200-2011_UAMP-Net,CUB-200-2011,UAMP-Net,20260614,48,0.1098,0.11332,89.5235,0.8604,0.5072,0.866
run_20260601_PlantVillage_ResNet-50,PlantVillage,ResNet-50,20260601,49,0.07743,0.12752,96.5076,0.8517,0.2299,0.8232
run_20260601_PlantDoc_ResNet-50,PlantDoc,ResNet-50,20260601,50,0.09557,0.18199,75.9987,0.8485,0.98,0.8526
run_20260601_CUB-200-2011_ResNet-50,CUB-200-2011,ResNet-50,20260601,51,0.09133,0.12206,82.1817,0.838,0.7131,0.8515
run_20260601_PlantVillage_EfficientNet-B3,PlantVillage,EfficientNet-B3,20260601,52,0.0994,0.06971,97.2106,0.8628,0.1302,0.8479
run_20260601_PlantDoc_EfficientNet-B3,PlantDoc,EfficientNet-B3,20260601,53,0.07206,0.14824,79.9658,0.8356,0.8387,0.8477
run_20260601_CUB-200-2011_EfficientNet-B3,CUB-200-2011,EfficientNet-B3,20260601,54,0.03894,0.13832,85.5145,0.8633,0.6745,0.86
run_20260601_PlantVillage_ConvNeXt-Tiny,PlantVillage,ConvNeXt-Tiny,20260601,55,0.06634,0.01873,98.2172,0.8676,0.135,0.8511
run_20260601_PlantDoc_ConvNeXt-Tiny,PlantDoc,ConvNeXt-Tiny,20260601,56,0.08171,0.10284,82.1762,0.8482,0.7679,0.8539
run_20260601_CUB-200-2011_ConvNeXt-Tiny,CUB-200-2011,ConvNeXt-Tiny,20260601,57,0.04129,0.10274,86.4501,0.8349,0.5721,0.8726
run_20260601_PlantVillage_Swin-Tiny,PlantVillage,Swin-Tiny,20260601,58,0.0563,0.06374,97.7275,0.8785,0.0956,0.8405
run_20260601_PlantDoc_Swin-Tiny,PlantDoc,Swin-Tiny,20260601,59,0.07092,0.10447,81.782,0.8518,0.7214,0.8451
run_20260601_CUB-200-2011_Swin-Tiny,CUB-200-2011,Swin-Tiny,20260601,60,0.03392,0.12065,88.3686,0.8633,0.4081,0.8288
run_20260601_PlantVillage_ConvNeXtplusARM,PlantVillage,ConvNeXt+ARM,20260601,1,1.67449,1.85963,86.0665,0.7382,0.5666,0.8779
run_20260601_PlantDoc_ConvNeXtplusARM,PlantDoc,ConvNeXt+ARM,20260601,2,1.57839,1.76773,72.2482,0.7328,0.98,0.8349
run_20260601_CUB-200-2011_ConvNeXtplusARM,CUB-200-2011,ConvNeXt+ARM,20260601,3,1.49016,1.63895,77.6792,0.8029,0.9398,0.84
run_20260601_PlantVillage_UAMP-Net,PlantVillage,UAMP-Net,20260601,4,1.42562,1.49616,89.017,0.832,0.4261,0.8448
run_20260601_PlantDoc_UAMP-Net,PlantDoc,UAMP-Net,20260601,5,1.33826,1.46104,77.5555,0.7963,0.9588,0.8447
run_20260601_CUB-200-2011_UAMP-Net,CUB-200-2011,UAMP-Net,20260601,6,1.23683,1.36145,80.5766,0.8376,0.7747,0.8194
run_20260607_PlantVillage_ResNet-50,PlantVillage,ResNet-50,20260607,7,1.16853,1.28061,89.0211,0.7594,0.44,0.8468
run_20260607_PlantDoc_ResNet-50,PlantDoc,ResNet-50,20260607,8,1.11647,1.25429,69.5411,0.7602,0.98,0.8426
run_20260607_CUB-200-2011_ResNet-50,CUB-200-2011,ResNet-50,20260607,9,1.0072,1.18453,75.6991,0.7429,0.98,0.8399
run_20260607_PlantVillage_EfficientNet-B3,PlantVillage,EfficientNet-B3,20260607,10,0.95647,1.02068,91.1548,0.7688,0.3841,0.8665
run_20260607_PlantDoc_EfficientNet-B3,PlantDoc,EfficientNet-B3,20260607,11,0.9051,1.06329,73.3312,0.7841,0.98,0.8607
run_20260607_CUB-200-2011_EfficientNet-B3,CUB-200-2011,EfficientNet-B3,20260607,12,0.86304,0.95411,79.7487,0.7758,0.8212,0.8359
run_20260607_PlantVillage_ConvNeXt-Tiny,PlantVillage,ConvNeXt-Tiny,20260607,13,0.81152,0.85616,93.3657,0.815,0.3455,0.8585
run_20260607_PlantDoc_ConvNeXt-Tiny,PlantDoc,ConvNeXt-Tiny,20260607,14,0.75341,0.86417,77.6905,0.8088,0.9432,0.8232
run_20260607_CUB-200-2011_ConvNeXt-Tiny,CUB-200-2011,ConvNeXt-Tiny,20260607,15,0.70563,0.78042,82.7503,0.8121,0.6878,0.851
run_20260607_PlantVillage_Swin-Tiny,PlantVillage,Swin-Tiny,20260607,16,0.64927,0.71367,94.1683,0.7933,0.2611,0.87
run_20260607_PlantDoc_Swin-Tiny,PlantDoc,Swin-Tiny,20260607,17,0.61662,0.7067,77.5125,0.8179,0.8841,0.8307
run_20260607_CUB-200-2011_Swin-Tiny,CUB-200-2011,Swin-Tiny,20260607,18,0.55567,0.64239,84.8508,0.7707,0.5771,0.836
run_20260607_PlantVillage_ConvNeXtplusARM,PlantVillage,ConvNeXt+ARM,20260607,19,0.5367,0.57449,95.3907,0.7799,0.1771,0.8272
run_20260607_PlantDoc_ConvNeXtplusARM,PlantDoc,ConvNeXt+ARM,20260607,20,0.51383,0.61053,81.1995,0.7906,0.8054,0.8488
run_20260607_CUB-200-2011_ConvNeXtplusARM,CUB-200-2011,ConvNeXt+ARM,20260607,21,0.4789,0.54714,85.0234,0.7864,0.5852,0.8181
run_20260607_PlantVillage_UAMP-Net,PlantVillage,UAMP-Net,20260607,22,0.44028,0.43958,96.3523,0.8888,0.2346,0.8416
run_20260607_PlantDoc_UAMP-Net,PlantDoc,UAMP-Net,20260607,23,0.44039,0.49282,84.7399,0.8281,0.6415,0.8621
run_20260607_CUB-200-2011_UAMP-Net,CUB-200-2011,UAMP-Net,20260607,24,0.40963,0.4249,88.2557,0.8638,0.5034,0.8228
run_20260614_PlantVillage_ResNet-50,PlantVillage,ResNet-50,20260614,25,0.39292,0.40368,94.6339,0.788,0.2191,0.8262
run_20260614_PlantDoc_ResNet-50,PlantDoc,ResNet-50,20260614,26,0.35963,0.47391,74.5489,0.8003,0.98,0.8422
run_20260614_CUB-200-2011_ResNet-50,CUB-200-2011,ResNet-50,20260614,27,0.34949,0.40214,81.4508,0.8271,0.7999,0.8319
run_20260614_PlantVillage_EfficientNet-B3,PlantVillage,EfficientNet-B3,20260614,28,0.3183,0.33955,95.8436,0.8164,0.2074,0.851
run_20260614_PlantDoc_EfficientNet-B3,PlantDoc,EfficientNet-B3,20260614,29,0.27951,0.384,78.0878,0.816,0.98,0.8696
run_20260614_CUB-200-2011_EfficientNet-B3,CUB-200-2011,EfficientNet-B3,20260614,30,0.26732,0.34911,83.7972,0.7957,0.6065,0.8548
run_20260614_PlantVillage_ConvNeXt-Tiny,PlantVillage,ConvNeXt-Tiny,20260614,31,0.25491,0.25054,96.9512,0.87,0.1357,0.8364
run_20260614_PlantDoc_ConvNeXt-Tiny,PlantDoc,ConvNeXt-Tiny,20260614,32,0.24813,0.327,80.442,0.787,0.8657,0.8474
run_20260614_CUB-200-2011_ConvNeXt-Tiny,CUB-200-2011,ConvNeXt-Tiny,20260614,33,0.23109,0.25311,86.2822,0.7932,0.5895,0.8426
run_20260614_PlantVillage_Swin-Tiny,PlantVillage,Swin-Tiny,20260614,34,0.21141,0.2564,97.1735,0.8329,0.1559,0.8679
run_20260614_PlantDoc_Swin-Tiny,PlantDoc,Swin-Tiny,20260614,35,0.17306,0.29407,80.2757,0.8163,0.8363,0.8754
run_20260614_CUB-200-2011_Swin-Tiny,CUB-200-2011,Swin-Tiny,20260614,36,0.18081,0.23802,86.4542,0.8049,0.5447,0.8505
run_20260614_PlantVillage_ConvNeXtplusARM,PlantVillage,ConvNeXt+ARM,20260614,37,0.17874,0.1836,97.7737,0.8207,0.1883,0.8437
run_20260614_PlantDoc_ConvNeXtplusARM,PlantDoc,ConvNeXt+ARM,20260614,38,0.1922,0.22943,83.1435,0.8194,0.6882,0.8816
run_20260614_CUB-200-2011_ConvNeXtplusARM,CUB-200-2011,ConvNeXt+ARM,20260614,39,0.16146,0.21769,86.9529,0.8526,0.5742,0.8249
run_20260614_PlantVillage_UAMP-Net,PlantVillage,UAMP-Net,20260614,40,0.14679,0.14468,98.4056,0.914,0.0604,0.843
run_20260614_PlantDoc_UAMP-Net,PlantDoc,UAMP-Net,20260614,41,0.11866,0.18514,85.945,0.8672,0.5689,0.8679
run_20260614_CUB-200-2011_UAMP-Net,CUB-200-2011,UAMP-Net,20260614,42,0.12193,0.15172,88.8984,0.8664,0.4529,0.8413
run_20260601_PlantVillage_ResNet-50,PlantVillage,ResNet-50,20260601,43,0.10615,0.08683,96.2281,0.7879,0.2184,0.8264
run_20260601_PlantDoc_ResNet-50,PlantDoc,ResNet-50,20260601,44,0.09796,0.20023,76.9864,0.8247,0.8511,0.8121
run_20260601_CUB-200-2011_ResNet-50,CUB-200-2011,ResNet-50,20260601,45,0.09407,0.19071,82.9354,0.8713,0.7525,0.8984
run_20260601_PlantVillage_EfficientNet-B3,PlantVillage,EfficientNet-B3,20260601,46,0.10758,0.10131,97.0358,0.8354,0.0231,0.8646
run_20260601_PlantDoc_EfficientNet-B3,PlantDoc,EfficientNet-B3,20260601,47,0.10511,0.14233,80.2875,0.8419,0.7935,0.863
run_20260601_CUB-200-2011_EfficientNet-B3,CUB-200-2011,EfficientNet-B3,20260601,48,0.09725,0.12413,85.7841,0.8372,0.7074,0.8718
run_20260601_PlantVillage_ConvNeXt-Tiny,PlantVillage,ConvNeXt-Tiny,20260601,49,0.09424,0.09762,97.9377,0.8254,0.02,0.8059
run_20260601_PlantDoc_ConvNeXt-Tiny,PlantDoc,ConvNeXt-Tiny,20260601,50,0.07506,0.15504,81.7454,0.8267,0.7941,0.8509
run_20260601_CUB-200-2011_ConvNeXt-Tiny,CUB-200-2011,ConvNeXt-Tiny,20260601,51,0.07404,0.12806,87.3389,0.8558,0.566,0.8399
run_20260601_PlantVillage_Swin-Tiny,PlantVillage,Swin-Tiny,20260601,52,0.0815,0.06277,97.6842,0.845,0.0322,0.8363
run_20260601_PlantDoc_Swin-Tiny,PlantDoc,Swin-Tiny,20260601,53,0.06065,0.1524,81.9164,0.8838,0.7838,0.8995
run_20260601_CUB-200-2011_Swin-Tiny,CUB-200-2011,Swin-Tiny,20260601,54,0.09581,0.08729,88.1701,0.8676,0.5497,0.8132
run_20260601_PlantVillage_ConvNeXtplusARM,PlantVillage,ConvNeXt+ARM,20260601,55,0.06294,0.07695,98.0009,0.889,0.0245,0.8268
run_20260601_PlantDoc_ConvNeXtplusARM,PlantDoc,ConvNeXt+ARM,20260601,56,0.05369,0.11135,83.287,0.8707,0.7026,0.8513
run_20260601_CUB-200-2011_ConvNeXtplusARM,CUB-200-2011,ConvNeXt+ARM,20260601,57,0.04462,0.07088,87.9069,0.8751,0.4539,0.8144
run_20260601_PlantVillage_UAMP-Net,PlantVillage,UAMP-Net,20260601,58,0.04132,0.04634,98.6851,0.9238,0.1018,0.8205
run_20260601_PlantDoc_UAMP-Net,PlantDoc,UAMP-Net,20260601,59,0.06026,0.11346,86.3287,0.9045,0.6114,0.8509
run_20260601_CUB-200-2011_UAMP-Net,CUB-200-2011,UAMP-Net,20260601,60,0.0473,0.11177,89.7322,0.9195,0.4725,0.832
