dataset,sample_id,true_class,pred_class,confidence,prototype_id,reliability,uncertainty,correct
PlantVillage,Pla_000000,0,0,0.7998,125,0.811,0.1429,1
PlantVillage,Pla_000001,1,1,0.9071,5,0.9921,0.0,1
PlantVillage,Pla_000002,2,2,0.9433,36,1.0,0.0316,1
PlantVillage,Pla_000003,3,3,0.7539,115,0.7736,0.2642,1
PlantVillage,Pla_000004,4,4,0.9619,4,0.944,0.1005,1
PlantVillage,Pla_000005,5,5,0.8406,114,0.7422,0.3097,1
PlantVillage,Pla_000006,6,6,0.8458,144,0.7743,0.1964,1
PlantVillage,Pla_000007,7,7,0.713,45,0.8358,0.2054,1
PlantVillage,Pla_000008,8,8,0.8422,105,0.8509,0.2172,1
PlantVillage,Pla_000009,9,9,0.6515,14,0.6941,0.2958,1
PlantVillage,Pla_000010,10,10,0.6972,121,0.7735,0.1709,1
PlantVillage,Pla_000011,11,11,0.7602,1,0.7833,0.2139,1
PlantVillage,Pla_000012,12,12,0.713,146,0.7797,0.2343,1
PlantVillage,Pla_000013,13,13,0.9699,76,1.0,0.0,1
PlantVillage,Pla_000014,14,14,0.5394,128,0.4988,0.4831,1
PlantVillage,Pla_000015,15,15,0.601,95,0.7098,0.2532,1
PlantVillage,Pla_000016,16,16,0.7641,18,0.6625,0.34,1
PlantVillage,Pla_000017,17,17,0.9369,21,0.8658,0.1402,1
PlantVillage,Pla_000018,18,18,0.9779,8,1.0,0.0,1
PlantVillage,Pla_000019,19,19,0.8612,91,0.8513,0.1465,1
PlantVillage,Pla_000020,20,20,0.7836,116,0.7668,0.308,1
PlantVillage,Pla_000021,21,21,0.9867,64,0.9462,0.1541,1
PlantVillage,Pla_000022,22,22,0.5543,96,0.5015,0.5989,1
PlantVillage,Pla_000023,23,23,0.9916,65,0.9699,0.0721,1
PlantVillage,Pla_000024,24,24,0.9405,91,0.9125,0.2531,1
PlantVillage,Pla_000025,25,25,0.8098,124,0.8304,0.1533,1
PlantVillage,Pla_000026,26,26,0.7635,92,0.7004,0.2659,1
PlantVillage,Pla_000027,27,27,0.8957,6,0.739,0.2765,1
PlantVillage,Pla_000028,28,28,0.6496,122,0.6449,0.3747,1
PlantVillage,Pla_000029,29,29,0.8325,17,0.7978,0.1257,1
PlantVillage,Pla_000030,30,30,0.8288,121,0.8419,0.1388,1
PlantVillage,Pla_000031,31,31,0.9182,17,0.9588,0.0509,1
PlantVillage,Pla_000032,32,32,0.8909,94,0.95,0.0644,1
PlantVillage,Pla_000033,33,33,0.9785,16,1.0,0.0,1
PlantVillage,Pla_000034,34,34,0.8035,89,0.8784,0.1052,1
PlantVillage,Pla_000035,35,35,0.8564,106,0.8259,0.1146,1
PlantVillage,Pla_000036,36,36,0.7763,131,0.6299,0.4322,1
PlantVillage,Pla_000037,37,37,0.7633,2,0.8464,0.1713,1
PlantVillage,Pla_000038,0,0,0.8368,142,0.7574,0.2429,1
PlantVillage,Pla_000039,1,1,0.7221,23,0.6465,0.3454,1
PlantVillage,Pla_000040,2,2,0.5058,33,0.5002,0.4396,1
PlantVillage,Pla_000041,3,3,0.7339,56,0.5908,0.337,1
PlantVillage,Pla_000042,4,4,0.8279,98,0.7315,0.366,1
PlantVillage,Pla_000043,5,5,0.7533,125,0.7615,0.1482,1
PlantVillage,Pla_000044,6,6,0.9094,93,0.81,0.2499,1
PlantVillage,Pla_000045,7,7,0.7776,41,0.7303,0.2764,1
PlantVillage,Pla_000046,8,8,0.7705,12,0.8402,0.163,1
PlantVillage,Pla_000047,9,9,0.9314,4,0.8361,0.1454,1
PlantVillage,Pla_000048,10,10,0.7579,56,0.6433,0.2941,1
PlantVillage,Pla_000049,11,11,0.7895,16,0.7649,0.2363,1
PlantVillage,Pla_000050,12,12,0.6727,86,0.7166,0.142,1
PlantVillage,Pla_000051,13,13,0.6968,105,0.6349,0.411,1
PlantVillage,Pla_000052,14,14,0.9773,80,1.0,0.0,1
PlantVillage,Pla_000053,15,15,0.7927,71,0.8508,0.1626,1
PlantVillage,Pla_000054,16,16,0.9272,103,0.9253,0.0653,1
PlantVillage,Pla_000055,17,17,0.8718,139,1.0,0.0,1
PlantVillage,Pla_000056,18,18,0.8068,81,0.6609,0.3245,1
PlantVillage,Pla_000057,19,19,0.857,40,0.7061,0.2505,1
PlantVillage,Pla_000058,20,20,0.7978,71,0.7705,0.2506,1
PlantVillage,Pla_000059,21,21,0.8681,118,0.7941,0.2047,1
PlantVillage,Pla_000060,22,22,0.9427,112,0.9645,0.0111,1
PlantVillage,Pla_000061,23,23,0.7971,130,0.8408,0.089,1
PlantVillage,Pla_000062,24,24,0.7211,27,0.7271,0.1476,1
PlantVillage,Pla_000063,25,25,0.7494,125,0.6668,0.3714,1
PlantVillage,Pla_000064,26,26,0.8682,87,0.8748,0.0782,1
PlantVillage,Pla_000065,27,27,0.7015,33,0.6381,0.3834,1
PlantVillage,Pla_000066,28,28,0.7914,52,0.9415,0.1796,1
PlantVillage,Pla_000067,29,29,0.5329,40,0.4549,0.5635,1
PlantVillage,Pla_000068,30,30,0.8636,127,0.775,0.1874,1
PlantVillage,Pla_000069,31,31,0.8071,101,0.7784,0.2189,1
PlantVillage,Pla_000070,32,32,0.6238,3,0.5564,0.4037,1
PlantVillage,Pla_000071,33,33,0.7885,30,0.8913,0.0706,1
PlantVillage,Pla_000072,34,34,0.791,106,0.7673,0.2021,1
PlantVillage,Pla_000073,35,35,0.7761,82,0.7024,0.3462,1
PlantVillage,Pla_000074,36,36,0.7967,84,0.6988,0.2147,1
PlantVillage,Pla_000075,37,37,0.805,47,0.9188,0.0796,1
PlantVillage,Pla_000076,0,0,0.6659,115,0.6371,0.3583,1
PlantVillage,Pla_000077,1,1,0.6889,24,0.7502,0.2687,1
PlantVillage,Pla_000078,2,2,0.813,77,0.8832,0.078,1
PlantVillage,Pla_000079,3,3,0.6538,1,0.5904,0.357,1
PlantVillage,Pla_000080,4,4,0.544,40,0.5841,0.3909,1
PlantVillage,Pla_000081,5,5,0.8765,27,0.923,0.085,1
PlantVillage,Pla_000082,6,6,0.628,16,0.5888,0.4477,1
PlantVillage,Pla_000083,7,7,0.7923,27,0.8122,0.136,1
PlantVillage,Pla_000084,8,8,0.7411,31,0.7549,0.251,1
PlantVillage,Pla_000085,9,9,0.7087,123,0.5879,0.4666,1
PlantVillage,Pla_000086,10,10,0.9198,60,0.9845,0.0143,1
PlantVillage,Pla_000087,11,11,0.9163,88,0.8615,0.1696,1
PlantVillage,Pla_000088,12,12,0.8801,8,0.8545,0.1282,1
PlantVillage,Pla_000089,13,13,0.7418,79,0.6155,0.4389,1
PlantVillage,Pla_000090,14,14,0.7752,44,0.731,0.2521,1
PlantVillage,Pla_000091,15,15,0.7945,10,0.7915,0.2305,1
PlantVillage,Pla_000092,16,16,0.8646,101,0.7327,0.3206,1
PlantVillage,Pla_000093,17,17,0.8627,42,0.9326,0.0,1
PlantVillage,Pla_000094,18,18,0.7537,72,0.7856,0.1744,1
PlantVillage,Pla_000095,19,19,0.8444,13,0.7422,0.2251,1
PlantVillage,Pla_000096,20,20,0.5445,10,0.6385,0.3633,1
PlantVillage,Pla_000097,21,21,0.6368,129,0.634,0.3741,1
PlantVillage,Pla_000098,22,22,0.918,106,0.9071,0.0813,1
PlantVillage,Pla_000099,23,23,0.3878,15,0.3666,0.6877,1
PlantVillage,Pla_000100,24,24,0.7593,103,0.7476,0.212,1
PlantVillage,Pla_000101,25,25,0.9019,149,0.9519,0.0359,1
PlantVillage,Pla_000102,26,26,0.4971,57,0.4542,0.5766,1
PlantVillage,Pla_000103,27,27,0.7007,114,0.8523,0.1631,1
PlantVillage,Pla_000104,28,28,0.8739,16,0.7235,0.2216,1
PlantVillage,Pla_000105,29,29,0.8426,96,0.7901,0.157,1
PlantVillage,Pla_000106,30,30,0.7698,146,0.6511,0.3673,1
PlantVillage,Pla_000107,31,31,0.9387,103,1.0,0.0,1
PlantVillage,Pla_000108,32,32,0.813,14,0.7135,0.326,1
PlantVillage,Pla_000109,33,33,0.7129,116,0.7029,0.3246,1
PlantVillage,Pla_000110,34,34,0.7855,148,0.72,0.2718,1
PlantVillage,Pla_000111,35,35,0.6458,30,0.6043,0.3732,1
PlantVillage,Pla_000112,36,36,0.7141,15,0.5813,0.3627,1
PlantVillage,Pla_000113,37,37,0.939,61,1.0,0.0,1
PlantVillage,Pla_000114,0,0,0.9858,102,0.9132,0.0643,1
PlantVillage,Pla_000115,1,1,0.9226,148,0.7188,0.2664,1
PlantVillage,Pla_000116,2,2,0.8763,96,0.8295,0.2101,1
PlantVillage,Pla_000117,3,3,0.9912,2,1.0,0.0242,1
PlantVillage,Pla_000118,4,4,0.5047,130,0.4908,0.5236,1
PlantVillage,Pla_000119,5,5,0.9588,130,0.8949,0.0835,1
PlantVillage,Pla_000120,6,6,0.9526,3,0.9305,0.087,1
PlantVillage,Pla_000121,7,7,0.8465,60,0.85,0.1235,1
PlantVillage,Pla_000122,8,8,0.9544,43,0.8681,0.085,1
PlantVillage,Pla_000123,9,9,0.7399,126,0.6903,0.248,1
PlantVillage,Pla_000124,10,10,0.8218,13,0.8592,0.1183,1
PlantVillage,Pla_000125,11,11,0.8026,102,0.7242,0.2367,1
PlantVillage,Pla_000126,12,12,0.7886,66,0.8643,0.1646,1
PlantVillage,Pla_000127,13,19,0.2445,4,0.2188,0.8266,0
PlantVillage,Pla_000128,14,14,0.6163,27,0.6033,0.4017,1
PlantVillage,Pla_000129,15,15,0.6768,101,0.7443,0.2103,1
PlantVillage,Pla_000130,16,16,0.8558,53,0.9109,0.0983,1
PlantVillage,Pla_000131,17,17,0.9295,77,0.8297,0.1321,1
PlantVillage,Pla_000132,18,18,0.7074,93,0.6983,0.3465,1
PlantVillage,Pla_000133,19,19,0.6834,85,0.5063,0.4928,1
PlantVillage,Pla_000134,20,20,0.9585,66,1.0,0.0394,1
PlantVillage,Pla_000135,21,21,0.9478,82,0.9409,0.0,1
PlantVillage,Pla_000136,22,22,0.8371,95,0.9577,0.042,1
PlantVillage,Pla_000137,23,23,0.7546,55,0.8799,0.158,1
PlantVillage,Pla_000138,24,24,0.5573,66,0.6303,0.3282,1
PlantVillage,Pla_000139,25,25,0.8346,121,0.7834,0.261,1
PlantVillage,Pla_000140,26,26,0.8524,113,0.8102,0.2787,1
PlantVillage,Pla_000141,27,27,0.7407,102,0.8704,0.1699,1
PlantVillage,Pla_000142,28,28,0.9272,91,0.8748,0.0861,1
PlantVillage,Pla_000143,29,29,0.8385,87,0.8036,0.0757,1
PlantVillage,Pla_000144,30,30,0.7421,37,0.694,0.3563,1
PlantVillage,Pla_000145,31,31,0.8117,34,0.8103,0.1637,1
PlantVillage,Pla_000146,32,32,0.5234,44,0.4013,0.6494,1
PlantVillage,Pla_000147,33,33,0.7906,144,0.7929,0.2465,1
PlantVillage,Pla_000148,34,34,0.9354,96,0.7654,0.192,1
PlantVillage,Pla_000149,35,35,0.8619,104,0.815,0.0925,1
PlantVillage,Pla_000150,36,36,0.6541,15,0.8619,0.0896,1
PlantVillage,Pla_000151,37,37,0.8261,117,0.7953,0.2096,1
PlantVillage,Pla_000152,0,0,0.7598,55,0.8344,0.0707,1
PlantVillage,Pla_000153,1,1,0.9436,28,1.0,0.0434,1
PlantVillage,Pla_000154,2,2,0.9695,144,0.8244,0.1669,1
PlantVillage,Pla_000155,3,3,0.6445,138,0.6757,0.3248,1
PlantVillage,Pla_000156,4,4,0.7198,27,0.7543,0.2466,1
PlantVillage,Pla_000157,5,5,0.7316,122,0.656,0.4715,1
PlantVillage,Pla_000158,6,6,0.8169,21,0.677,0.2744,1
PlantVillage,Pla_000159,7,6,0.4657,74,0.3735,0.5405,0
PlantVillage,Pla_000160,8,8,0.7192,67,0.6724,0.3351,1
PlantVillage,Pla_000161,9,9,0.8676,54,0.9036,0.0766,1
PlantVillage,Pla_000162,10,10,0.7011,95,0.7571,0.2261,1
PlantVillage,Pla_000163,11,11,0.775,132,0.6666,0.3085,1
PlantVillage,Pla_000164,12,12,0.9477,25,0.9242,0.0219,1
PlantVillage,Pla_000165,13,13,0.8344,105,0.7454,0.3072,1
PlantVillage,Pla_000166,14,14,0.6034,18,0.6305,0.3747,1
PlantVillage,Pla_000167,15,15,0.8925,114,0.8776,0.1102,1
PlantVillage,Pla_000168,16,16,0.7344,57,0.7736,0.2032,1
PlantVillage,Pla_000169,17,17,0.8089,34,0.7225,0.2984,1
PlantVillage,Pla_000170,18,18,0.733,13,0.7901,0.2301,1
PlantVillage,Pla_000171,19,19,0.7699,144,0.6424,0.297,1
PlantVillage,Pla_000172,20,20,0.9235,91,0.9959,0.031,1
PlantVillage,Pla_000173,21,21,0.5953,142,0.7396,0.3102,1
PlantVillage,Pla_000174,22,22,0.8142,40,0.7128,0.2281,1
PlantVillage,Pla_000175,23,23,0.7777,16,0.5606,0.4679,1
PlantVillage,Pla_000176,24,24,0.5779,107,0.6245,0.3348,1
PlantVillage,Pla_000177,25,25,0.6022,38,0.5646,0.5665,1
PlantVillage,Pla_000178,26,26,0.9343,74,0.9438,0.0478,1
PlantVillage,Pla_000179,27,27,0.7341,70,0.6464,0.3965,1
PlantVillage,Pla_000180,28,28,0.6938,84,0.6552,0.2405,1
PlantVillage,Pla_000181,29,29,0.7666,103,0.7623,0.2901,1
PlantVillage,Pla_000182,30,30,0.7518,24,0.8609,0.1303,1
PlantVillage,Pla_000183,31,31,0.7329,118,0.5404,0.4718,1
PlantVillage,Pla_000184,32,32,0.7716,7,0.8047,0.2513,1
PlantVillage,Pla_000185,33,33,0.9322,57,0.8866,0.1047,1
PlantVillage,Pla_000186,34,34,0.9166,46,1.0,0.0,1
PlantVillage,Pla_000187,35,35,0.8368,141,0.9768,0.0709,1
PlantVillage,Pla_000188,36,36,0.903,7,0.8864,0.2023,1
PlantVillage,Pla_000189,37,37,0.7655,27,0.9585,0.0192,1
PlantVillage,Pla_000190,0,0,0.7064,45,0.8054,0.2096,1
PlantVillage,Pla_000191,1,1,0.7258,144,0.717,0.3267,1
PlantVillage,Pla_000192,2,2,0.8964,22,0.9686,0.0662,1
PlantVillage,Pla_000193,3,3,0.597,40,0.608,0.4408,1
PlantVillage,Pla_000194,4,4,0.6605,118,0.7637,0.301,1
PlantVillage,Pla_000195,5,5,0.888,56,0.8571,0.1752,1
PlantVillage,Pla_000196,6,6,0.8594,2,1.0,0.0,1
PlantVillage,Pla_000197,7,23,0.1674,83,0.1759,0.8319,0
PlantVillage,Pla_000198,8,8,0.7891,119,0.9881,0.0,1
PlantVillage,Pla_000199,9,9,0.7589,57,0.7515,0.1143,1
PlantVillage,Pla_000200,10,10,0.6641,3,0.7167,0.3544,1
PlantVillage,Pla_000201,11,11,0.7424,49,0.6565,0.4022,1
PlantVillage,Pla_000202,12,12,0.8881,92,0.8977,0.1366,1
PlantVillage,Pla_000203,13,13,0.7824,108,0.7734,0.1986,1
PlantVillage,Pla_000204,14,14,0.8116,25,0.7182,0.1566,1
PlantVillage,Pla_000205,15,15,0.8622,97,0.8652,0.1862,1
PlantVillage,Pla_000206,16,16,0.8889,130,0.9626,0.0,1
PlantVillage,Pla_000207,17,17,0.9034,114,1.0,0.0386,1
PlantVillage,Pla_000208,18,18,0.6117,55,0.6852,0.2711,1
PlantVillage,Pla_000209,19,19,0.928,133,0.7109,0.3089,1
PlantVillage,Pla_000210,20,20,0.8018,112,0.8667,0.1509,1
PlantVillage,Pla_000211,21,21,0.8981,29,0.837,0.1676,1
PlantVillage,Pla_000212,22,22,0.9184,63,0.9065,0.0,1
PlantVillage,Pla_000213,23,23,0.682,47,0.6173,0.4619,1
PlantVillage,Pla_000214,24,24,0.7881,59,0.7813,0.1125,1
PlantVillage,Pla_000215,25,25,0.7321,40,0.616,0.3916,1
PlantVillage,Pla_000216,26,26,0.9045,6,1.0,0.0129,1
PlantVillage,Pla_000217,27,27,0.9112,69,0.9167,0.0711,1
PlantVillage,Pla_000218,28,28,0.8115,109,0.6212,0.3417,1
PlantVillage,Pla_000219,29,29,0.9001,57,0.8574,0.106,1
PlantVillage,Pla_000220,30,30,0.893,50,0.8358,0.1159,1
PlantVillage,Pla_000221,31,31,0.7134,6,0.671,0.2853,1
PlantVillage,Pla_000222,32,32,0.9488,99,0.8858,0.1584,1
PlantVillage,Pla_000223,33,33,0.9323,129,0.9095,0.0,1
PlantVillage,Pla_000224,34,34,0.8752,63,0.754,0.2575,1
PlantVillage,Pla_000225,35,35,0.4457,79,0.3613,0.6468,1
PlantVillage,Pla_000226,36,27,0.366,102,0.3118,0.6716,0
PlantVillage,Pla_000227,37,37,0.8167,100,0.8431,0.1232,1
PlantVillage,Pla_000228,0,0,0.7816,126,0.8028,0.2357,1
PlantVillage,Pla_000229,1,1,0.6188,88,0.6645,0.3572,1
PlantVillage,Pla_000230,2,2,0.806,51,0.8467,0.1218,1
PlantVillage,Pla_000231,3,3,0.6959,85,0.6091,0.3864,1
PlantVillage,Pla_000232,4,4,0.8356,59,0.8632,0.1014,1
PlantVillage,Pla_000233,5,5,0.894,69,0.8151,0.1678,1
PlantVillage,Pla_000234,6,6,0.7485,0,0.6336,0.3895,1
PlantVillage,Pla_000235,7,7,0.7496,66,0.8224,0.1535,1
PlantVillage,Pla_000236,8,8,0.9508,120,0.7787,0.1741,1
PlantVillage,Pla_000237,9,9,0.6807,64,0.6521,0.3104,1
PlantVillage,Pla_000238,10,10,0.9629,72,0.8929,0.1466,1
PlantVillage,Pla_000239,11,11,0.548,114,0.5021,0.4257,1
PlantVillage,Pla_000240,12,12,0.815,76,0.875,0.0445,1
PlantVillage,Pla_000241,13,13,0.747,77,0.7409,0.2948,1
PlantVillage,Pla_000242,14,14,0.7055,131,0.7914,0.1992,1
PlantVillage,Pla_000243,15,15,0.9574,3,1.0,0.0,1
PlantVillage,Pla_000244,16,16,0.9519,57,0.9803,0.062,1
PlantVillage,Pla_000245,17,17,0.7574,149,0.8954,0.0924,1
PlantVillage,Pla_000246,18,18,0.7552,75,0.8192,0.2336,1
PlantVillage,Pla_000247,19,19,0.7124,84,0.6359,0.2938,1
PlantVillage,Pla_000248,20,20,0.829,105,0.8367,0.1735,1
PlantVillage,Pla_000249,21,21,0.8935,101,0.908,0.1387,1
PlantVillage,Pla_000250,22,22,0.8517,120,0.9835,0.0123,1
PlantVillage,Pla_000251,23,23,0.8279,42,0.823,0.1661,1
PlantVillage,Pla_000252,24,24,0.8863,65,0.9783,0.1345,1
PlantVillage,Pla_000253,25,25,0.7785,89,0.6416,0.422,1
PlantVillage,Pla_000254,26,26,0.983,76,0.9094,0.1024,1
PlantVillage,Pla_000255,27,27,0.813,30,0.8655,0.1597,1
PlantVillage,Pla_000256,28,28,0.7948,143,0.8944,0.0985,1
PlantVillage,Pla_000257,29,29,0.7923,65,0.7787,0.2733,1
PlantVillage,Pla_000258,30,30,0.8589,93,0.7787,0.1524,1
PlantVillage,Pla_000259,31,31,0.8899,110,0.9031,0.0391,1
PlantVillage,Pla_000260,32,32,0.9895,2,0.8926,0.0703,1
PlantVillage,Pla_000261,33,33,0.8932,54,0.7495,0.2695,1
PlantVillage,Pla_000262,34,34,0.8635,0,0.8173,0.1768,1
PlantVillage,Pla_000263,35,35,0.8166,39,0.8887,0.1476,1
PlantVillage,Pla_000264,36,36,0.9444,52,0.9972,0.0108,1
PlantVillage,Pla_000265,37,37,0.9224,64,0.9649,0.1219,1
PlantVillage,Pla_000266,0,0,0.9244,2,0.9685,0.0,1
PlantVillage,Pla_000267,1,1,0.6985,73,0.6047,0.4276,1
PlantVillage,Pla_000268,2,2,0.615,33,0.6381,0.3976,1
PlantVillage,Pla_000269,3,3,0.5768,31,0.4265,0.5233,1
PlantVillage,Pla_000270,4,4,0.7535,24,0.6024,0.4119,1
PlantVillage,Pla_000271,5,5,0.6069,63,0.6276,0.383,1
PlantVillage,Pla_000272,6,6,0.9677,9,0.9294,0.0091,1
PlantVillage,Pla_000273,7,7,0.8877,54,0.9588,0.05,1
PlantVillage,Pla_000274,8,8,0.9391,132,0.9408,0.0,1
PlantVillage,Pla_000275,9,9,0.7996,130,0.8962,0.1383,1
PlantVillage,Pla_000276,10,10,0.6488,76,0.6099,0.4379,1
PlantVillage,Pla_000277,11,11,0.9566,101,0.8305,0.1529,1
PlantVillage,Pla_000278,12,12,0.7773,29,0.7363,0.1861,1
PlantVillage,Pla_000279,13,13,0.8874,64,0.8439,0.1554,1
PlantVillage,Pla_000280,14,14,0.6704,127,0.6092,0.3783,1
PlantVillage,Pla_000281,15,15,0.6184,147,0.4877,0.4948,1
PlantVillage,Pla_000282,16,16,0.9245,78,0.8551,0.0968,1
PlantVillage,Pla_000283,17,17,0.7974,125,0.7862,0.2575,1
PlantVillage,Pla_000284,18,18,0.8653,15,0.8394,0.109,1
PlantVillage,Pla_000285,19,19,0.7177,77,0.8425,0.1041,1
PlantVillage,Pla_000286,20,20,0.8701,119,1.0,0.0108,1
PlantVillage,Pla_000287,21,21,0.7237,75,0.8114,0.225,1
PlantVillage,Pla_000288,22,22,0.9712,20,1.0,0.0,1
PlantVillage,Pla_000289,23,23,0.8722,76,0.854,0.1295,1
PlantVillage,Pla_000290,24,24,0.9052,23,0.8092,0.2003,1
PlantVillage,Pla_000291,25,25,0.9702,5,1.0,0.0903,1
PlantVillage,Pla_000292,26,26,0.7706,19,0.8921,0.1576,1
PlantVillage,Pla_000293,27,27,0.5173,94,0.4658,0.5066,1
PlantVillage,Pla_000294,28,28,0.858,119,0.8761,0.1791,1
PlantVillage,Pla_000295,29,29,0.8627,127,0.7911,0.129,1
PlantVillage,Pla_000296,30,30,0.9299,1,0.9101,0.1405,1
PlantVillage,Pla_000297,31,31,0.7515,16,0.711,0.314,1
PlantVillage,Pla_000298,32,32,0.7658,84,0.7627,0.1731,1
PlantVillage,Pla_000299,33,33,0.8732,90,0.8684,0.1336,1
PlantVillage,Pla_000300,34,34,0.7572,113,0.7856,0.1992,1
PlantVillage,Pla_000301,35,35,0.7686,61,0.763,0.247,1
PlantVillage,Pla_000302,36,36,0.4367,70,0.4319,0.6096,1
PlantVillage,Pla_000303,37,37,0.7212,20,0.8142,0.2447,1
PlantVillage,Pla_000304,0,0,0.5217,91,0.569,0.5326,1
PlantVillage,Pla_000305,1,1,0.9319,47,1.0,0.0101,1
PlantVillage,Pla_000306,2,2,0.8143,74,0.7681,0.2846,1
PlantVillage,Pla_000307,3,3,0.6887,85,0.6892,0.3625,1
PlantVillage,Pla_000308,4,4,0.9457,8,1.0,0.0,1
PlantVillage,Pla_000309,5,5,0.8495,64,0.7343,0.2466,1
PlantVillage,Pla_000310,6,6,0.3998,129,0.2678,0.7546,1
PlantVillage,Pla_000311,7,7,0.9865,105,1.0,0.0217,1
PlantVillage,Pla_000312,8,8,0.8313,126,0.9079,0.0385,1
PlantVillage,Pla_000313,9,9,0.8144,97,0.9095,0.1668,1
PlantVillage,Pla_000314,10,10,0.5781,6,0.5619,0.4589,1
PlantVillage,Pla_000315,11,11,0.8006,13,0.8423,0.144,1
PlantVillage,Pla_000316,12,12,0.812,92,0.7687,0.2769,1
PlantVillage,Pla_000317,13,13,0.9146,147,0.9348,0.067,1
PlantVillage,Pla_000318,14,14,0.6784,35,0.6991,0.4006,1
PlantVillage,Pla_000319,15,15,0.872,49,0.9875,0.0,1
PlantVillage,Pla_000320,16,16,0.8308,110,0.8153,0.186,1
PlantVillage,Pla_000321,17,17,0.7527,79,0.8085,0.1212,1
PlantVillage,Pla_000322,18,18,0.7537,69,0.8325,0.0821,1
PlantVillage,Pla_000323,19,19,0.7117,81,0.7155,0.2429,1
PlantVillage,Pla_000324,20,20,0.7764,126,0.7373,0.3234,1
PlantVillage,Pla_000325,21,21,0.9239,65,0.8202,0.2077,1
PlantVillage,Pla_000326,22,22,0.782,74,0.6971,0.3374,1
PlantVillage,Pla_000327,23,23,0.976,131,1.0,0.0,1
PlantVillage,Pla_000328,24,24,0.7514,34,0.8176,0.0906,1
PlantVillage,Pla_000329,25,25,0.7424,114,0.6043,0.373,1
PlantVillage,Pla_000330,26,26,0.7895,47,0.7002,0.343,1
PlantVillage,Pla_000331,27,27,0.7559,36,0.7658,0.1719,1
PlantVillage,Pla_000332,28,28,0.694,116,0.6091,0.276,1
PlantVillage,Pla_000333,29,29,0.9917,13,1.0,0.0066,1
PlantVillage,Pla_000334,30,30,0.9584,76,1.0,0.0,1
PlantVillage,Pla_000335,31,31,0.8681,25,0.8403,0.1388,1
PlantVillage,Pla_000336,32,32,0.7794,75,0.7192,0.2999,1
PlantVillage,Pla_000337,33,33,0.7804,137,0.7691,0.1399,1
PlantVillage,Pla_000338,34,34,0.8924,107,0.9076,0.1464,1
PlantVillage,Pla_000339,35,35,0.6815,136,0.6505,0.3871,1
PlantVillage,Pla_000340,36,36,0.9025,126,0.9322,0.0494,1
PlantVillage,Pla_000341,37,37,0.8224,60,0.7494,0.266,1
PlantVillage,Pla_000342,0,0,0.6768,90,0.6339,0.4007,1
PlantVillage,Pla_000343,1,1,0.9513,78,0.8677,0.1067,1
PlantVillage,Pla_000344,2,2,0.8154,144,0.7979,0.2057,1
PlantVillage,Pla_000345,3,3,0.8313,63,0.9806,0.0,1
PlantVillage,Pla_000346,4,4,0.8536,107,0.831,0.1317,1
PlantVillage,Pla_000347,5,5,0.7923,25,0.9824,0.0296,1
PlantVillage,Pla_000348,6,6,0.7964,62,0.6726,0.3494,1
PlantVillage,Pla_000349,7,7,0.9199,20,0.8596,0.0679,1
PlantVillage,Pla_000350,8,8,0.5958,131,0.5896,0.4674,1
PlantVillage,Pla_000351,9,9,0.859,131,0.9199,0.0376,1
PlantVillage,Pla_000352,10,10,0.8773,129,0.9522,0.0266,1
PlantVillage,Pla_000353,11,11,0.8274,10,0.8402,0.1374,1
PlantVillage,Pla_000354,12,12,0.8703,18,0.847,0.091,1
PlantVillage,Pla_000355,13,13,0.8442,117,0.8316,0.177,1
PlantVillage,Pla_000356,14,14,0.8747,50,0.8937,0.0653,1
PlantVillage,Pla_000357,15,15,0.5785,63,0.7056,0.2614,1
PlantVillage,Pla_000358,16,16,0.8323,117,0.8908,0.1769,1
PlantVillage,Pla_000359,17,17,0.7062,144,0.7395,0.3125,1
PlantVillage,Pla_000360,18,18,0.897,119,0.965,0.0003,1
PlantVillage,Pla_000361,19,19,0.6387,24,0.7037,0.2558,1
PlantVillage,Pla_000362,20,20,0.8383,40,0.8944,0.1515,1
PlantVillage,Pla_000363,21,21,0.7277,142,0.7819,0.3065,1
PlantVillage,Pla_000364,22,22,0.7671,130,0.7947,0.2214,1
PlantVillage,Pla_000365,23,23,0.7434,83,0.6723,0.3026,1
PlantVillage,Pla_000366,24,24,0.9662,143,1.0,0.0,1
PlantVillage,Pla_000367,25,25,0.7438,38,0.7179,0.2551,1
PlantVillage,Pla_000368,26,26,0.6088,80,0.6246,0.4418,1
PlantVillage,Pla_000369,27,27,0.9489,26,0.8187,0.1936,1
PlantVillage,Pla_000370,28,28,0.7853,73,0.7641,0.2949,1
PlantVillage,Pla_000371,29,29,0.9049,80,0.9042,0.1109,1
PlantVillage,Pla_000372,30,30,0.5741,85,0.4601,0.6402,1
PlantVillage,Pla_000373,31,31,0.891,8,0.8627,0.1871,1
PlantVillage,Pla_000374,32,32,0.6437,83,0.7745,0.226,1
PlantVillage,Pla_000375,33,33,0.8861,101,0.8421,0.1504,1
PlantVillage,Pla_000376,34,34,0.692,61,0.6307,0.3011,1
PlantVillage,Pla_000377,35,35,0.9304,123,0.8376,0.1174,1
PlantVillage,Pla_000378,36,36,0.8846,38,0.7688,0.2044,1
PlantVillage,Pla_000379,37,37,0.7891,111,0.7086,0.2775,1
PlantVillage,Pla_000380,0,0,0.9462,61,0.8024,0.2495,1
PlantVillage,Pla_000381,1,1,0.7856,77,0.7397,0.3066,1
PlantVillage,Pla_000382,2,2,0.8311,96,0.8143,0.1784,1
PlantVillage,Pla_000383,3,3,0.9764,136,1.0,0.0,1
PlantVillage,Pla_000384,4,4,0.726,97,0.6528,0.3727,1
PlantVillage,Pla_000385,5,5,0.9066,117,1.0,0.0,1
PlantVillage,Pla_000386,6,6,0.7077,91,0.7456,0.3534,1
PlantVillage,Pla_000387,7,7,0.8517,33,0.7737,0.2731,1
PlantVillage,Pla_000388,8,8,0.5012,58,0.6077,0.3334,1
PlantVillage,Pla_000389,9,9,0.8711,31,0.6848,0.3224,1
PlantVillage,Pla_000390,10,10,0.9192,27,0.8343,0.1334,1
PlantVillage,Pla_000391,11,11,0.7479,131,0.8066,0.1995,1
PlantVillage,Pla_000392,12,12,0.7364,44,0.7661,0.2224,1
PlantVillage,Pla_000393,13,13,0.7343,125,0.7629,0.2598,1
PlantVillage,Pla_000394,14,14,0.7657,146,0.7656,0.2,1
PlantVillage,Pla_000395,15,15,0.8056,124,0.8081,0.167,1
PlantVillage,Pla_000396,16,16,0.7817,14,0.7681,0.2332,1
PlantVillage,Pla_000397,17,17,0.9479,103,0.8788,0.0866,1
PlantVillage,Pla_000398,18,18,0.8849,16,0.9616,0.1658,1
PlantVillage,Pla_000399,19,19,0.8496,117,0.9612,0.024,1
PlantVillage,Pla_000400,20,20,0.9469,38,0.9174,0.0877,1
PlantVillage,Pla_000401,21,21,0.6487,138,0.7008,0.353,1
PlantVillage,Pla_000402,22,22,0.8349,47,0.7932,0.186,1
PlantVillage,Pla_000403,23,23,0.9291,18,1.0,0.0,1
PlantVillage,Pla_000404,24,24,0.9133,40,0.9909,0.0,1
PlantVillage,Pla_000405,25,25,0.7209,41,0.9042,0.0234,1
PlantVillage,Pla_000406,26,26,0.8795,117,0.8811,0.1515,1
PlantVillage,Pla_000407,27,27,0.8701,20,0.9999,0.0,1
PlantVillage,Pla_000408,28,28,0.9259,139,0.9783,0.1054,1
PlantVillage,Pla_000409,29,29,0.5616,21,0.6866,0.2787,1
PlantVillage,Pla_000410,30,30,0.9394,132,0.9833,0.0,1
PlantVillage,Pla_000411,31,31,0.7293,63,0.787,0.2554,1
PlantVillage,Pla_000412,32,32,0.8476,18,0.6576,0.3438,1
PlantVillage,Pla_000413,33,33,0.7035,80,0.6872,0.4095,1
PlantVillage,Pla_000414,34,34,0.8745,3,0.7575,0.2048,1
PlantVillage,Pla_000415,35,35,0.5215,8,0.5683,0.393,1
PlantVillage,Pla_000416,36,36,0.8993,49,1.0,0.0106,1
PlantVillage,Pla_000417,37,37,0.8865,50,0.949,0.0058,1
PlantVillage,Pla_000418,0,0,0.7714,3,0.7304,0.2868,1
PlantVillage,Pla_000419,1,1,0.6803,45,0.5468,0.4824,1
PlantVillage,Pla_000420,2,2,0.7879,126,0.6387,0.4156,1
PlantVillage,Pla_000421,3,3,0.666,120,0.6557,0.4288,1
PlantVillage,Pla_000422,4,4,0.8633,40,0.7406,0.1635,1
PlantVillage,Pla_000423,5,5,0.4228,73,0.5066,0.5165,1
PlantVillage,Pla_000424,6,6,0.7851,2,0.7261,0.2582,1
PlantVillage,Pla_000425,7,7,0.8371,67,0.7846,0.1953,1
PlantVillage,Pla_000426,8,8,0.9666,18,0.9269,0.0404,1
PlantVillage,Pla_000427,9,9,0.6908,83,0.6271,0.3879,1
PlantVillage,Pla_000428,10,10,0.7196,17,0.7363,0.3573,1
PlantVillage,Pla_000429,11,11,0.6202,42,0.6863,0.2611,1
PlantVillage,Pla_000430,12,12,0.8387,105,0.8435,0.1738,1
PlantVillage,Pla_000431,13,13,0.8963,127,0.9639,0.0047,1
PlantVillage,Pla_000432,14,14,0.8694,59,0.7818,0.1782,1
PlantVillage,Pla_000433,15,15,0.9117,63,0.9104,0.0503,1
PlantVillage,Pla_000434,16,16,0.8527,95,0.8959,0.0764,1
PlantVillage,Pla_000435,17,17,0.9527,96,0.9874,0.0,1
PlantVillage,Pla_000436,18,18,0.9298,58,0.8093,0.1284,1
PlantVillage,Pla_000437,19,19,0.8616,89,0.8353,0.1577,1
PlantVillage,Pla_000438,20,20,0.7852,50,0.758,0.2434,1
PlantVillage,Pla_000439,21,21,0.645,22,0.5372,0.5108,1
PlantVillage,Pla_000440,22,22,0.7791,53,0.8252,0.2387,1
PlantVillage,Pla_000441,23,23,0.9464,108,1.0,0.0082,1
PlantVillage,Pla_000442,24,24,0.7504,130,0.8191,0.1674,1
PlantVillage,Pla_000443,25,25,0.7867,149,0.7713,0.2755,1
PlantVillage,Pla_000444,26,26,0.7577,21,0.738,0.2773,1
PlantVillage,Pla_000445,27,27,0.5927,3,0.6003,0.4173,1
PlantVillage,Pla_000446,28,28,0.8186,41,0.913,0.0389,1
PlantVillage,Pla_000447,29,29,0.9083,86,0.8457,0.1156,1
PlantVillage,Pla_000448,30,30,0.8934,28,0.8444,0.1455,1
PlantVillage,Pla_000449,31,31,0.6141,84,0.6762,0.294,1
PlantVillage,Pla_000450,32,32,0.8472,143,0.8745,0.0502,1
PlantVillage,Pla_000451,33,33,0.8528,24,0.9126,0.1145,1
PlantVillage,Pla_000452,34,34,0.9544,144,0.8641,0.1269,1
PlantVillage,Pla_000453,35,35,0.8046,24,0.6629,0.3854,1
PlantVillage,Pla_000454,36,36,0.7738,94,0.847,0.215,1
PlantVillage,Pla_000455,37,37,0.7521,41,0.7236,0.3384,1
PlantVillage,Pla_000456,0,0,0.8748,122,0.9312,0.0767,1
PlantVillage,Pla_000457,1,1,0.7831,134,0.8401,0.2144,1
PlantVillage,Pla_000458,2,2,0.9569,11,0.9038,0.0788,1
PlantVillage,Pla_000459,3,3,0.9472,89,0.8373,0.1575,1
PlantVillage,Pla_000460,4,4,0.8905,45,0.8697,0.1895,1
PlantVillage,Pla_000461,5,5,0.8369,98,0.9353,0.1265,1
PlantVillage,Pla_000462,6,6,0.8097,11,0.8291,0.2467,1
PlantVillage,Pla_000463,7,7,0.5849,24,0.6049,0.4556,1
PlantVillage,Pla_000464,8,8,0.7157,148,0.7933,0.2137,1
PlantVillage,Pla_000465,9,9,0.7671,28,0.7271,0.2651,1
PlantVillage,Pla_000466,10,10,0.8261,2,0.8875,0.0926,1
PlantVillage,Pla_000467,11,11,0.7455,8,0.666,0.3078,1
PlantVillage,Pla_000468,12,12,0.9577,16,1.0,0.087,1
PlantVillage,Pla_000469,13,13,0.9363,62,0.9379,0.0904,1
PlantVillage,Pla_000470,14,14,0.8815,11,0.9819,0.0056,1
PlantVillage,Pla_000471,15,15,0.6145,9,0.653,0.4169,1
PlantVillage,Pla_000472,16,16,0.8765,102,0.828,0.2231,1
PlantVillage,Pla_000473,17,17,0.7765,110,0.7359,0.2582,1
PlantVillage,Pla_000474,18,18,0.95,96,1.0,0.0115,1
PlantVillage,Pla_000475,19,19,0.8556,93,1.0,0.0765,1
PlantVillage,Pla_000476,20,20,0.8331,77,1.0,0.0436,1
PlantVillage,Pla_000477,21,21,0.9591,53,0.9558,0.0,1
PlantVillage,Pla_000478,22,22,0.795,2,0.6949,0.3371,1
PlantVillage,Pla_000479,23,23,0.9444,42,0.8571,0.1148,1
PlantVillage,Pla_000480,24,24,0.9896,84,0.9769,0.0437,1
PlantVillage,Pla_000481,25,25,0.8858,118,1.0,0.0438,1
PlantVillage,Pla_000482,26,26,0.8388,134,0.9078,0.0655,1
PlantVillage,Pla_000483,27,27,0.6179,75,0.6602,0.4145,1
PlantVillage,Pla_000484,28,28,0.8261,107,0.9257,0.0608,1
PlantVillage,Pla_000485,29,29,0.9514,85,0.89,0.1071,1
PlantVillage,Pla_000486,30,30,0.8147,28,0.8256,0.2704,1
PlantVillage,Pla_000487,31,31,0.9501,100,1.0,0.0,1
PlantVillage,Pla_000488,32,32,0.6429,53,0.6584,0.362,1
PlantVillage,Pla_000489,33,33,0.7786,101,0.7197,0.3798,1
PlantVillage,Pla_000490,34,34,0.9194,35,0.9884,0.0668,1
PlantVillage,Pla_000491,35,35,0.9125,62,0.8754,0.1238,1
PlantVillage,Pla_000492,36,36,0.8171,62,0.8873,0.1038,1
PlantVillage,Pla_000493,37,37,0.879,128,0.9808,0.0717,1
PlantVillage,Pla_000494,0,0,0.9169,114,1.0,0.0,1
PlantVillage,Pla_000495,1,1,0.5898,22,0.4259,0.5766,1
PlantVillage,Pla_000496,2,2,0.8369,134,0.869,0.0945,1
PlantVillage,Pla_000497,3,3,0.3478,32,0.4851,0.4537,1
PlantVillage,Pla_000498,4,4,0.7845,103,0.8458,0.2348,1
PlantVillage,Pla_000499,5,5,0.8944,115,1.0,0.0062,1
PlantVillage,Pla_000500,6,6,0.7288,42,0.7019,0.2789,1
PlantVillage,Pla_000501,7,7,0.9294,117,1.0,0.0,1
PlantVillage,Pla_000502,8,8,0.9358,114,0.8984,0.1552,1
PlantVillage,Pla_000503,9,9,0.9686,27,0.9521,0.0526,1
PlantVillage,Pla_000504,10,10,0.7684,41,0.7359,0.3129,1
PlantVillage,Pla_000505,11,11,0.9505,65,0.8606,0.1399,1
PlantVillage,Pla_000506,12,12,0.9215,104,0.7435,0.188,1
PlantVillage,Pla_000507,13,13,0.6537,8,0.697,0.3629,1
PlantVillage,Pla_000508,14,14,0.8666,75,0.8467,0.1603,1
PlantVillage,Pla_000509,15,15,0.5021,107,0.5923,0.3705,1
PlantVillage,Pla_000510,16,16,0.7728,107,0.8583,0.1626,1
PlantVillage,Pla_000511,17,17,0.8332,4,0.8179,0.1871,1
PlantVillage,Pla_000512,18,18,0.9556,36,0.8939,0.0743,1
PlantVillage,Pla_000513,19,19,0.8619,71,0.8702,0.184,1
PlantVillage,Pla_000514,20,20,0.9352,141,1.0,0.0095,1
PlantVillage,Pla_000515,21,21,0.8959,106,0.8735,0.123,1
PlantVillage,Pla_000516,22,22,0.8882,144,0.9246,0.0194,1
PlantVillage,Pla_000517,23,23,0.8891,117,0.7946,0.2223,1
PlantVillage,Pla_000518,24,24,0.6934,15,0.7454,0.2947,1
PlantVillage,Pla_000519,25,25,0.9542,68,1.0,0.0,1
PlantVillage,Pla_000520,26,26,0.8837,4,0.8489,0.148,1
PlantVillage,Pla_000521,27,27,0.9178,58,0.9677,0.0784,1
PlantVillage,Pla_000522,28,28,0.7198,107,0.7853,0.2506,1
PlantVillage,Pla_000523,29,29,0.8194,67,0.7586,0.153,1
PlantVillage,Pla_000524,30,30,0.6284,43,0.622,0.4628,1
PlantVillage,Pla_000525,31,31,0.7088,51,0.6559,0.2885,1
PlantVillage,Pla_000526,32,32,0.842,38,0.8749,0.1137,1
PlantVillage,Pla_000527,33,33,0.8628,63,0.8861,0.1509,1
PlantVillage,Pla_000528,34,34,0.8174,28,0.8866,0.1173,1
PlantVillage,Pla_000529,35,35,0.8618,63,0.8175,0.2256,1
PlantVillage,Pla_000530,36,36,0.8306,20,0.7746,0.2346,1
PlantVillage,Pla_000531,37,37,0.7939,102,0.6929,0.3964,1
PlantVillage,Pla_000532,0,0,0.6636,142,0.7231,0.2926,1
PlantVillage,Pla_000533,1,1,0.8023,10,0.6707,0.3271,1
PlantVillage,Pla_000534,2,2,0.8754,34,0.8778,0.0081,1
PlantVillage,Pla_000535,3,3,0.8517,117,0.9853,0.0318,1
PlantVillage,Pla_000536,4,4,0.9508,145,0.767,0.1978,1
PlantVillage,Pla_000537,5,5,0.9047,73,0.7669,0.2134,1
PlantVillage,Pla_000538,6,6,0.964,127,0.9984,0.0,1
PlantVillage,Pla_000539,7,7,0.7334,56,0.6752,0.3104,1
PlantVillage,Pla_000540,8,8,0.9125,63,0.748,0.2113,1
PlantVillage,Pla_000541,9,9,0.7797,81,0.8856,0.1405,1
PlantVillage,Pla_000542,10,10,0.68,116,0.9331,0.1379,1
PlantVillage,Pla_000543,11,11,0.864,7,0.7815,0.2645,1
PlantVillage,Pla_000544,12,12,0.727,43,0.6557,0.4426,1
PlantVillage,Pla_000545,13,13,0.9058,89,0.8553,0.1114,1
PlantVillage,Pla_000546,14,14,0.9087,60,0.8841,0.0492,1
PlantVillage,Pla_000547,15,15,0.7834,11,0.7876,0.1984,1
PlantVillage,Pla_000548,16,16,0.9083,94,0.925,0.0455,1
PlantVillage,Pla_000549,17,17,0.6901,113,0.7571,0.2486,1
PlantVillage,Pla_000550,18,18,0.9313,19,1.0,0.0,1
PlantVillage,Pla_000551,19,19,0.9126,144,0.8478,0.1107,1
PlantVillage,Pla_000552,20,20,0.8102,114,0.9007,0.1337,1
PlantVillage,Pla_000553,21,21,0.748,116,0.7876,0.2397,1
PlantVillage,Pla_000554,22,22,0.7761,117,0.7625,0.2013,1
PlantVillage,Pla_000555,23,23,0.6966,58,0.653,0.3143,1
PlantVillage,Pla_000556,24,24,0.7916,3,0.705,0.2947,1
PlantVillage,Pla_000557,25,25,0.8755,139,0.6884,0.3445,1
PlantVillage,Pla_000558,26,26,0.8243,41,0.8368,0.1775,1
PlantVillage,Pla_000559,27,27,0.8,116,0.7841,0.2762,1
PlantVillage,Pla_000560,28,28,0.6429,101,0.5302,0.4086,1
PlantVillage,Pla_000561,29,29,0.9124,87,0.9392,0.1134,1
PlantVillage,Pla_000562,30,30,0.7812,40,0.6864,0.3434,1
PlantVillage,Pla_000563,31,31,0.7213,54,0.8433,0.1278,1
PlantVillage,Pla_000564,32,32,0.7794,55,0.7544,0.2071,1
PlantVillage,Pla_000565,33,33,0.9759,130,0.9319,0.0,1
PlantVillage,Pla_000566,34,34,0.8467,141,0.8551,0.1342,1
PlantVillage,Pla_000567,35,35,0.7456,93,0.8086,0.2321,1
PlantVillage,Pla_000568,36,36,0.8528,104,0.912,0.051,1
PlantVillage,Pla_000569,37,37,0.6081,73,0.5875,0.3433,1
PlantVillage,Pla_000570,0,0,0.6502,17,0.6044,0.3694,1
PlantVillage,Pla_000571,1,1,0.9058,2,1.0,0.0,1
PlantVillage,Pla_000572,2,2,0.8495,52,0.8334,0.2232,1
PlantVillage,Pla_000573,3,3,0.7648,121,0.7563,0.2161,1
PlantVillage,Pla_000574,4,4,0.6488,59,0.6138,0.41,1
PlantVillage,Pla_000575,5,5,0.4922,75,0.5878,0.5054,1
PlantVillage,Pla_000576,6,6,0.9153,65,0.8047,0.1622,1
PlantVillage,Pla_000577,7,7,0.8563,27,0.7889,0.1558,1
PlantVillage,Pla_000578,8,8,0.8866,27,0.9022,0.1078,1
PlantVillage,Pla_000579,9,9,0.7751,16,0.8277,0.1559,1
PlantVillage,Pla_000580,10,2,0.1746,109,0.222,0.7681,0
PlantVillage,Pla_000581,11,11,0.9112,55,0.999,0.0,1
PlantVillage,Pla_000582,12,12,0.9057,100,0.8638,0.1141,1
PlantVillage,Pla_000583,13,13,0.6028,122,0.4639,0.5434,1
PlantVillage,Pla_000584,14,14,0.8423,117,0.9438,0.1095,1
PlantVillage,Pla_000585,15,15,0.902,127,0.7885,0.2361,1
PlantVillage,Pla_000586,16,16,0.8709,54,0.808,0.1748,1
PlantVillage,Pla_000587,17,17,0.7396,16,0.7893,0.1872,1
PlantVillage,Pla_000588,18,18,0.7805,6,0.8681,0.1924,1
PlantVillage,Pla_000589,19,19,0.6899,148,0.5637,0.3583,1
PlantVillage,Pla_000590,20,20,0.6433,76,0.6259,0.4355,1
PlantVillage,Pla_000591,21,21,0.6779,55,0.7604,0.2947,1
PlantVillage,Pla_000592,22,22,0.7455,116,0.6219,0.3685,1
PlantVillage,Pla_000593,23,23,0.8361,29,0.8014,0.2074,1
PlantVillage,Pla_000594,24,24,0.8107,11,0.7446,0.2375,1
PlantVillage,Pla_000595,25,25,0.6341,115,0.6778,0.3047,1
PlantVillage,Pla_000596,26,26,0.8068,98,0.8373,0.2112,1
PlantVillage,Pla_000597,27,27,0.9636,3,0.9276,0.102,1
PlantVillage,Pla_000598,28,28,0.8639,43,0.7913,0.1732,1
PlantVillage,Pla_000599,29,29,0.7148,125,0.5817,0.3955,1
PlantVillage,Pla_000600,30,30,0.742,92,0.8254,0.2022,1
PlantVillage,Pla_000601,31,31,0.5599,92,0.5562,0.471,1
PlantVillage,Pla_000602,32,32,0.992,124,1.0,0.0616,1
PlantVillage,Pla_000603,33,33,0.7468,51,0.7069,0.303,1
PlantVillage,Pla_000604,34,34,0.8781,10,0.7743,0.1998,1
PlantVillage,Pla_000605,35,35,0.8155,145,0.7046,0.3369,1
PlantVillage,Pla_000606,36,36,0.8929,75,0.8592,0.1534,1
PlantVillage,Pla_000607,37,37,0.7934,18,0.8892,0.1185,1
PlantVillage,Pla_000608,0,0,0.9429,144,0.9593,0.089,1
PlantVillage,Pla_000609,1,1,0.9749,101,0.9453,0.0526,1
PlantVillage,Pla_000610,2,2,0.8832,55,0.8212,0.0968,1
PlantVillage,Pla_000611,3,3,0.8567,71,0.763,0.2406,1
PlantVillage,Pla_000612,4,4,0.6758,34,0.6532,0.3857,1
PlantVillage,Pla_000613,5,5,0.6094,28,0.6795,0.316,1
PlantVillage,Pla_000614,6,6,0.9739,24,0.9186,0.0228,1
PlantVillage,Pla_000615,7,7,0.67,88,0.7823,0.224,1
PlantVillage,Pla_000616,8,8,0.7987,120,0.8273,0.2095,1
PlantVillage,Pla_000617,9,9,0.7858,94,0.8383,0.1438,1
PlantVillage,Pla_000618,10,10,0.9449,144,0.9869,0.0,1
PlantVillage,Pla_000619,11,11,0.8637,46,0.8694,0.1424,1
PlantVillage,Pla_000620,12,12,0.868,80,0.9184,0.008,1
PlantVillage,Pla_000621,13,13,0.7191,9,0.6272,0.3987,1
PlantVillage,Pla_000622,14,14,0.6307,94,0.6422,0.2122,1
PlantVillage,Pla_000623,15,15,0.8905,88,0.9787,0.0596,1
PlantVillage,Pla_000624,16,16,0.668,68,0.828,0.1487,1
PlantVillage,Pla_000625,17,17,0.9263,148,0.8612,0.1493,1
PlantVillage,Pla_000626,18,18,0.7786,20,0.7802,0.1805,1
PlantVillage,Pla_000627,19,19,0.815,80,0.7725,0.1987,1
PlantVillage,Pla_000628,20,20,0.8409,84,0.7713,0.2344,1
PlantVillage,Pla_000629,21,21,0.7996,116,0.7915,0.2117,1
PlantVillage,Pla_000630,22,22,0.8524,50,0.7448,0.1786,1
PlantVillage,Pla_000631,23,23,0.7427,101,0.6911,0.2249,1
PlantVillage,Pla_000632,24,24,0.7148,102,0.6601,0.3254,1
PlantVillage,Pla_000633,25,25,0.8846,85,0.9369,0.0,1
PlantVillage,Pla_000634,26,26,0.7875,110,0.768,0.2285,1
PlantVillage,Pla_000635,27,27,0.6145,82,0.5761,0.4146,1
PlantVillage,Pla_000636,28,28,0.7704,68,0.7764,0.1999,1
PlantVillage,Pla_000637,29,29,0.7795,6,0.741,0.2857,1
PlantVillage,Pla_000638,30,30,0.6487,19,0.5754,0.4679,1
PlantVillage,Pla_000639,31,31,0.8014,80,0.7743,0.2974,1
PlantVillage,Pla_000640,32,32,0.7697,112,0.8372,0.2961,1
PlantVillage,Pla_000641,33,33,0.8402,76,0.7149,0.2851,1
PlantVillage,Pla_000642,34,34,0.8624,68,0.7887,0.1572,1
PlantVillage,Pla_000643,35,35,0.9355,85,0.783,0.2501,1
PlantVillage,Pla_000644,36,36,0.774,99,0.6688,0.3111,1
PlantVillage,Pla_000645,37,37,0.9287,87,0.9007,0.0771,1
PlantVillage,Pla_000646,0,0,0.7341,34,0.7614,0.2223,1
PlantVillage,Pla_000647,1,1,0.8284,10,0.8168,0.2599,1
PlantVillage,Pla_000648,2,2,0.624,97,0.5954,0.3791,1
PlantVillage,Pla_000649,3,3,0.8868,84,0.9774,0.0213,1
PlantVillage,Pla_000650,4,4,0.5591,54,0.5852,0.3299,1
PlantVillage,Pla_000651,5,5,0.8297,121,0.7307,0.2986,1
PlantVillage,Pla_000652,6,6,0.6305,20,0.5957,0.4164,1
PlantVillage,Pla_000653,7,7,0.7963,96,0.8049,0.2142,1
PlantVillage,Pla_000654,8,8,0.9911,18,1.0,0.0091,1
PlantVillage,Pla_000655,9,9,0.7798,90,0.5938,0.4534,1
PlantVillage,Pla_000656,10,10,0.6411,96,0.6524,0.3657,1
PlantVillage,Pla_000657,11,11,0.7804,75,0.7234,0.246,1
PlantVillage,Pla_000658,12,12,0.7077,19,0.5681,0.5349,1
PlantVillage,Pla_000659,13,13,0.8781,26,0.8293,0.158,1
PlantVillage,Pla_000660,14,14,0.9606,6,0.903,0.1609,1
PlantVillage,Pla_000661,15,15,0.6882,32,0.4762,0.5466,1
PlantVillage,Pla_000662,16,16,0.8267,97,0.8081,0.119,1
PlantVillage,Pla_000663,17,17,0.9663,105,1.0,0.0207,1
PlantVillage,Pla_000664,18,18,0.8783,128,0.7474,0.295,1
PlantVillage,Pla_000665,19,19,0.6637,131,0.4318,0.5541,1
PlantVillage,Pla_000666,20,20,0.8398,6,0.8415,0.1716,1
PlantVillage,Pla_000667,21,21,0.9286,128,1.0,0.0804,1
PlantVillage,Pla_000668,22,22,0.5072,55,0.5114,0.5007,1
PlantVillage,Pla_000669,23,23,0.4681,131,0.4405,0.5344,1
PlantVillage,Pla_000670,24,24,0.8812,111,0.7915,0.2883,1
PlantVillage,Pla_000671,25,25,0.6015,89,0.5887,0.4523,1
PlantVillage,Pla_000672,26,26,0.9385,56,0.8187,0.2725,1
PlantVillage,Pla_000673,27,27,0.6127,12,0.6767,0.3539,1
PlantVillage,Pla_000674,28,28,0.6733,27,0.6769,0.3333,1
PlantVillage,Pla_000675,29,29,0.9326,7,0.9924,0.0,1
PlantVillage,Pla_000676,30,30,0.8973,104,0.9205,0.0454,1
PlantVillage,Pla_000677,31,31,0.719,7,0.7758,0.1883,1
PlantVillage,Pla_000678,32,32,0.7866,39,0.7974,0.0849,1
PlantVillage,Pla_000679,33,33,0.7208,56,0.7056,0.2724,1
PlantVillage,Pla_000680,34,34,0.9098,17,0.7876,0.1952,1
PlantVillage,Pla_000681,35,35,0.777,122,0.6903,0.293,1
PlantVillage,Pla_000682,36,36,0.899,41,0.8636,0.0853,1
PlantVillage,Pla_000683,37,37,0.8352,82,0.7645,0.2792,1
PlantVillage,Pla_000684,0,0,0.7667,1,0.686,0.3076,1
PlantVillage,Pla_000685,1,1,0.8103,83,0.8699,0.1235,1
PlantVillage,Pla_000686,2,2,0.7972,115,0.7824,0.2067,1
PlantVillage,Pla_000687,3,3,0.9381,62,0.9335,0.1014,1
PlantVillage,Pla_000688,4,4,0.8232,12,0.9659,0.0,1
PlantVillage,Pla_000689,5,5,0.9069,77,0.926,0.0049,1
PlantVillage,Pla_000690,6,6,0.5415,104,0.5182,0.5447,1
PlantVillage,Pla_000691,7,7,0.7556,135,0.8596,0.105,1
PlantVillage,Pla_000692,8,8,0.8346,139,0.7731,0.1861,1
PlantVillage,Pla_000693,9,9,0.7482,91,0.6053,0.3535,1
PlantVillage,Pla_000694,10,10,0.9314,46,0.9375,0.0945,1
PlantVillage,Pla_000695,11,11,0.7641,92,0.7416,0.2894,1
PlantVillage,Pla_000696,12,12,0.8794,101,0.8719,0.1672,1
PlantVillage,Pla_000697,13,13,0.8679,148,0.941,0.1323,1
PlantVillage,Pla_000698,14,14,0.4608,55,0.4464,0.6037,1
PlantVillage,Pla_000699,15,15,0.8844,31,1.0,0.0289,1
PlantVillage,Pla_000700,16,16,0.8254,131,0.8967,0.0883,1
PlantVillage,Pla_000701,17,17,0.9791,60,0.8766,0.0611,1
PlantVillage,Pla_000702,18,16,0.4535,78,0.5204,0.5753,0
PlantVillage,Pla_000703,19,19,0.5883,35,0.4769,0.5556,1
PlantVillage,Pla_000704,20,20,0.5587,28,0.5155,0.524,1
PlantVillage,Pla_000705,21,21,0.4842,3,0.4765,0.4986,1
PlantVillage,Pla_000706,22,22,0.815,139,0.7804,0.2378,1
PlantVillage,Pla_000707,23,23,0.7629,44,0.7811,0.2167,1
PlantVillage,Pla_000708,24,24,0.8608,51,0.811,0.1664,1
PlantVillage,Pla_000709,25,25,0.9651,58,0.792,0.1386,1
PlantVillage,Pla_000710,26,26,0.9609,107,1.0,0.0899,1
PlantVillage,Pla_000711,27,27,0.9096,26,0.9244,0.0,1
PlantVillage,Pla_000712,28,28,0.6521,73,0.6021,0.3922,1
PlantVillage,Pla_000713,29,29,0.6478,84,0.5536,0.5044,1
PlantVillage,Pla_000714,30,30,0.8974,76,0.9303,0.0145,1
PlantVillage,Pla_000715,31,31,0.7526,127,0.6084,0.3232,1
PlantVillage,Pla_000716,32,32,0.8724,20,0.8804,0.0597,1
PlantVillage,Pla_000717,33,33,0.9319,40,0.9595,0.0,1
PlantVillage,Pla_000718,34,34,0.8271,130,0.8447,0.0881,1
PlantVillage,Pla_000719,35,35,0.8729,79,0.8396,0.209,1
PlantVillage,Pla_000720,36,36,0.9506,71,0.967,0.0,1
PlantVillage,Pla_000721,37,37,0.9381,97,0.8769,0.0846,1
PlantVillage,Pla_000722,0,0,0.7526,80,0.682,0.2561,1
PlantVillage,Pla_000723,1,1,0.9584,109,0.9702,0.0549,1
PlantVillage,Pla_000724,2,2,0.9397,24,0.9336,0.0551,1
PlantVillage,Pla_000725,3,3,0.9905,31,0.9209,0.1689,1
PlantVillage,Pla_000726,4,4,0.7644,118,0.7635,0.2387,1
PlantVillage,Pla_000727,5,5,0.8394,123,0.9053,0.0524,1
PlantVillage,Pla_000728,6,6,0.9559,100,0.929,0.0581,1
PlantVillage,Pla_000729,7,7,0.7811,133,0.7022,0.2569,1
PlantVillage,Pla_000730,8,8,0.8758,81,0.9541,0.1019,1
PlantVillage,Pla_000731,9,9,0.7482,43,0.743,0.2685,1
PlantVillage,Pla_000732,10,10,0.6252,62,0.6142,0.4498,1
PlantVillage,Pla_000733,11,11,0.6475,69,0.7039,0.2831,1
PlantVillage,Pla_000734,12,12,0.8574,119,0.7774,0.2176,1
PlantVillage,Pla_000735,13,13,0.869,135,0.8051,0.1562,1
PlantVillage,Pla_000736,14,14,0.9323,51,1.0,0.0,1
PlantVillage,Pla_000737,15,15,0.9566,100,0.975,0.0615,1
PlantVillage,Pla_000738,16,16,0.9626,139,1.0,0.0,1
PlantVillage,Pla_000739,17,17,0.8416,74,0.8738,0.1346,1
PlantVillage,Pla_000740,18,18,0.9459,120,0.8694,0.1503,1
PlantVillage,Pla_000741,19,19,0.7191,107,0.7114,0.3471,1
PlantVillage,Pla_000742,20,20,0.8125,105,0.7204,0.2808,1
PlantVillage,Pla_000743,21,21,0.933,148,0.9731,0.0737,1
PlantVillage,Pla_000744,22,22,0.9385,16,0.8816,0.009,1
PlantVillage,Pla_000745,23,23,0.8004,141,0.765,0.1846,1
PlantVillage,Pla_000746,24,24,0.5267,23,0.5157,0.4351,1
PlantVillage,Pla_000747,25,25,0.7577,84,0.8101,0.246,1
PlantVillage,Pla_000748,26,26,0.9588,41,1.0,0.0,1
PlantVillage,Pla_000749,27,27,0.8138,86,0.7273,0.3082,1
PlantVillage,Pla_000750,28,28,0.8981,137,1.0,0.0,1
PlantVillage,Pla_000751,29,29,0.9041,107,0.8753,0.1138,1
PlantVillage,Pla_000752,30,30,0.886,48,0.8838,0.1398,1
PlantVillage,Pla_000753,31,31,0.7307,16,0.7248,0.2761,1
PlantVillage,Pla_000754,32,32,0.7379,80,0.6688,0.3859,1
PlantVillage,Pla_000755,33,33,0.6195,43,0.5846,0.4583,1
PlantVillage,Pla_000756,34,34,0.8715,27,0.8572,0.1162,1
PlantVillage,Pla_000757,35,35,0.8581,10,0.8576,0.04,1
PlantVillage,Pla_000758,36,36,0.7224,111,0.7415,0.2216,1
PlantVillage,Pla_000759,37,37,0.4786,124,0.3651,0.6308,1
PlantVillage,Pla_000760,0,0,0.7665,31,0.7789,0.2842,1
PlantVillage,Pla_000761,1,1,0.8759,132,0.8629,0.1588,1
PlantVillage,Pla_000762,2,2,0.7004,148,0.713,0.3174,1
PlantVillage,Pla_000763,3,3,0.9306,77,0.9312,0.0851,1
PlantVillage,Pla_000764,4,4,0.8565,28,0.9354,0.0,1
PlantVillage,Pla_000765,5,5,0.9294,128,0.8971,0.0911,1
PlantVillage,Pla_000766,6,6,0.8529,28,0.8406,0.1948,1
PlantVillage,Pla_000767,7,7,0.9746,52,0.9615,0.0,1
PlantVillage,Pla_000768,8,8,0.6917,136,0.517,0.4877,1
PlantVillage,Pla_000769,9,9,0.8066,119,0.737,0.2706,1
PlantVillage,Pla_000770,10,10,0.7829,26,0.917,0.0013,1
PlantVillage,Pla_000771,11,11,0.7604,146,0.7499,0.2559,1
PlantVillage,Pla_000772,12,12,0.6009,126,0.5928,0.3473,1
PlantVillage,Pla_000773,13,13,0.769,68,0.7581,0.248,1
PlantVillage,Pla_000774,14,14,0.822,112,0.9037,0.1059,1
PlantVillage,Pla_000775,15,15,0.8727,76,0.8074,0.0818,1
PlantVillage,Pla_000776,16,16,0.8513,106,0.8027,0.1867,1
PlantVillage,Pla_000777,17,17,0.9737,100,0.9321,0.092,1
PlantVillage,Pla_000778,18,18,0.8378,11,0.914,0.0899,1
PlantVillage,Pla_000779,19,19,0.9217,26,1.0,0.0,1
PlantVillage,Pla_000780,20,20,0.7719,43,0.7527,0.2392,1
PlantVillage,Pla_000781,21,21,0.965,50,0.8645,0.1874,1
PlantVillage,Pla_000782,22,22,0.7907,116,0.6598,0.3581,1
PlantVillage,Pla_000783,23,23,0.8054,33,0.7487,0.22,1
PlantVillage,Pla_000784,24,24,0.6403,31,0.6196,0.3465,1
PlantVillage,Pla_000785,25,25,0.6771,70,0.6942,0.2862,1
PlantVillage,Pla_000786,26,26,0.7417,143,0.6996,0.3387,1
PlantVillage,Pla_000787,27,27,0.7721,67,0.7486,0.2875,1
PlantVillage,Pla_000788,28,28,0.7547,105,0.7023,0.2331,1
PlantVillage,Pla_000789,29,29,0.5551,31,0.558,0.4606,1
PlantVillage,Pla_000790,30,30,0.8571,0,0.9119,0.0317,1
PlantVillage,Pla_000791,31,31,0.878,102,0.8075,0.1677,1
PlantVillage,Pla_000792,32,32,0.7298,21,0.7577,0.2758,1
PlantVillage,Pla_000793,33,33,0.8294,124,0.8296,0.201,1
PlantVillage,Pla_000794,34,34,0.9017,75,0.7464,0.3264,1
PlantVillage,Pla_000795,35,35,0.8526,77,1.0,0.0,1
PlantVillage,Pla_000796,36,36,0.9641,49,1.0,0.0,1
PlantVillage,Pla_000797,37,37,0.7672,132,0.6609,0.302,1
PlantVillage,Pla_000798,0,0,0.8046,123,0.7836,0.2887,1
PlantVillage,Pla_000799,1,1,0.8693,27,1.0,0.0,1
PlantVillage,Pla_000800,2,2,0.9707,44,1.0,0.0195,1
PlantVillage,Pla_000801,3,3,0.8145,68,0.7645,0.1712,1
PlantVillage,Pla_000802,4,4,0.9393,48,0.8342,0.2159,1
PlantVillage,Pla_000803,5,5,0.7972,100,0.6539,0.3912,1
PlantVillage,Pla_000804,6,6,0.9723,121,1.0,0.0031,1
PlantVillage,Pla_000805,7,7,0.7482,16,0.8155,0.1636,1
PlantVillage,Pla_000806,8,8,0.5895,16,0.6483,0.2897,1
PlantVillage,Pla_000807,9,9,0.9362,122,0.9579,0.0169,1
PlantVillage,Pla_000808,10,10,0.4537,119,0.4361,0.5918,1
PlantVillage,Pla_000809,11,11,0.7667,138,0.6919,0.2952,1
PlantVillage,Pla_000810,12,12,0.8862,92,0.9619,0.0488,1
PlantVillage,Pla_000811,13,13,0.9853,70,1.0,0.0,1
PlantVillage,Pla_000812,14,14,0.643,55,0.6483,0.3683,1
PlantVillage,Pla_000813,15,15,0.7789,140,0.8713,0.1493,1
PlantVillage,Pla_000814,16,16,0.892,12,0.9376,0.0771,1
PlantVillage,Pla_000815,17,17,0.8162,63,0.9209,0.0916,1
PlantVillage,Pla_000816,18,18,0.9698,103,0.8217,0.1137,1
PlantVillage,Pla_000817,19,19,0.9504,123,0.9591,0.0489,1
PlantVillage,Pla_000818,20,20,0.6035,14,0.5577,0.4814,1
PlantVillage,Pla_000819,21,21,0.9125,57,0.8162,0.1616,1
PlantVillage,Pla_000820,22,22,0.7539,142,0.8058,0.2403,1
PlantVillage,Pla_000821,23,23,0.8109,31,0.7899,0.2156,1
PlantVillage,Pla_000822,24,24,0.8375,89,0.8368,0.0704,1
PlantVillage,Pla_000823,25,25,0.9532,125,0.8689,0.1399,1
PlantVillage,Pla_000824,26,26,0.4681,59,0.5242,0.4462,1
PlantVillage,Pla_000825,27,27,0.8131,119,0.7636,0.188,1
PlantVillage,Pla_000826,28,28,0.7216,148,0.628,0.4055,1
PlantVillage,Pla_000827,29,29,0.9045,98,0.9178,0.0422,1
PlantVillage,Pla_000828,30,30,0.8969,133,0.8968,0.0916,1
PlantVillage,Pla_000829,31,31,0.5155,13,0.4576,0.4941,1
PlantVillage,Pla_000830,32,32,0.9129,90,0.7719,0.2414,1
PlantVillage,Pla_000831,33,33,0.6572,101,0.5823,0.4615,1
PlantVillage,Pla_000832,34,34,0.7807,37,0.7069,0.2505,1
PlantVillage,Pla_000833,35,35,0.6594,22,0.5948,0.4718,1
PlantVillage,Pla_000834,36,36,0.8246,96,0.9395,0.0823,1
PlantVillage,Pla_000835,37,37,0.7674,148,0.8509,0.0852,1
PlantVillage,Pla_000836,0,0,0.8011,117,0.8656,0.1441,1
PlantVillage,Pla_000837,1,1,0.8108,133,0.8658,0.1561,1
PlantVillage,Pla_000838,2,2,0.9159,108,1.0,0.0,1
PlantVillage,Pla_000839,3,3,0.8611,22,1.0,0.0645,1
PlantVillage,Pla_000840,4,4,0.9273,79,0.9856,0.0,1
PlantVillage,Pla_000841,5,5,0.7907,5,0.6685,0.2903,1
PlantVillage,Pla_000842,6,6,0.8851,149,0.8293,0.1528,1
PlantVillage,Pla_000843,7,7,0.7725,75,0.7366,0.2986,1
PlantVillage,Pla_000844,8,8,0.9592,142,0.9271,0.1795,1
PlantVillage,Pla_000845,9,9,0.9212,1,0.943,0.0,1
PlantVillage,Pla_000846,10,10,0.8694,67,0.837,0.2141,1
PlantVillage,Pla_000847,11,11,0.8768,122,0.8421,0.1497,1
PlantVillage,Pla_000848,12,12,0.9132,135,0.8354,0.1867,1
PlantVillage,Pla_000849,13,13,0.7143,25,0.6808,0.3078,1
PlantVillage,Pla_000850,14,14,0.8593,61,0.8505,0.1669,1
PlantVillage,Pla_000851,15,15,0.9466,56,0.9595,0.0249,1
PlantVillage,Pla_000852,16,16,0.6604,34,0.8637,0.1561,1
PlantVillage,Pla_000853,17,17,0.8686,148,0.8943,0.0991,1
PlantVillage,Pla_000854,18,18,0.7317,145,0.7635,0.2662,1
PlantVillage,Pla_000855,19,19,0.8342,122,0.8573,0.1153,1
PlantVillage,Pla_000856,20,20,0.844,62,0.767,0.2656,1
PlantVillage,Pla_000857,21,21,0.8901,48,0.911,0.0679,1
PlantVillage,Pla_000858,22,22,0.9314,101,1.0,0.0,1
PlantVillage,Pla_000859,23,23,0.9016,136,0.6595,0.2787,1
PlantVillage,Pla_000860,24,24,0.7564,25,0.651,0.4026,1
PlantVillage,Pla_000861,25,25,0.8927,89,0.9431,0.0817,1
PlantVillage,Pla_000862,26,26,0.7771,123,0.6785,0.335,1
PlantVillage,Pla_000863,27,27,0.7248,64,0.7885,0.2322,1
PlantVillage,Pla_000864,28,28,0.8335,44,0.7905,0.2417,1
PlantVillage,Pla_000865,29,29,0.7948,36,0.7398,0.3134,1
PlantVillage,Pla_000866,30,30,0.9631,44,0.9735,0.0274,1
PlantVillage,Pla_000867,31,31,0.86,124,0.9687,0.0809,1
PlantVillage,Pla_000868,32,32,0.7994,119,0.8437,0.2231,1
PlantVillage,Pla_000869,33,33,0.9025,143,0.8457,0.1727,1
PlantVillage,Pla_000870,34,34,0.5657,23,0.6719,0.3231,1
PlantVillage,Pla_000871,35,35,0.8843,59,1.0,0.0255,1
PlantVillage,Pla_000872,36,36,0.8398,36,0.8964,0.0536,1
PlantVillage,Pla_000873,37,37,0.8621,46,0.7966,0.1929,1
PlantVillage,Pla_000874,0,0,0.7705,69,0.821,0.1269,1
PlantVillage,Pla_000875,1,1,0.6859,130,0.6383,0.3575,1
PlantVillage,Pla_000876,2,2,0.5603,66,0.501,0.5329,1
PlantVillage,Pla_000877,3,3,0.6064,149,0.6194,0.3404,1
PlantVillage,Pla_000878,4,4,0.7152,110,0.7783,0.2312,1
PlantVillage,Pla_000879,5,5,0.7938,19,0.8683,0.1277,1
PlantVillage,Pla_000880,6,6,0.6967,9,0.7092,0.3008,1
PlantVillage,Pla_000881,7,7,0.6338,141,0.5899,0.4103,1
PlantVillage,Pla_000882,8,8,0.7231,47,0.7041,0.3082,1
PlantVillage,Pla_000883,9,9,0.8145,43,0.814,0.1491,1
PlantVillage,Pla_000884,10,10,0.9738,149,0.9417,0.1317,1
PlantVillage,Pla_000885,11,11,0.7236,49,0.7779,0.1709,1
PlantVillage,Pla_000886,12,12,0.6551,75,0.6271,0.3362,1
PlantVillage,Pla_000887,13,13,0.7198,37,0.754,0.2,1
PlantVillage,Pla_000888,14,14,0.7683,40,0.8121,0.3143,1
PlantVillage,Pla_000889,15,15,0.6958,13,0.6785,0.3212,1
PlantVillage,Pla_000890,16,16,0.8776,102,0.9489,0.017,1
PlantVillage,Pla_000891,17,17,0.8689,4,0.9315,0.0243,1
PlantVillage,Pla_000892,18,18,0.8095,113,0.6879,0.3913,1
PlantVillage,Pla_000893,19,19,0.8272,61,0.8626,0.1008,1
PlantVillage,Pla_000894,20,20,0.9925,63,0.9199,0.1116,1
PlantVillage,Pla_000895,21,21,0.5217,67,0.3498,0.637,1
PlantVillage,Pla_000896,22,22,0.8238,111,0.7083,0.2791,1
PlantVillage,Pla_000897,23,23,0.8332,77,0.8783,0.1463,1
PlantVillage,Pla_000898,24,24,0.8974,10,0.8672,0.071,1
PlantVillage,Pla_000899,25,25,0.8179,31,0.8193,0.2165,1
PlantVillage,Pla_000900,26,26,0.8842,111,0.9688,0.0842,1
PlantVillage,Pla_000901,27,27,0.8827,119,0.7706,0.256,1
PlantVillage,Pla_000902,28,28,0.6274,91,0.6149,0.471,1
PlantVillage,Pla_000903,29,29,0.7094,61,0.8116,0.209,1
PlantVillage,Pla_000904,30,30,0.5738,17,0.5558,0.3859,1
PlantVillage,Pla_000905,31,31,0.5829,131,0.482,0.6215,1
PlantVillage,Pla_000906,32,32,0.6989,28,0.7286,0.3746,1
PlantVillage,Pla_000907,33,33,0.639,98,0.6183,0.4208,1
PlantVillage,Pla_000908,34,34,0.647,21,0.7257,0.2829,1
PlantVillage,Pla_000909,35,35,0.8206,141,0.8054,0.2152,1
PlantVillage,Pla_000910,36,36,0.5845,5,0.537,0.3451,1
PlantVillage,Pla_000911,37,37,0.6703,140,0.7562,0.3095,1
PlantVillage,Pla_000912,0,0,0.6598,105,0.5558,0.4402,1
PlantVillage,Pla_000913,1,1,0.9041,59,0.7732,0.192,1
PlantVillage,Pla_000914,2,2,0.6624,35,0.6844,0.4043,1
PlantVillage,Pla_000915,3,3,0.9363,143,0.8743,0.1527,1
PlantVillage,Pla_000916,4,4,0.954,55,1.0,0.0,1
PlantVillage,Pla_000917,5,5,0.8281,42,0.9431,0.0596,1
PlantVillage,Pla_000918,6,6,0.8357,2,0.8778,0.0981,1
PlantVillage,Pla_000919,7,7,0.8307,104,0.7337,0.2826,1
PlantVillage,Pla_000920,8,8,0.9168,85,0.8834,0.2664,1
PlantVillage,Pla_000921,9,9,0.8622,81,0.8107,0.2843,1
PlantVillage,Pla_000922,10,10,0.7145,135,0.6155,0.3932,1
PlantVillage,Pla_000923,11,11,0.6565,16,0.7145,0.2501,1
PlantVillage,Pla_000924,12,12,0.4004,88,0.2781,0.7282,1
PlantVillage,Pla_000925,13,13,0.5864,108,0.4613,0.4776,1
PlantVillage,Pla_000926,14,14,0.9651,145,0.8583,0.0643,1
PlantVillage,Pla_000927,15,15,0.843,12,0.82,0.2444,1
PlantVillage,Pla_000928,16,16,0.8191,23,0.9661,0.0635,1
PlantVillage,Pla_000929,17,17,0.9095,8,0.8174,0.1741,1
PlantVillage,Pla_000930,18,18,0.9184,42,0.9358,0.1315,1
PlantVillage,Pla_000931,19,19,0.8253,22,0.8404,0.2163,1
PlantVillage,Pla_000932,20,20,0.8592,114,0.9217,0.01,1
PlantVillage,Pla_000933,21,21,0.7655,143,0.7026,0.2844,1
PlantVillage,Pla_000934,22,22,0.9856,133,1.0,0.0,1
PlantVillage,Pla_000935,23,23,0.7647,7,0.8406,0.1309,1
PlantVillage,Pla_000936,24,24,0.8314,65,0.8011,0.2061,1
PlantVillage,Pla_000937,25,25,0.8295,57,0.7298,0.1873,1
PlantVillage,Pla_000938,26,26,0.9688,149,0.9724,0.0013,1
PlantVillage,Pla_000939,27,27,0.5255,66,0.4985,0.5799,1
PlantVillage,Pla_000940,28,28,0.8966,104,0.9222,0.0379,1
PlantVillage,Pla_000941,29,29,0.8062,46,0.7779,0.115,1
PlantVillage,Pla_000942,30,30,0.658,35,0.7453,0.3256,1
PlantVillage,Pla_000943,31,31,0.6216,61,0.6521,0.3203,1
PlantVillage,Pla_000944,32,32,0.5089,25,0.5153,0.4971,1
PlantVillage,Pla_000945,33,33,0.7486,91,0.6885,0.3498,1
PlantVillage,Pla_000946,34,34,0.863,40,0.9803,0.0979,1
PlantVillage,Pla_000947,35,35,0.9334,99,0.9668,0.0,1
PlantVillage,Pla_000948,36,36,0.538,77,0.5332,0.4085,1
PlantVillage,Pla_000949,37,10,0.6648,113,0.6935,0.3159,0
PlantVillage,Pla_000950,0,0,0.8488,107,0.8333,0.2182,1
PlantVillage,Pla_000951,1,1,0.8596,57,0.9277,0.0276,1
PlantVillage,Pla_000952,2,2,0.8862,119,0.8651,0.1261,1
PlantVillage,Pla_000953,3,3,0.5457,51,0.4946,0.526,1
PlantVillage,Pla_000954,4,4,0.9699,96,0.8287,0.2562,1
PlantVillage,Pla_000955,5,5,0.94,51,0.9833,0.0156,1
PlantVillage,Pla_000956,6,6,0.7127,40,0.6737,0.2868,1
PlantVillage,Pla_000957,7,7,0.8459,9,0.9292,0.1297,1
PlantVillage,Pla_000958,8,8,0.9564,11,0.901,0.0707,1
PlantVillage,Pla_000959,9,9,0.6268,111,0.7077,0.3412,1
PlantVillage,Pla_000960,10,10,0.7022,1,0.7547,0.1685,1
PlantVillage,Pla_000961,11,11,0.7408,48,0.76,0.3173,1
PlantVillage,Pla_000962,12,12,0.7678,68,0.7156,0.2754,1
PlantVillage,Pla_000963,13,13,0.6144,24,0.6977,0.2309,1
PlantVillage,Pla_000964,14,14,0.6716,71,0.7111,0.1869,1
PlantVillage,Pla_000965,15,15,0.7673,133,0.8489,0.1908,1
PlantVillage,Pla_000966,16,16,0.8508,5,0.7852,0.2014,1
PlantVillage,Pla_000967,17,17,0.7115,67,0.7311,0.2174,1
PlantVillage,Pla_000968,18,18,0.7711,133,0.6271,0.3709,1
PlantVillage,Pla_000969,19,19,0.9449,103,0.7808,0.2049,1
PlantVillage,Pla_000970,20,20,0.766,108,0.8979,0.0439,1
PlantVillage,Pla_000971,21,21,0.4626,87,0.4823,0.5038,1
PlantVillage,Pla_000972,22,22,0.9084,83,0.8573,0.0456,1
PlantVillage,Pla_000973,23,23,0.8433,92,0.7297,0.1962,1
PlantVillage,Pla_000974,24,24,0.9112,144,0.8888,0.0,1
PlantVillage,Pla_000975,25,25,0.8177,20,0.82,0.183,1
PlantVillage,Pla_000976,26,26,0.8829,92,1.0,0.0,1
PlantVillage,Pla_000977,27,27,0.8452,20,0.9539,0.0524,1
PlantVillage,Pla_000978,28,28,0.9041,62,1.0,0.0403,1
PlantVillage,Pla_000979,29,29,0.7943,82,0.6561,0.3504,1
PlantVillage,Pla_000980,30,30,0.9301,138,0.9887,0.0,1
PlantVillage,Pla_000981,31,31,0.8377,61,0.8121,0.166,1
PlantVillage,Pla_000982,32,32,0.8028,77,0.8262,0.1743,1
PlantVillage,Pla_000983,33,33,0.8676,105,1.0,0.0,1
PlantVillage,Pla_000984,34,34,0.9474,55,1.0,0.0,1
PlantVillage,Pla_000985,35,35,0.9233,95,1.0,0.0,1
PlantVillage,Pla_000986,36,36,0.8337,7,0.69,0.2649,1
PlantVillage,Pla_000987,37,37,0.5654,22,0.5432,0.4865,1
PlantVillage,Pla_000988,0,0,0.7463,108,0.7778,0.2307,1
PlantVillage,Pla_000989,1,1,0.9632,72,1.0,0.0,1
PlantVillage,Pla_000990,2,2,0.4005,24,0.4328,0.5253,1
PlantVillage,Pla_000991,3,3,0.6856,133,0.711,0.2947,1
PlantVillage,Pla_000992,4,4,0.8395,121,0.8379,0.1126,1
PlantVillage,Pla_000993,5,5,0.8794,54,0.7452,0.1534,1
PlantVillage,Pla_000994,6,6,0.9455,117,1.0,0.0223,1
PlantVillage,Pla_000995,7,7,0.8538,39,0.8843,0.1756,1
PlantVillage,Pla_000996,8,8,0.8139,104,0.7588,0.2377,1
PlantVillage,Pla_000997,9,9,0.7084,86,0.6994,0.3649,1
PlantVillage,Pla_000998,10,10,0.9452,128,0.9907,0.0,1
PlantVillage,Pla_000999,11,11,0.9299,111,1.0,0.0476,1
PlantVillage,Pla_001000,12,12,0.9592,50,0.8453,0.172,1
PlantVillage,Pla_001001,13,13,0.8486,88,0.8802,0.0684,1
PlantVillage,Pla_001002,14,14,0.9025,135,0.8703,0.1461,1
PlantVillage,Pla_001003,15,15,0.6658,32,0.7381,0.241,1
PlantVillage,Pla_001004,16,16,0.9213,95,0.7857,0.1628,1
PlantVillage,Pla_001005,17,17,0.834,106,0.8414,0.0969,1
PlantVillage,Pla_001006,18,18,0.9163,37,1.0,0.0956,1
PlantVillage,Pla_001007,19,19,0.9219,93,0.9111,0.1082,1
PlantVillage,Pla_001008,20,20,0.8363,77,0.7593,0.2475,1
PlantVillage,Pla_001009,21,21,0.9899,21,1.0,0.0,1
PlantVillage,Pla_001010,22,22,0.9654,35,0.9834,0.0,1
PlantVillage,Pla_001011,23,23,0.7007,16,0.7145,0.2371,1
PlantVillage,Pla_001012,24,24,0.6091,55,0.6002,0.4779,1
PlantVillage,Pla_001013,25,25,0.8251,114,0.9136,0.0507,1
PlantVillage,Pla_001014,26,26,0.7019,25,0.7886,0.2294,1
PlantVillage,Pla_001015,27,27,0.9845,120,0.8909,0.1539,1
PlantVillage,Pla_001016,28,28,0.6047,31,0.5635,0.4409,1
PlantVillage,Pla_001017,29,29,0.9236,85,0.8446,0.1343,1
PlantVillage,Pla_001018,30,30,0.9802,145,0.9976,0.0071,1
PlantVillage,Pla_001019,31,31,0.5645,140,0.6558,0.2782,1
PlantVillage,Pla_001020,32,32,0.9794,143,1.0,0.0105,1
PlantVillage,Pla_001021,33,33,0.9226,13,0.8284,0.1315,1
PlantVillage,Pla_001022,34,34,0.6947,54,0.7924,0.2903,1
PlantVillage,Pla_001023,35,35,0.8402,12,0.9122,0.0609,1
PlantVillage,Pla_001024,36,36,0.9854,7,1.0,0.0,1
PlantVillage,Pla_001025,37,37,0.9588,47,1.0,0.0288,1
PlantVillage,Pla_001026,0,0,0.8157,83,0.8756,0.1489,1
PlantVillage,Pla_001027,1,1,0.8843,5,0.8272,0.1779,1
PlantVillage,Pla_001028,2,2,0.8978,36,0.9363,0.0,1
PlantVillage,Pla_001029,3,3,0.6599,82,0.5782,0.4032,1
PlantVillage,Pla_001030,4,4,0.7729,120,0.7289,0.313,1
PlantVillage,Pla_001031,5,5,0.7978,1,0.6851,0.3164,1
PlantVillage,Pla_001032,6,6,0.8671,84,0.8991,0.0785,1
PlantVillage,Pla_001033,7,7,0.935,32,0.8365,0.0746,1
PlantVillage,Pla_001034,8,8,0.9011,133,1.0,0.0509,1
PlantVillage,Pla_001035,9,9,0.7138,77,0.6969,0.3447,1
PlantVillage,Pla_001036,10,10,0.623,38,0.4978,0.5097,1
PlantVillage,Pla_001037,11,11,0.6554,139,0.6077,0.449,1
PlantVillage,Pla_001038,12,12,0.7226,7,0.7434,0.3289,1
PlantVillage,Pla_001039,13,13,0.8316,22,0.8294,0.2029,1
PlantVillage,Pla_001040,14,14,0.619,7,0.6062,0.3205,1
PlantVillage,Pla_001041,15,15,0.8258,27,0.8781,0.064,1
PlantVillage,Pla_001042,16,16,0.9573,34,0.8415,0.159,1
PlantVillage,Pla_001043,17,17,0.9097,47,0.8705,0.1224,1
PlantVillage,Pla_001044,18,18,0.66,149,0.7508,0.2564,1
PlantVillage,Pla_001045,19,19,0.5787,61,0.6782,0.3529,1
PlantVillage,Pla_001046,20,20,0.9191,88,0.9765,0.0,1
PlantVillage,Pla_001047,21,21,0.8365,108,0.7266,0.2508,1
PlantVillage,Pla_001048,22,22,0.7907,137,0.7203,0.1969,1
PlantVillage,Pla_001049,23,23,0.6007,14,0.5503,0.4036,1
PlantVillage,Pla_001050,24,24,0.9754,123,0.9859,0.0,1
PlantVillage,Pla_001051,25,25,0.4976,24,0.3682,0.6047,1
PlantVillage,Pla_001052,26,26,0.6434,96,0.647,0.3016,1
PlantVillage,Pla_001053,27,27,0.852,81,0.8317,0.1022,1
PlantVillage,Pla_001054,28,28,0.7766,9,0.8161,0.1724,1
PlantVillage,Pla_001055,29,29,0.8084,37,0.8546,0.0967,1
PlantVillage,Pla_001056,30,30,0.9378,11,1.0,0.0517,1
PlantVillage,Pla_001057,31,31,0.4989,25,0.4421,0.6171,1
PlantVillage,Pla_001058,32,32,0.5001,32,0.5034,0.4989,1
PlantVillage,Pla_001059,33,33,0.5129,1,0.5245,0.4007,1
PlantVillage,Pla_001060,34,34,0.9461,92,1.0,0.0154,1
PlantVillage,Pla_001061,35,35,0.9698,107,1.0,0.0337,1
PlantVillage,Pla_001062,36,36,0.7929,48,0.6673,0.3396,1
PlantVillage,Pla_001063,37,37,0.9213,79,0.742,0.1714,1
PlantVillage,Pla_001064,0,0,0.9259,81,0.9798,0.0521,1
PlantVillage,Pla_001065,1,1,0.8704,33,0.8553,0.1639,1
PlantVillage,Pla_001066,2,2,0.7999,108,0.7624,0.2599,1
PlantVillage,Pla_001067,3,3,0.8661,42,0.7637,0.2422,1
PlantVillage,Pla_001068,4,4,0.9516,19,1.0,0.0271,1
PlantVillage,Pla_001069,5,5,0.922,2,0.9336,0.0933,1
PlantVillage,Pla_001070,6,6,0.798,32,0.8953,0.0147,1
PlantVillage,Pla_001071,7,7,0.7158,135,0.8561,0.1694,1
PlantVillage,Pla_001072,8,8,0.8905,109,0.8014,0.1763,1
PlantVillage,Pla_001073,9,9,0.8713,43,0.7089,0.2477,1
PlantVillage,Pla_001074,10,10,0.74,118,0.7248,0.255,1
PlantVillage,Pla_001075,11,11,0.7927,68,0.7803,0.2514,1
PlantVillage,Pla_001076,12,12,0.9737,33,0.8104,0.1523,1
PlantVillage,Pla_001077,13,13,0.6485,113,0.6986,0.2913,1
PlantVillage,Pla_001078,14,14,0.8163,64,0.8103,0.1955,1
PlantVillage,Pla_001079,15,15,0.9097,7,0.9384,0.0808,1
PlantVillage,Pla_001080,16,16,0.9078,145,0.8123,0.1464,1
PlantVillage,Pla_001081,17,17,0.8233,56,0.7548,0.2391,1
PlantVillage,Pla_001082,18,18,0.9715,105,0.9371,0.0996,1
PlantVillage,Pla_001083,19,19,0.6262,16,0.4846,0.3678,1
PlantVillage,Pla_001084,20,20,0.8102,100,0.8064,0.215,1
PlantVillage,Pla_001085,21,21,0.8098,44,0.8532,0.0981,1
PlantVillage,Pla_001086,22,22,0.7772,57,0.8379,0.1473,1
PlantVillage,Pla_001087,23,23,0.8186,63,0.9004,0.0817,1
PlantVillage,Pla_001088,24,24,0.8444,19,0.9451,0.08,1
PlantVillage,Pla_001089,25,25,0.7346,104,0.7073,0.3687,1
PlantVillage,Pla_001090,26,26,0.7371,35,0.8102,0.1355,1
PlantVillage,Pla_001091,27,27,0.8655,11,0.8112,0.2623,1
PlantVillage,Pla_001092,28,28,0.7683,48,0.6711,0.372,1
PlantVillage,Pla_001093,29,29,0.5602,58,0.553,0.3703,1
PlantVillage,Pla_001094,30,30,0.8483,31,0.877,0.1264,1
PlantVillage,Pla_001095,31,31,0.8391,1,0.88,0.181,1
PlantVillage,Pla_001096,32,32,0.665,42,0.5713,0.4386,1
PlantVillage,Pla_001097,33,33,0.892,117,0.8067,0.1079,1
PlantVillage,Pla_001098,34,34,0.7425,35,0.72,0.2648,1
PlantVillage,Pla_001099,35,35,0.7083,94,0.8218,0.1915,1
PlantVillage,Pla_001100,36,36,0.5511,44,0.592,0.457,1
PlantVillage,Pla_001101,37,37,0.8796,107,1.0,0.0013,1
PlantVillage,Pla_001102,0,0,0.7969,85,0.7947,0.1213,1
PlantVillage,Pla_001103,1,1,0.7673,14,0.7734,0.2051,1
PlantVillage,Pla_001104,2,2,0.881,62,0.8613,0.1687,1
PlantVillage,Pla_001105,3,3,0.7312,48,0.8151,0.1579,1
PlantVillage,Pla_001106,4,4,0.995,59,0.8079,0.1532,1
PlantVillage,Pla_001107,5,5,0.8286,142,0.8243,0.1338,1
PlantVillage,Pla_001108,6,6,0.5051,48,0.5454,0.4902,1
PlantVillage,Pla_001109,7,22,0.3984,144,0.5035,0.5341,0
PlantVillage,Pla_001110,8,8,0.8494,2,0.9296,0.0459,1
PlantVillage,Pla_001111,9,9,0.651,44,0.54,0.4503,1
PlantVillage,Pla_001112,10,10,0.9342,67,0.9797,0.0573,1
PlantVillage,Pla_001113,11,11,0.7333,80,0.6799,0.3128,1
PlantVillage,Pla_001114,12,12,0.6824,43,0.6932,0.2867,1
PlantVillage,Pla_001115,13,13,0.8932,53,0.9416,0.0542,1
PlantVillage,Pla_001116,14,14,0.8176,43,0.8438,0.1462,1
PlantVillage,Pla_001117,15,15,0.9529,21,0.9992,0.0607,1
PlantVillage,Pla_001118,16,16,0.9491,136,1.0,0.0,1
PlantVillage,Pla_001119,17,17,0.6036,28,0.4483,0.4661,1
PlantVillage,Pla_001120,18,18,0.707,13,0.7067,0.3244,1
PlantVillage,Pla_001121,19,19,0.8653,86,0.9221,0.0593,1
PlantVillage,Pla_001122,20,20,0.7298,74,0.7038,0.3491,1
PlantVillage,Pla_001123,21,21,0.967,128,0.9729,0.1695,1
PlantVillage,Pla_001124,22,22,0.8876,48,0.7973,0.1288,1
PlantVillage,Pla_001125,23,23,0.8058,113,0.6659,0.3937,1
PlantVillage,Pla_001126,24,24,0.5603,73,0.5566,0.4305,1
PlantVillage,Pla_001127,25,25,0.7706,47,0.8157,0.1034,1
PlantVillage,Pla_001128,26,26,0.7864,138,0.7368,0.3361,1
PlantVillage,Pla_001129,27,27,0.9234,50,0.8315,0.2395,1
PlantVillage,Pla_001130,28,28,0.7373,69,0.8732,0.0985,1
PlantVillage,Pla_001131,29,29,0.948,78,1.0,0.0791,1
PlantVillage,Pla_001132,30,30,0.7802,88,0.8426,0.1433,1
PlantVillage,Pla_001133,31,31,0.8483,14,0.8155,0.226,1
PlantVillage,Pla_001134,32,32,0.7907,22,0.7696,0.2236,1
PlantVillage,Pla_001135,33,33,0.8159,123,0.8908,0.0673,1
PlantVillage,Pla_001136,34,34,0.5483,47,0.4926,0.5094,1
PlantVillage,Pla_001137,35,35,0.473,130,0.6388,0.3676,1
PlantVillage,Pla_001138,36,36,0.8149,12,0.8324,0.2023,1
PlantVillage,Pla_001139,37,37,0.7714,1,0.7203,0.2568,1
PlantVillage,Pla_001140,0,0,0.6495,76,0.6489,0.3658,1
PlantVillage,Pla_001141,1,1,0.8738,0,0.931,0.0986,1
PlantVillage,Pla_001142,2,2,0.8479,121,0.8181,0.2291,1
PlantVillage,Pla_001143,3,3,0.8349,78,0.8283,0.1908,1
PlantVillage,Pla_001144,4,4,0.6012,39,0.5699,0.4608,1
PlantVillage,Pla_001145,5,5,0.9276,72,0.8516,0.1034,1
PlantVillage,Pla_001146,6,6,0.7869,124,0.6624,0.374,1
PlantVillage,Pla_001147,7,7,0.477,81,0.5785,0.3543,1
PlantVillage,Pla_001148,8,8,0.7463,38,0.638,0.2834,1
PlantVillage,Pla_001149,9,9,0.5892,5,0.7056,0.2841,1
PlantVillage,Pla_001150,10,10,0.8212,132,0.8257,0.1106,1
PlantVillage,Pla_001151,11,11,0.7342,104,0.7404,0.3076,1
PlantVillage,Pla_001152,12,12,0.6544,67,0.6778,0.31,1
PlantVillage,Pla_001153,13,13,0.8844,19,0.7888,0.164,1
PlantVillage,Pla_001154,14,14,0.7008,86,0.6903,0.3062,1
PlantVillage,Pla_001155,15,15,0.541,142,0.5514,0.5314,1
PlantVillage,Pla_001156,16,16,0.7144,30,0.7052,0.2431,1
PlantVillage,Pla_001157,17,17,0.9095,11,0.9534,0.0898,1
PlantVillage,Pla_001158,18,18,0.7184,69,0.8544,0.1462,1
PlantVillage,Pla_001159,19,19,0.795,147,0.8837,0.1288,1
PlantVillage,Pla_001160,20,20,0.7779,62,0.6651,0.4422,1
PlantVillage,Pla_001161,21,21,0.6348,139,0.5769,0.4661,1
PlantVillage,Pla_001162,22,22,0.7572,29,0.8673,0.1263,1
PlantVillage,Pla_001163,23,23,0.8453,52,0.7477,0.2028,1
PlantVillage,Pla_001164,24,24,0.6965,55,0.8374,0.1691,1
PlantVillage,Pla_001165,25,25,0.763,101,0.7186,0.2745,1
PlantVillage,Pla_001166,26,26,0.7138,137,0.7239,0.3497,1
PlantVillage,Pla_001167,27,27,0.9842,103,0.9087,0.1527,1
PlantVillage,Pla_001168,28,28,0.8989,85,0.8468,0.1847,1
PlantVillage,Pla_001169,29,29,0.5581,40,0.4143,0.6679,1
PlantVillage,Pla_001170,30,30,0.7824,100,0.6851,0.3992,1
PlantVillage,Pla_001171,31,31,0.7187,45,0.7953,0.1932,1
PlantVillage,Pla_001172,32,32,0.6993,103,0.8012,0.2379,1
PlantVillage,Pla_001173,33,33,0.7338,34,0.8125,0.1763,1
PlantVillage,Pla_001174,34,34,0.8838,54,0.9012,0.1043,1
PlantVillage,Pla_001175,35,35,0.9585,2,0.9358,0.0576,1
PlantVillage,Pla_001176,36,36,0.9683,121,0.9796,0.0233,1
PlantVillage,Pla_001177,37,37,0.595,121,0.6977,0.2656,1
PlantVillage,Pla_001178,0,10,0.5186,67,0.3567,0.6712,0
PlantVillage,Pla_001179,1,1,0.7045,61,0.7033,0.2646,1
PlantVillage,Pla_001180,2,2,0.8599,24,1.0,0.0678,1
PlantVillage,Pla_001181,3,3,0.4823,83,0.6332,0.425,1
PlantVillage,Pla_001182,4,4,0.6679,101,0.6409,0.3662,1
PlantVillage,Pla_001183,5,5,0.8413,134,1.0,0.054,1
PlantVillage,Pla_001184,6,6,0.9574,25,0.9047,0.0593,1
PlantVillage,Pla_001185,7,7,0.8807,139,0.9081,0.0456,1
PlantVillage,Pla_001186,8,8,0.9086,3,0.9113,0.0982,1
PlantVillage,Pla_001187,9,9,0.879,132,0.9421,0.0856,1
PlantVillage,Pla_001188,10,10,0.7986,69,0.7885,0.2081,1
PlantVillage,Pla_001189,11,11,0.9183,146,0.9723,0.0,1
PlantVillage,Pla_001190,12,12,0.9231,26,0.7943,0.1438,1
PlantVillage,Pla_001191,13,13,0.9072,17,0.8531,0.0928,1
PlantVillage,Pla_001192,14,14,0.8452,52,0.7808,0.2033,1
PlantVillage,Pla_001193,15,15,0.5916,9,0.5022,0.5467,1
PlantVillage,Pla_001194,16,16,0.7474,134,0.6944,0.3193,1
PlantVillage,Pla_001195,17,17,0.8688,86,0.8299,0.1202,1
PlantVillage,Pla_001196,18,18,0.7727,88,0.7464,0.333,1
PlantVillage,Pla_001197,19,19,0.7896,91,0.7641,0.2306,1
PlantVillage,Pla_001198,20,20,0.8424,143,1.0,0.0217,1
PlantVillage,Pla_001199,21,21,0.8667,56,0.9554,0.072,1
PlantDoc,Pla_000000,0,0,0.778,42,0.8441,0.133,1
PlantDoc,Pla_000001,1,1,0.701,94,0.5728,0.4913,1
PlantDoc,Pla_000002,2,2,0.9623,17,0.9308,0.0703,1
PlantDoc,Pla_000003,3,12,0.0276,138,0.0217,0.9491,0
PlantDoc,Pla_000004,4,4,0.6567,118,0.7228,0.2505,1
PlantDoc,Pla_000005,5,5,0.744,136,0.6922,0.3488,1
PlantDoc,Pla_000006,6,1,0.2624,97,0.3107,0.5615,0
PlantDoc,Pla_000007,7,7,0.9521,41,0.9889,0.0,1
PlantDoc,Pla_000008,8,8,0.9655,18,0.9343,0.045,1
PlantDoc,Pla_000009,9,9,0.7985,77,0.8862,0.1416,1
PlantDoc,Pla_000010,10,0,0.2736,80,0.411,0.4743,0
PlantDoc,Pla_000011,11,6,0.2213,106,0.3216,0.637,0
PlantDoc,Pla_000012,12,12,0.5057,57,0.6857,0.3729,1
PlantDoc,Pla_000013,13,13,0.84,78,0.9116,0.1098,1
PlantDoc,Pla_000014,14,14,0.7048,59,0.7917,0.2383,1
PlantDoc,Pla_000015,15,15,0.9512,145,0.9535,0.0072,1
PlantDoc,Pla_000016,16,16,0.6974,140,0.7898,0.2303,1
PlantDoc,Pla_000017,0,0,0.9567,41,0.7974,0.3027,1
PlantDoc,Pla_000018,1,1,0.7998,74,0.8353,0.1253,1
PlantDoc,Pla_000019,2,2,0.8602,107,0.8412,0.2025,1
PlantDoc,Pla_000020,3,3,0.6581,130,0.6342,0.328,1
PlantDoc,Pla_000021,4,4,0.8618,101,0.8141,0.2509,1
PlantDoc,Pla_000022,5,5,0.8765,28,0.888,0.1075,1
PlantDoc,Pla_000023,6,6,0.6815,108,0.5944,0.4918,1
PlantDoc,Pla_000024,7,7,0.8207,97,0.818,0.1702,1
PlantDoc,Pla_000025,8,8,0.8021,74,0.8457,0.1775,1
PlantDoc,Pla_000026,9,9,0.9809,35,1.0,0.0,1
PlantDoc,Pla_000027,10,10,0.3653,12,0.456,0.5434,1
PlantDoc,Pla_000028,11,11,0.9352,48,0.9799,0.1015,1
PlantDoc,Pla_000029,12,12,0.7316,95,0.8568,0.2441,1
PlantDoc,Pla_000030,13,13,0.8598,14,0.7934,0.2734,1
PlantDoc,Pla_000031,14,14,0.7574,123,0.8375,0.1771,1
PlantDoc,Pla_000032,15,15,0.9084,122,0.8211,0.1801,1
PlantDoc,Pla_000033,16,16,0.8401,135,0.7807,0.1188,1
PlantDoc,Pla_000034,0,14,0.1777,22,0.2118,0.7744,0
PlantDoc,Pla_000035,1,1,0.8246,110,0.8147,0.208,1
PlantDoc,Pla_000036,2,4,0.4845,25,0.3239,0.6709,0
PlantDoc,Pla_000037,3,3,0.7905,107,0.879,0.0804,1
PlantDoc,Pla_000038,4,12,0.3591,79,0.4564,0.5889,0
PlantDoc,Pla_000039,5,5,0.982,93,1.0,0.0854,1
PlantDoc,Pla_000040,6,6,0.8599,49,0.9157,0.0544,1
PlantDoc,Pla_000041,7,7,0.8224,19,0.8725,0.14,1
PlantDoc,Pla_000042,8,8,0.8059,12,0.8577,0.215,1
PlantDoc,Pla_000043,9,9,0.8512,67,0.9121,0.1217,1
PlantDoc,Pla_000044,10,10,0.703,50,0.5806,0.3936,1
PlantDoc,Pla_000045,11,11,0.6517,41,0.7251,0.2582,1
PlantDoc,Pla_000046,12,12,0.8754,1,0.8002,0.2093,1
PlantDoc,Pla_000047,13,13,0.7,43,0.7439,0.2492,1
PlantDoc,Pla_000048,14,14,0.6325,144,0.5379,0.5105,1
PlantDoc,Pla_000049,15,15,0.6156,65,0.7024,0.3043,1
PlantDoc,Pla_000050,16,16,0.9864,108,1.0,0.0,1
PlantDoc,Pla_000051,0,0,0.6175,135,0.7098,0.1975,1
PlantDoc,Pla_000052,1,1,0.7949,60,0.671,0.312,1
PlantDoc,Pla_000053,2,2,0.7056,126,0.6341,0.4508,1
PlantDoc,Pla_000054,3,3,0.9146,127,0.8902,0.0825,1
PlantDoc,Pla_000055,4,5,0.5399,112,0.6369,0.3683,0
PlantDoc,Pla_000056,5,5,0.9278,106,1.0,0.0,1
PlantDoc,Pla_000057,6,15,0.3933,19,0.3747,0.6736,0
PlantDoc,Pla_000058,7,7,0.7144,19,0.7,0.3352,1
PlantDoc,Pla_000059,8,1,0.3788,4,0.4402,0.5854,0
PlantDoc,Pla_000060,9,9,0.8885,20,0.7548,0.1804,1
PlantDoc,Pla_000061,10,10,0.9838,20,0.9233,0.1895,1
PlantDoc,Pla_000062,11,11,0.6244,65,0.4284,0.492,1
PlantDoc,Pla_000063,12,12,0.9084,1,0.8212,0.2807,1
PlantDoc,Pla_000064,13,4,0.3891,25,0.3285,0.6597,0
PlantDoc,Pla_000065,14,14,0.879,7,1.0,0.0,1
PlantDoc,Pla_000066,15,15,0.6553,118,0.6954,0.2133,1
PlantDoc,Pla_000067,16,16,0.8156,98,0.7732,0.2572,1
PlantDoc,Pla_000068,0,6,0.4535,50,0.4575,0.4571,0
PlantDoc,Pla_000069,1,1,0.8307,48,1.0,0.0,1
PlantDoc,Pla_000070,2,2,0.7484,55,0.8969,0.1307,1
PlantDoc,Pla_000071,3,3,0.7096,118,0.6851,0.3598,1
PlantDoc,Pla_000072,4,4,0.4809,4,0.5546,0.3728,1
PlantDoc,Pla_000073,5,5,0.8125,36,0.8662,0.2392,1
PlantDoc,Pla_000074,6,6,0.7784,135,0.9618,0.0266,1
PlantDoc,Pla_000075,7,7,0.9598,96,0.9657,0.0,1
PlantDoc,Pla_000076,8,8,0.8218,121,0.8683,0.1392,1
PlantDoc,Pla_000077,9,11,0.3459,104,0.4321,0.5648,0
PlantDoc,Pla_000078,10,10,0.8677,91,0.876,0.1286,1
PlantDoc,Pla_000079,11,11,0.885,145,0.9912,0.0268,1
PlantDoc,Pla_000080,12,12,0.7772,142,0.7842,0.1772,1
PlantDoc,Pla_000081,13,13,0.8802,92,0.8549,0.1671,1
PlantDoc,Pla_000082,14,14,0.811,129,0.8574,0.1108,1
PlantDoc,Pla_000083,15,9,0.3275,91,0.3772,0.5993,0
PlantDoc,Pla_000084,16,16,0.7921,99,0.8132,0.1442,1
PlantDoc,Pla_000085,0,2,0.605,13,0.6438,0.3715,0
PlantDoc,Pla_000086,1,1,0.8779,114,0.9648,0.02,1
PlantDoc,Pla_000087,2,2,0.7312,52,0.725,0.3156,1
PlantDoc,Pla_000088,3,16,0.3377,148,0.5086,0.5143,0
PlantDoc,Pla_000089,4,4,0.8041,128,0.6771,0.3889,1
PlantDoc,Pla_000090,5,5,0.9227,116,0.9703,0.0,1
PlantDoc,Pla_000091,6,6,0.7669,65,0.8295,0.2396,1
PlantDoc,Pla_000092,7,7,0.9721,79,0.939,0.0562,1
PlantDoc,Pla_000093,8,8,0.76,66,0.7058,0.3034,1
PlantDoc,Pla_000094,9,9,0.8906,91,0.8769,0.062,1
PlantDoc,Pla_000095,10,10,0.9799,20,0.8369,0.1528,1
PlantDoc,Pla_000096,11,11,0.8912,141,0.8271,0.1915,1
PlantDoc,Pla_000097,12,2,0.2436,98,0.2507,0.7421,0
PlantDoc,Pla_000098,13,13,0.6537,11,0.7015,0.258,1
PlantDoc,Pla_000099,14,14,0.7952,92,0.8897,0.113,1
PlantDoc,Pla_000100,15,15,0.799,121,0.854,0.124,1
PlantDoc,Pla_000101,16,16,0.8162,56,0.8635,0.1463,1
PlantDoc,Pla_000102,0,0,0.7556,84,0.7237,0.1884,1
PlantDoc,Pla_000103,1,1,0.6408,12,0.6485,0.4438,1
PlantDoc,Pla_000104,2,16,0.2494,132,0.1571,0.8305,0
PlantDoc,Pla_000105,3,2,0.6493,52,0.6671,0.375,0
PlantDoc,Pla_000106,4,4,0.8905,4,0.901,0.1649,1
PlantDoc,Pla_000107,5,5,0.8549,48,0.9405,0.0142,1
PlantDoc,Pla_000108,6,6,0.8531,148,0.8584,0.0618,1
PlantDoc,Pla_000109,7,7,0.8047,146,0.8254,0.2975,1
PlantDoc,Pla_000110,8,8,0.904,119,0.723,0.3754,1
PlantDoc,Pla_000111,9,9,0.9576,7,0.7746,0.2574,1
PlantDoc,Pla_000112,10,10,0.7248,79,0.7233,0.2753,1
PlantDoc,Pla_000113,11,11,0.7405,136,0.7218,0.2324,1
PlantDoc,Pla_000114,12,12,0.8948,37,0.8765,0.1153,1
PlantDoc,Pla_000115,13,13,0.9913,120,0.9893,0.053,1
PlantDoc,Pla_000116,14,14,0.6739,30,0.7537,0.204,1
PlantDoc,Pla_000117,15,4,0.5123,98,0.4564,0.4924,0
PlantDoc,Pla_000118,16,16,0.9647,71,0.8543,0.1132,1
PlantDoc,Pla_000119,0,0,0.7287,92,0.799,0.183,1
PlantDoc,Pla_000120,1,13,0.4733,82,0.5845,0.414,0
PlantDoc,Pla_000121,2,2,0.5181,42,0.5845,0.4424,1
PlantDoc,Pla_000122,3,3,0.6838,52,0.7488,0.187,1
PlantDoc,Pla_000123,4,4,0.9332,145,0.9152,0.1244,1
PlantDoc,Pla_000124,5,16,0.3659,9,0.3133,0.6878,0
PlantDoc,Pla_000125,6,6,0.8167,83,0.7853,0.272,1
PlantDoc,Pla_000126,7,7,0.6713,65,0.6246,0.3389,1
PlantDoc,Pla_000127,8,8,0.6563,85,0.7631,0.3676,1
PlantDoc,Pla_000128,9,9,0.633,138,0.586,0.4036,1
PlantDoc,Pla_000129,10,10,0.5895,70,0.6372,0.369,1
PlantDoc,Pla_000130,11,11,0.8528,123,0.7315,0.2716,1
PlantDoc,Pla_000131,12,12,0.9082,87,0.8081,0.17,1
PlantDoc,Pla_000132,13,13,0.8427,105,0.9241,0.0,1
PlantDoc,Pla_000133,14,14,0.7602,149,0.63,0.3004,1
PlantDoc,Pla_000134,15,15,0.7617,61,0.7741,0.2794,1
PlantDoc,Pla_000135,16,16,0.8859,19,0.9045,0.0448,1
PlantDoc,Pla_000136,0,12,0.7452,144,0.7502,0.2087,0
PlantDoc,Pla_000137,1,1,0.7526,83,0.6778,0.3398,1
PlantDoc,Pla_000138,2,2,0.9506,67,0.9371,0.0814,1
PlantDoc,Pla_000139,3,3,0.8898,68,0.7963,0.2382,1
PlantDoc,Pla_000140,4,4,0.902,65,0.9591,0.0,1
PlantDoc,Pla_000141,5,5,0.9052,71,0.9438,0.01,1
PlantDoc,Pla_000142,6,6,0.7866,60,0.8769,0.1383,1
PlantDoc,Pla_000143,7,7,0.8787,60,0.9502,0.0,1
PlantDoc,Pla_000144,8,8,0.736,22,0.7397,0.2008,1
PlantDoc,Pla_000145,9,9,0.7424,97,0.6864,0.256,1
PlantDoc,Pla_000146,10,10,0.7554,125,0.7636,0.248,1
PlantDoc,Pla_000147,11,11,0.7833,18,0.8326,0.247,1
PlantDoc,Pla_000148,12,7,0.482,117,0.4545,0.4154,0
PlantDoc,Pla_000149,13,13,0.7801,14,0.9164,0.0015,1
PlantDoc,Pla_000150,14,14,0.8286,85,0.9962,0.0366,1
PlantDoc,Pla_000151,15,15,0.7994,25,0.8626,0.0981,1
PlantDoc,Pla_000152,16,16,0.6766,130,0.689,0.3158,1
PlantDoc,Pla_000153,0,0,0.8954,120,0.9159,0.104,1
PlantDoc,Pla_000154,1,1,0.6971,143,0.7283,0.2499,1
PlantDoc,Pla_000155,2,2,0.8474,81,0.8664,0.1501,1
PlantDoc,Pla_000156,3,3,0.7552,71,0.8136,0.1968,1
PlantDoc,Pla_000157,4,4,0.6626,148,0.7009,0.3244,1
PlantDoc,Pla_000158,5,5,0.8652,123,0.8531,0.1484,1
PlantDoc,Pla_000159,6,6,0.7632,106,0.7496,0.1884,1
PlantDoc,Pla_000160,7,7,0.8751,59,1.0,0.0,1
PlantDoc,Pla_000161,8,8,0.8446,34,0.8604,0.1099,1
PlantDoc,Pla_000162,9,9,0.7625,29,0.8272,0.1973,1
PlantDoc,Pla_000163,10,10,0.793,19,0.8927,0.0414,1
PlantDoc,Pla_000164,11,2,0.4458,141,0.4512,0.4648,0
PlantDoc,Pla_000165,12,12,0.74,67,0.666,0.3031,1
PlantDoc,Pla_000166,13,13,0.9493,45,0.9302,0.0,1
PlantDoc,Pla_000167,14,14,0.8553,77,0.9434,0.0821,1
PlantDoc,Pla_000168,15,15,0.9312,70,0.9317,0.1366,1
PlantDoc,Pla_000169,16,16,0.862,76,0.8775,0.0327,1
PlantDoc,Pla_000170,0,0,0.8779,77,0.9335,0.0597,1
PlantDoc,Pla_000171,1,7,0.184,26,0.2142,0.8454,0
PlantDoc,Pla_000172,2,0,0.3797,83,0.4176,0.6209,0
PlantDoc,Pla_000173,3,3,0.799,46,0.7552,0.2129,1
PlantDoc,Pla_000174,4,4,0.8682,44,0.9295,0.0968,1
PlantDoc,Pla_000175,5,8,0.2471,95,0.3018,0.7061,0
PlantDoc,Pla_000176,6,6,0.7048,58,0.6342,0.3593,1
PlantDoc,Pla_000177,7,7,0.9437,15,1.0,0.0,1
PlantDoc,Pla_000178,8,8,0.6693,79,0.5946,0.399,1
PlantDoc,Pla_000179,9,9,0.8752,28,0.9429,0.0846,1
PlantDoc,Pla_000180,10,10,0.7883,56,0.7916,0.2391,1
PlantDoc,Pla_000181,11,11,0.7223,3,0.8182,0.1664,1
PlantDoc,Pla_000182,12,12,0.9139,13,0.9137,0.1167,1
PlantDoc,Pla_000183,13,13,0.835,98,0.7092,0.2266,1
PlantDoc,Pla_000184,14,13,0.4231,147,0.4615,0.6279,0
PlantDoc,Pla_000185,15,15,0.9006,108,0.9579,0.0264,1
PlantDoc,Pla_000186,16,13,0.5875,5,0.6467,0.4003,0
PlantDoc,Pla_000187,0,0,0.697,95,0.7344,0.3124,1
PlantDoc,Pla_000188,1,5,0.6806,96,0.6214,0.3008,0
PlantDoc,Pla_000189,2,1,0.4338,25,0.361,0.5846,0
PlantDoc,Pla_000190,3,3,0.7291,135,0.652,0.3061,1
PlantDoc,Pla_000191,4,4,0.6181,118,0.6722,0.3883,1
PlantDoc,Pla_000192,5,5,0.7967,58,0.7833,0.1117,1
PlantDoc,Pla_000193,6,6,0.6466,10,0.6764,0.3926,1
PlantDoc,Pla_000194,7,7,0.7461,102,0.7891,0.1473,1
PlantDoc,Pla_000195,8,8,0.5823,45,0.6063,0.4431,1
PlantDoc,Pla_000196,9,9,0.5203,68,0.4608,0.5609,1
PlantDoc,Pla_000197,10,10,0.7993,140,0.7809,0.2223,1
PlantDoc,Pla_000198,11,11,0.8515,5,0.7596,0.2636,1
PlantDoc,Pla_000199,12,12,0.7154,77,0.7638,0.2637,1
PlantDoc,Pla_000200,13,13,0.7059,142,0.5804,0.3348,1
PlantDoc,Pla_000201,14,14,0.8149,126,0.8367,0.279,1
PlantDoc,Pla_000202,15,15,0.9763,94,1.0,0.0431,1
PlantDoc,Pla_000203,16,16,0.8269,5,0.7582,0.298,1
PlantDoc,Pla_000204,0,0,0.6266,120,0.517,0.4605,1
PlantDoc,Pla_000205,1,1,0.7553,21,0.7649,0.2822,1
PlantDoc,Pla_000206,2,2,0.7416,141,0.6161,0.341,1
PlantDoc,Pla_000207,3,3,0.7045,75,0.7341,0.2892,1
PlantDoc,Pla_000208,4,4,0.9162,81,0.9757,0.0414,1
PlantDoc,Pla_000209,5,5,0.9519,0,0.9552,0.1036,1
PlantDoc,Pla_000210,6,6,0.7911,27,0.8991,0.1691,1
PlantDoc,Pla_000211,7,2,0.3433,119,0.317,0.6827,0
PlantDoc,Pla_000212,8,8,0.7847,40,0.7564,0.1902,1
PlantDoc,Pla_000213,9,9,0.9513,110,1.0,0.0,1
PlantDoc,Pla_000214,10,10,0.7791,73,0.6864,0.3163,1
PlantDoc,Pla_000215,11,11,0.8485,57,0.7319,0.2189,1
PlantDoc,Pla_000216,12,12,0.7592,25,0.7725,0.182,1
PlantDoc,Pla_000217,13,4,0.1429,50,0.1809,0.8629,0
PlantDoc,Pla_000218,14,14,0.9301,72,0.7575,0.2024,1
PlantDoc,Pla_000219,15,15,0.8681,39,1.0,0.0,1
PlantDoc,Pla_000220,16,6,0.3509,74,0.4654,0.6023,0
PlantDoc,Pla_000221,0,0,0.8769,2,0.7436,0.1813,1
PlantDoc,Pla_000222,1,1,0.7965,11,0.9631,0.0293,1
PlantDoc,Pla_000223,2,2,0.7077,16,0.6926,0.3125,1
PlantDoc,Pla_000224,3,3,0.7677,33,0.7625,0.2711,1
PlantDoc,Pla_000225,4,8,0.5493,25,0.4905,0.4465,0
PlantDoc,Pla_000226,5,5,0.4889,116,0.4953,0.4754,1
PlantDoc,Pla_000227,6,13,0.5301,131,0.4953,0.4035,0
PlantDoc,Pla_000228,7,7,0.7914,49,0.8507,0.1063,1
PlantDoc,Pla_000229,8,8,0.7674,69,0.7101,0.3033,1
PlantDoc,Pla_000230,9,1,0.3987,38,0.3632,0.6647,0
PlantDoc,Pla_000231,10,4,0.3622,0,0.1185,0.8781,0
PlantDoc,Pla_000232,11,11,0.7334,93,0.7956,0.2136,1
PlantDoc,Pla_000233,12,12,0.7417,131,0.7231,0.3094,1
PlantDoc,Pla_000234,13,13,0.8866,29,0.8971,0.1366,1
PlantDoc,Pla_000235,14,14,0.6768,86,0.6985,0.3344,1
PlantDoc,Pla_000236,15,15,0.5974,71,0.6019,0.3287,1
PlantDoc,Pla_000237,16,16,0.7723,42,0.7683,0.1838,1
PlantDoc,Pla_000238,0,0,0.8209,42,0.7679,0.1605,1
PlantDoc,Pla_000239,1,15,0.1688,77,0.3096,0.6575,0
PlantDoc,Pla_000240,2,2,0.9353,140,0.9271,0.0621,1
PlantDoc,Pla_000241,3,3,0.8234,77,0.8015,0.2644,1
PlantDoc,Pla_000242,4,4,0.8856,127,1.0,0.0,1
PlantDoc,Pla_000243,5,5,0.5094,33,0.616,0.4193,1
PlantDoc,Pla_000244,6,6,0.8665,22,0.8505,0.1893,1
PlantDoc,Pla_000245,7,7,0.8089,94,0.7769,0.2701,1
PlantDoc,Pla_000246,8,8,0.8493,112,0.8758,0.1931,1
PlantDoc,Pla_000247,9,9,0.8752,109,0.9334,0.1041,1
PlantDoc,Pla_000248,10,10,0.8378,30,0.9602,0.0,1
PlantDoc,Pla_000249,11,8,0.4944,13,0.4747,0.5841,0
PlantDoc,Pla_000250,12,12,0.8624,139,0.9549,0.119,1
PlantDoc,Pla_000251,13,9,0.2664,138,0.2173,0.7139,0
PlantDoc,Pla_000252,14,14,0.9022,94,1.0,0.0674,1
PlantDoc,Pla_000253,15,15,0.7039,143,0.7302,0.3667,1
PlantDoc,Pla_000254,16,16,0.6848,120,0.8161,0.1692,1
PlantDoc,Pla_000255,0,0,0.8563,100,0.8883,0.0753,1
PlantDoc,Pla_000256,1,1,0.8057,6,0.7954,0.2281,1
PlantDoc,Pla_000257,2,2,0.9282,99,1.0,0.0308,1
PlantDoc,Pla_000258,3,3,0.9877,40,1.0,0.0088,1
PlantDoc,Pla_000259,4,4,0.9015,123,0.8684,0.1428,1
PlantDoc,Pla_000260,5,5,0.8968,35,0.9348,0.0,1
PlantDoc,Pla_000261,6,6,0.9684,93,1.0,0.0675,1
PlantDoc,Pla_000262,7,7,0.7488,82,0.7083,0.1962,1
PlantDoc,Pla_000263,8,8,0.8376,74,0.8888,0.1703,1
PlantDoc,Pla_000264,9,9,0.5447,135,0.4992,0.5373,1
PlantDoc,Pla_000265,10,10,0.7817,116,0.7735,0.1612,1
PlantDoc,Pla_000266,11,11,0.8544,99,0.9254,0.1766,1
PlantDoc,Pla_000267,12,12,0.5482,61,0.6025,0.4067,1
PlantDoc,Pla_000268,13,13,0.6622,132,0.6464,0.2502,1
PlantDoc,Pla_000269,14,14,0.7271,94,0.8002,0.1789,1
PlantDoc,Pla_000270,15,15,0.959,23,0.8006,0.1568,1
PlantDoc,Pla_000271,16,16,0.865,30,0.7215,0.2877,1
PlantDoc,Pla_000272,0,5,0.5887,17,0.6485,0.3425,0
PlantDoc,Pla_000273,1,1,0.8663,60,0.7738,0.2742,1
PlantDoc,Pla_000274,2,2,0.9482,144,0.8556,0.0932,1
PlantDoc,Pla_000275,3,3,0.9771,77,0.8853,0.1613,1
PlantDoc,Pla_000276,4,1,0.2591,104,0.358,0.7616,0
PlantDoc,Pla_000277,5,5,0.7801,69,0.881,0.1549,1
PlantDoc,Pla_000278,6,6,0.941,52,0.8569,0.0808,1
PlantDoc,Pla_000279,7,7,0.5308,133,0.4491,0.5161,1
PlantDoc,Pla_000280,8,4,0.3779,70,0.3675,0.6525,0
PlantDoc,Pla_000281,9,9,0.6439,99,0.7817,0.2198,1
PlantDoc,Pla_000282,10,10,0.732,68,0.7625,0.2806,1
PlantDoc,Pla_000283,11,2,0.3965,10,0.3907,0.5882,0
PlantDoc,Pla_000284,12,12,0.7582,104,0.8856,0.0872,1
PlantDoc,Pla_000285,13,13,0.6429,15,0.6423,0.2918,1
PlantDoc,Pla_000286,14,14,0.7416,46,0.7408,0.2736,1
PlantDoc,Pla_000287,15,15,0.8625,77,0.7779,0.1926,1
PlantDoc,Pla_000288,16,13,0.6656,20,0.6737,0.2849,0
PlantDoc,Pla_000289,0,0,0.8057,12,0.7354,0.2424,1
PlantDoc,Pla_000290,1,1,0.8109,38,0.8798,0.1505,1
PlantDoc,Pla_000291,2,2,0.7988,84,0.8462,0.0671,1
PlantDoc,Pla_000292,3,3,0.817,99,0.82,0.1593,1
PlantDoc,Pla_000293,4,4,0.7774,26,0.7205,0.2725,1
PlantDoc,Pla_000294,5,1,0.6573,142,0.5852,0.3998,0
PlantDoc,Pla_000295,6,6,0.8742,126,0.8083,0.2178,1
PlantDoc,Pla_000296,7,7,0.7561,59,0.8292,0.2689,1
PlantDoc,Pla_000297,8,8,0.7413,19,0.7843,0.2495,1
PlantDoc,Pla_000298,9,9,0.924,66,0.8686,0.1028,1
PlantDoc,Pla_000299,10,10,0.8399,102,0.9065,0.0859,1
PlantDoc,Pla_000300,11,7,0.3832,48,0.3273,0.7171,0
PlantDoc,Pla_000301,12,12,0.7171,1,0.649,0.3337,1
PlantDoc,Pla_000302,13,13,0.9824,27,1.0,0.0,1
PlantDoc,Pla_000303,14,14,0.6305,101,0.6086,0.3823,1
PlantDoc,Pla_000304,15,15,0.9218,60,1.0,0.0341,1
PlantDoc,Pla_000305,16,16,0.7934,125,0.9211,0.1129,1
PlantDoc,Pla_000306,0,16,0.1264,52,0.0861,0.9142,0
PlantDoc,Pla_000307,1,13,0.3584,102,0.388,0.6725,0
PlantDoc,Pla_000308,2,2,0.8575,3,0.8611,0.1235,1
PlantDoc,Pla_000309,3,3,0.9109,141,0.8746,0.1052,1
PlantDoc,Pla_000310,4,4,0.9306,137,0.9127,0.1406,1
PlantDoc,Pla_000311,5,5,0.7892,60,0.8028,0.255,1
PlantDoc,Pla_000312,6,6,0.9202,40,1.0,0.0021,1
PlantDoc,Pla_000313,7,7,0.9057,123,0.6338,0.4419,1
PlantDoc,Pla_000314,8,8,0.6544,132,0.604,0.3182,1
PlantDoc,Pla_000315,9,9,0.816,23,0.8223,0.1703,1
PlantDoc,Pla_000316,10,10,0.8656,101,0.8744,0.1098,1
PlantDoc,Pla_000317,11,11,0.9548,119,1.0,0.0379,1
PlantDoc,Pla_000318,12,12,0.919,54,0.8213,0.2479,1
PlantDoc,Pla_000319,13,13,0.6929,96,0.4822,0.4673,1
PlantDoc,Pla_000320,14,2,0.5331,17,0.5535,0.4354,0
PlantDoc,Pla_000321,15,15,0.9312,15,0.844,0.1661,1
PlantDoc,Pla_000322,16,16,0.5265,29,0.59,0.4068,1
PlantDoc,Pla_000323,0,0,0.7274,12,0.6852,0.3941,1
PlantDoc,Pla_000324,1,1,0.9153,105,0.9756,0.0,1
PlantDoc,Pla_000325,2,5,0.2045,134,0.178,0.785,0
PlantDoc,Pla_000326,3,9,0.2764,103,0.3136,0.7105,0
PlantDoc,Pla_000327,4,4,0.8687,110,0.7908,0.3031,1
PlantDoc,Pla_000328,5,5,0.9415,21,1.0,0.0378,1
PlantDoc,Pla_000329,6,10,0.2629,34,0.2953,0.7304,0
PlantDoc,Pla_000330,7,7,0.833,34,0.8416,0.1748,1
PlantDoc,Pla_000331,8,8,0.9254,4,0.9576,0.0114,1
PlantDoc,Pla_000332,9,9,0.5311,29,0.4779,0.48,1
PlantDoc,Pla_000333,10,10,0.7573,60,0.7567,0.3015,1
PlantDoc,Pla_000334,11,11,0.6591,122,0.7441,0.194,1
PlantDoc,Pla_000335,12,12,0.8834,91,0.8924,0.1814,1
PlantDoc,Pla_000336,13,13,0.7436,69,0.6981,0.2783,1
PlantDoc,Pla_000337,14,14,0.8657,140,0.883,0.1155,1
PlantDoc,Pla_000338,15,15,0.9069,30,0.8901,0.166,1
PlantDoc,Pla_000339,16,5,0.1365,35,0.097,0.9196,0
PlantDoc,Pla_000340,0,0,0.8472,88,0.7911,0.1371,1
PlantDoc,Pla_000341,1,11,0.5845,80,0.4845,0.4676,0
PlantDoc,Pla_000342,2,2,0.7647,105,0.6651,0.3704,1
PlantDoc,Pla_000343,3,3,0.8707,4,0.9779,0.0479,1
PlantDoc,Pla_000344,4,4,0.834,105,0.7534,0.2907,1
PlantDoc,Pla_000345,5,5,0.7393,81,0.7644,0.1655,1
PlantDoc,Pla_000346,6,6,0.863,36,0.9116,0.0557,1
PlantDoc,Pla_000347,7,7,0.6453,82,0.6338,0.3609,1
PlantDoc,Pla_000348,8,1,0.4001,82,0.5101,0.4915,0
PlantDoc,Pla_000349,9,9,0.8,62,0.6193,0.4003,1
PlantDoc,Pla_000350,10,10,0.7831,135,0.9017,0.17,1
PlantDoc,Pla_000351,11,11,0.8758,27,0.8081,0.1334,1
PlantDoc,Pla_000352,12,12,0.5573,97,0.5645,0.4287,1
PlantDoc,Pla_000353,13,9,0.2332,141,0.1672,0.825,0
PlantDoc,Pla_000354,14,14,0.8768,80,0.9668,0.0404,1
PlantDoc,Pla_000355,15,15,0.8563,9,0.8912,0.102,1
PlantDoc,Pla_000356,16,16,0.8536,96,0.9319,0.0399,1
PlantDoc,Pla_000357,0,13,0.3022,83,0.1759,0.7817,0
PlantDoc,Pla_000358,1,1,0.9101,133,0.8668,0.107,1
PlantDoc,Pla_000359,2,2,0.812,48,0.9393,0.0,1
PlantDoc,Pla_000360,3,3,0.8316,22,0.7431,0.2753,1
PlantDoc,Pla_000361,4,4,0.646,104,0.6314,0.3661,1
PlantDoc,Pla_000362,5,5,0.7592,22,0.8869,0.11,1
PlantDoc,Pla_000363,6,6,0.7311,33,0.5719,0.4385,1
PlantDoc,Pla_000364,7,7,0.9219,38,0.7808,0.1885,1
PlantDoc,Pla_000365,8,8,0.5574,66,0.5929,0.4621,1
PlantDoc,Pla_000366,9,9,0.6529,139,0.6461,0.3403,1
PlantDoc,Pla_000367,10,10,0.7838,25,0.8867,0.0876,1
PlantDoc,Pla_000368,11,11,0.9488,124,0.9391,0.0638,1
PlantDoc,Pla_000369,12,12,0.7908,27,0.9045,0.0332,1
PlantDoc,Pla_000370,13,13,0.766,69,0.6827,0.2764,1
PlantDoc,Pla_000371,14,14,0.8762,140,0.9007,0.1397,1
PlantDoc,Pla_000372,15,15,0.8323,5,0.9111,0.0239,1
PlantDoc,Pla_000373,16,16,0.9694,38,1.0,0.0578,1
PlantDoc,Pla_000374,0,7,0.2705,102,0.2373,0.742,0
PlantDoc,Pla_000375,1,1,0.8897,146,0.91,0.0437,1
PlantDoc,Pla_000376,2,2,0.6584,1,0.7217,0.2871,1
PlantDoc,Pla_000377,3,3,0.7568,81,0.6573,0.3285,1
PlantDoc,Pla_000378,4,4,0.6427,83,0.6526,0.3572,1
PlantDoc,Pla_000379,5,9,0.3798,20,0.3769,0.6764,0
PlantDoc,Pla_000380,6,6,0.9416,27,0.9337,0.1115,1
PlantDoc,Pla_000381,7,7,0.6658,134,0.6668,0.2855,1
PlantDoc,Pla_000382,8,1,0.2139,1,0.0141,0.9899,0
PlantDoc,Pla_000383,9,9,0.9467,105,0.8134,0.1661,1
PlantDoc,Pla_000384,10,10,0.9543,37,1.0,0.0,1
PlantDoc,Pla_000385,11,11,0.8386,13,0.9401,0.0,1
PlantDoc,Pla_000386,12,12,0.8003,60,0.74,0.2554,1
PlantDoc,Pla_000387,13,13,0.8071,15,0.7576,0.2912,1
PlantDoc,Pla_000388,14,14,0.7213,77,0.6899,0.3185,1
PlantDoc,Pla_000389,15,15,0.8473,144,0.8046,0.1185,1
CUB-200-2011,CUB_000000,0,0,0.8317,25,0.7991,0.185,1
CUB-200-2011,CUB_000001,1,1,0.9529,76,1.0,0.0,1
CUB-200-2011,CUB_000002,2,2,0.9106,50,1.0,0.0296,1
CUB-200-2011,CUB_000003,3,3,0.7807,81,0.8727,0.267,1
CUB-200-2011,CUB_000004,4,4,0.9521,124,1.0,0.0442,1
CUB-200-2011,CUB_000005,5,23,0.1654,107,0.0797,0.9229,0
CUB-200-2011,CUB_000006,6,6,0.9449,111,0.946,0.0476,1
CUB-200-2011,CUB_000007,7,3,0.3008,17,0.1319,0.9536,0
CUB-200-2011,CUB_000008,8,8,0.6907,105,0.74,0.3347,1
CUB-200-2011,CUB_000009,9,9,0.6907,82,0.7298,0.3249,1
CUB-200-2011,CUB_000010,10,10,0.7621,97,0.9005,0.1505,1
CUB-200-2011,CUB_000011,11,11,0.6678,141,0.6084,0.4984,1
CUB-200-2011,CUB_000012,12,12,0.7141,36,0.7636,0.2143,1
CUB-200-2011,CUB_000013,13,13,0.8401,5,0.9044,0.1422,1
CUB-200-2011,CUB_000014,14,14,0.9823,144,0.9767,0.0,1
CUB-200-2011,CUB_000015,15,15,0.793,48,0.6148,0.3166,1
CUB-200-2011,CUB_000016,16,16,0.6627,144,0.88,0.1917,1
CUB-200-2011,CUB_000017,17,17,0.8581,76,0.8427,0.1728,1
CUB-200-2011,CUB_000018,18,18,0.8461,130,0.8959,0.0949,1
CUB-200-2011,CUB_000019,19,19,0.8869,3,0.9124,0.108,1
CUB-200-2011,CUB_000020,20,20,0.6142,48,0.6745,0.3799,1
CUB-200-2011,CUB_000021,21,18,0.5537,57,0.5778,0.5194,0
CUB-200-2011,CUB_000022,22,22,0.8686,124,0.8954,0.0815,1
CUB-200-2011,CUB_000023,23,23,0.8841,27,0.7652,0.194,1
CUB-200-2011,CUB_000024,24,24,0.4681,134,0.6334,0.296,1
CUB-200-2011,CUB_000025,25,25,0.7226,78,0.6575,0.3513,1
CUB-200-2011,CUB_000026,26,26,0.8866,58,0.7832,0.1991,1
CUB-200-2011,CUB_000027,27,27,0.8804,74,0.9152,0.0792,1
CUB-200-2011,CUB_000028,28,28,0.6931,102,0.6041,0.3872,1
CUB-200-2011,CUB_000029,29,29,0.7846,24,0.7254,0.3371,1
CUB-200-2011,CUB_000030,30,30,0.7887,146,0.6979,0.3312,1
CUB-200-2011,CUB_000031,31,45,0.5328,83,0.5733,0.4591,0
CUB-200-2011,CUB_000032,32,32,0.9292,132,0.8452,0.1402,1
CUB-200-2011,CUB_000033,33,33,0.8992,73,0.8784,0.0725,1
CUB-200-2011,CUB_000034,34,34,0.6185,83,0.8297,0.2585,1
CUB-200-2011,CUB_000035,35,35,0.3763,93,0.4279,0.5648,1
CUB-200-2011,CUB_000036,36,36,0.8705,72,0.9078,0.0617,1
CUB-200-2011,CUB_000037,37,37,0.8582,35,0.7928,0.2452,1
CUB-200-2011,CUB_000038,38,38,0.6809,102,0.6213,0.3749,1
CUB-200-2011,CUB_000039,39,39,0.7745,68,0.6918,0.3476,1
CUB-200-2011,CUB_000040,40,40,0.8748,85,0.7361,0.1682,1
CUB-200-2011,CUB_000041,41,41,0.681,113,0.6755,0.3353,1
CUB-200-2011,CUB_000042,42,42,0.8161,3,0.6994,0.358,1
CUB-200-2011,CUB_000043,43,43,0.8111,56,0.8895,0.115,1
CUB-200-2011,CUB_000044,44,44,0.5709,54,0.6625,0.3303,1
CUB-200-2011,CUB_000045,45,45,0.7347,121,0.8984,0.1016,1
CUB-200-2011,CUB_000046,46,46,0.8504,142,0.9004,0.1027,1
CUB-200-2011,CUB_000047,47,47,0.9794,35,1.0,0.0305,1
CUB-200-2011,CUB_000048,48,48,0.6438,64,0.5979,0.429,1
CUB-200-2011,CUB_000049,49,49,0.8341,142,0.8015,0.354,1
CUB-200-2011,CUB_000050,0,0,0.7037,14,0.7328,0.2076,1
CUB-200-2011,CUB_000051,1,25,0.0962,7,0.1397,0.8513,0
CUB-200-2011,CUB_000052,2,15,0.0927,102,0.0875,0.8939,0
CUB-200-2011,CUB_000053,3,3,0.9754,92,0.8946,0.1102,1
CUB-200-2011,CUB_000054,4,6,0.303,65,0.2507,0.8059,0
CUB-200-2011,CUB_000055,5,5,0.8327,145,0.8966,0.0875,1
CUB-200-2011,CUB_000056,6,6,0.7483,127,0.8097,0.1828,1
CUB-200-2011,CUB_000057,7,7,0.8168,72,0.773,0.2217,1
CUB-200-2011,CUB_000058,8,8,0.9072,77,0.8542,0.1967,1
CUB-200-2011,CUB_000059,9,9,0.7917,119,0.8283,0.1723,1
CUB-200-2011,CUB_000060,10,10,0.9299,32,0.9452,0.0887,1
CUB-200-2011,CUB_000061,11,11,0.8066,117,0.7149,0.2782,1
CUB-200-2011,CUB_000062,12,12,0.8865,9,0.8539,0.1219,1
CUB-200-2011,CUB_000063,13,13,0.8358,116,0.8606,0.101,1
CUB-200-2011,CUB_000064,14,14,0.9631,6,1.0,0.0,1
CUB-200-2011,CUB_000065,15,15,0.9332,117,0.9551,0.0247,1
CUB-200-2011,CUB_000066,16,16,0.7457,130,0.9138,0.067,1
CUB-200-2011,CUB_000067,17,17,0.8879,19,0.9668,0.0662,1
CUB-200-2011,CUB_000068,18,18,0.8091,94,0.9174,0.0,1
CUB-200-2011,CUB_000069,19,19,0.9539,87,1.0,0.0318,1
CUB-200-2011,CUB_000070,20,20,0.6756,21,0.6567,0.3986,1
CUB-200-2011,CUB_000071,21,21,0.8747,53,0.8822,0.1449,1
CUB-200-2011,CUB_000072,22,22,0.455,95,0.4262,0.5108,1
CUB-200-2011,CUB_000073,23,0,0.2886,83,0.307,0.8018,0
CUB-200-2011,CUB_000074,24,24,0.9094,108,0.9133,0.1026,1
CUB-200-2011,CUB_000075,25,25,0.7457,19,0.7526,0.2997,1
CUB-200-2011,CUB_000076,26,26,0.7262,36,0.7267,0.2082,1
CUB-200-2011,CUB_000077,27,27,0.6962,86,0.6971,0.3286,1
CUB-200-2011,CUB_000078,28,28,0.8332,71,0.8784,0.1485,1
CUB-200-2011,CUB_000079,29,29,0.9047,112,0.8792,0.0232,1
CUB-200-2011,CUB_000080,30,30,0.372,49,0.3384,0.6591,1
CUB-200-2011,CUB_000081,31,31,0.4888,94,0.5067,0.478,1
CUB-200-2011,CUB_000082,32,32,0.8487,97,0.9403,0.0355,1
CUB-200-2011,CUB_000083,33,33,0.7155,93,0.8378,0.1467,1
CUB-200-2011,CUB_000084,34,34,0.9574,135,1.0,0.0,1
CUB-200-2011,CUB_000085,35,35,0.8588,96,0.8183,0.1469,1
CUB-200-2011,CUB_000086,36,36,0.8598,148,0.8958,0.0872,1
CUB-200-2011,CUB_000087,37,37,0.7918,130,0.9182,0.034,1
CUB-200-2011,CUB_000088,38,38,0.743,120,0.7708,0.1773,1
CUB-200-2011,CUB_000089,39,39,0.8072,39,0.8456,0.1366,1
CUB-200-2011,CUB_000090,40,40,0.873,11,0.9223,0.1259,1
CUB-200-2011,CUB_000091,41,41,0.6257,138,0.3303,0.6358,1
CUB-200-2011,CUB_000092,42,42,0.8434,93,0.8021,0.1942,1
CUB-200-2011,CUB_000093,43,43,0.3883,50,0.3407,0.7231,1
CUB-200-2011,CUB_000094,44,44,0.6301,4,0.6314,0.3085,1
CUB-200-2011,CUB_000095,45,45,0.8042,141,0.7529,0.2279,1
CUB-200-2011,CUB_000096,46,46,0.7934,59,0.8599,0.1937,1
CUB-200-2011,CUB_000097,47,47,0.8678,149,0.8566,0.1829,1
CUB-200-2011,CUB_000098,48,48,0.9337,88,1.0,0.0972,1
CUB-200-2011,CUB_000099,49,49,0.8726,75,0.9062,0.0988,1
CUB-200-2011,CUB_000100,0,0,0.8732,103,0.7211,0.2404,1
CUB-200-2011,CUB_000101,1,1,0.8231,79,0.8735,0.0848,1
CUB-200-2011,CUB_000102,2,2,0.8825,78,0.9937,0.0595,1
CUB-200-2011,CUB_000103,3,3,0.8208,36,0.889,0.099,1
CUB-200-2011,CUB_000104,4,4,0.671,100,0.755,0.2239,1
CUB-200-2011,CUB_000105,5,5,0.7941,2,0.7757,0.1906,1
CUB-200-2011,CUB_000106,6,6,0.7214,119,0.8519,0.1627,1
CUB-200-2011,CUB_000107,7,7,0.8573,116,0.9491,0.0906,1
CUB-200-2011,CUB_000108,8,8,0.7136,13,0.6713,0.3047,1
CUB-200-2011,CUB_000109,9,9,0.6562,106,0.7075,0.2648,1
CUB-200-2011,CUB_000110,10,10,0.8402,140,0.868,0.0879,1
CUB-200-2011,CUB_000111,11,11,0.5628,98,0.4441,0.5128,1
CUB-200-2011,CUB_000112,12,12,0.8075,21,0.7907,0.2195,1
CUB-200-2011,CUB_000113,13,13,0.8571,31,0.8811,0.1424,1
CUB-200-2011,CUB_000114,14,44,0.3483,44,0.3913,0.6956,0
CUB-200-2011,CUB_000115,15,15,0.9217,64,1.0,0.194,1
CUB-200-2011,CUB_000116,16,27,0.2208,105,0.3294,0.6946,0
CUB-200-2011,CUB_000117,17,17,0.8857,61,0.6765,0.3107,1
CUB-200-2011,CUB_000118,18,18,0.8686,132,0.8596,0.1505,1
CUB-200-2011,CUB_000119,19,19,0.7486,60,0.7376,0.1826,1
CUB-200-2011,CUB_000120,20,20,0.6919,126,0.7146,0.3039,1
CUB-200-2011,CUB_000121,21,21,0.5659,80,0.531,0.5922,1
CUB-200-2011,CUB_000122,22,22,0.9127,34,0.8636,0.097,1
CUB-200-2011,CUB_000123,23,23,0.5531,7,0.4492,0.6191,1
CUB-200-2011,CUB_000124,24,24,0.6493,82,0.71,0.1782,1
CUB-200-2011,CUB_000125,25,25,0.7345,29,0.7884,0.2181,1
CUB-200-2011,CUB_000126,26,26,0.7763,148,0.7846,0.1823,1
CUB-200-2011,CUB_000127,27,27,0.7277,149,0.8283,0.0745,1
CUB-200-2011,CUB_000128,28,28,0.8131,138,0.7993,0.2087,1
CUB-200-2011,CUB_000129,29,29,0.6685,20,0.5735,0.3996,1
CUB-200-2011,CUB_000130,30,30,0.9702,108,0.8257,0.1546,1
CUB-200-2011,CUB_000131,31,31,0.9583,105,0.9643,0.0,1
CUB-200-2011,CUB_000132,32,32,0.8492,116,0.8703,0.142,1
CUB-200-2011,CUB_000133,33,33,0.9175,145,0.7809,0.1828,1
CUB-200-2011,CUB_000134,34,34,0.8914,72,0.7425,0.3228,1
CUB-200-2011,CUB_000135,35,35,0.6533,11,0.6833,0.2924,1
CUB-200-2011,CUB_000136,36,36,0.8591,31,0.9523,0.0,1
CUB-200-2011,CUB_000137,37,37,0.8489,133,0.7983,0.0911,1
CUB-200-2011,CUB_000138,38,38,0.6866,123,0.639,0.3962,1
CUB-200-2011,CUB_000139,39,39,0.645,31,0.5965,0.4387,1
CUB-200-2011,CUB_000140,40,40,0.7626,136,0.7219,0.2659,1
CUB-200-2011,CUB_000141,41,41,0.9346,38,1.0,0.0203,1
CUB-200-2011,CUB_000142,42,42,0.8035,86,0.8192,0.2235,1
CUB-200-2011,CUB_000143,43,43,0.8309,11,0.94,0.0455,1
CUB-200-2011,CUB_000144,44,44,0.8762,13,0.9884,0.0,1
CUB-200-2011,CUB_000145,45,45,0.78,47,0.7482,0.2989,1
CUB-200-2011,CUB_000146,46,46,0.8194,135,0.5876,0.3557,1
CUB-200-2011,CUB_000147,47,47,0.8536,4,0.9099,0.1237,1
CUB-200-2011,CUB_000148,48,48,0.5481,103,0.6145,0.4081,1
CUB-200-2011,CUB_000149,49,49,0.7887,51,0.7848,0.2841,1
CUB-200-2011,CUB_000150,0,0,0.6363,141,0.6903,0.2528,1
CUB-200-2011,CUB_000151,1,1,0.6278,147,0.689,0.2726,1
CUB-200-2011,CUB_000152,2,2,0.7891,74,0.9992,0.0,1
CUB-200-2011,CUB_000153,3,3,0.7351,143,0.7052,0.3116,1
CUB-200-2011,CUB_000154,4,4,0.7678,83,0.7085,0.4043,1
CUB-200-2011,CUB_000155,5,5,0.7021,6,0.7051,0.2927,1
CUB-200-2011,CUB_000156,6,6,0.875,146,0.7961,0.2269,1
CUB-200-2011,CUB_000157,7,7,0.7349,1,0.6806,0.3451,1
CUB-200-2011,CUB_000158,8,8,0.5756,143,0.6027,0.3927,1
CUB-200-2011,CUB_000159,9,9,0.9147,24,0.9525,0.0859,1
CUB-200-2011,CUB_000160,10,10,0.6353,105,0.4907,0.5052,1
CUB-200-2011,CUB_000161,11,11,0.447,123,0.4078,0.5647,1
CUB-200-2011,CUB_000162,12,12,0.6085,60,0.6636,0.4051,1
CUB-200-2011,CUB_000163,13,13,0.745,130,0.6378,0.4191,1
CUB-200-2011,CUB_000164,14,14,0.8087,86,0.8329,0.142,1
CUB-200-2011,CUB_000165,15,15,0.9528,86,1.0,0.0,1
CUB-200-2011,CUB_000166,16,16,0.6204,81,0.6579,0.3049,1
CUB-200-2011,CUB_000167,17,23,0.3965,22,0.3289,0.672,0
CUB-200-2011,CUB_000168,18,8,0.1152,100,0.271,0.7651,0
CUB-200-2011,CUB_000169,19,19,0.984,75,0.9426,0.124,1
CUB-200-2011,CUB_000170,20,20,0.9384,5,0.9563,0.1025,1
CUB-200-2011,CUB_000171,21,21,0.8939,98,0.9277,0.1179,1
CUB-200-2011,CUB_000172,22,22,0.6239,77,0.5431,0.4663,1
CUB-200-2011,CUB_000173,23,23,0.8696,66,1.0,0.0075,1
CUB-200-2011,CUB_000174,24,24,0.5713,139,0.6164,0.2667,1
CUB-200-2011,CUB_000175,25,25,0.8262,6,0.9172,0.0488,1
CUB-200-2011,CUB_000176,26,26,0.7325,38,0.6933,0.4001,1
CUB-200-2011,CUB_000177,27,43,0.3851,134,0.5313,0.6379,0
CUB-200-2011,CUB_000178,28,28,0.8465,11,0.8963,0.0604,1
CUB-200-2011,CUB_000179,29,29,0.7933,132,0.846,0.1643,1
CUB-200-2011,CUB_000180,30,30,0.6288,115,0.5231,0.5162,1
CUB-200-2011,CUB_000181,31,31,0.8275,124,0.7296,0.2691,1
CUB-200-2011,CUB_000182,32,32,0.7043,18,0.7577,0.2885,1
CUB-200-2011,CUB_000183,33,33,0.8725,133,0.8963,0.0909,1
CUB-200-2011,CUB_000184,34,34,0.6939,31,0.5823,0.4499,1
CUB-200-2011,CUB_000185,35,35,0.7044,61,0.7453,0.2426,1
CUB-200-2011,CUB_000186,36,36,0.6421,2,0.5812,0.4812,1
CUB-200-2011,CUB_000187,37,37,0.8205,127,0.7937,0.2189,1
CUB-200-2011,CUB_000188,38,38,0.8844,56,0.8927,0.18,1
CUB-200-2011,CUB_000189,39,39,0.835,23,0.9176,0.0522,1
CUB-200-2011,CUB_000190,40,40,0.7653,34,0.735,0.2793,1
CUB-200-2011,CUB_000191,41,41,0.8396,115,0.823,0.1638,1
CUB-200-2011,CUB_000192,42,42,0.9635,140,0.9866,0.0,1
CUB-200-2011,CUB_000193,43,43,0.7766,65,0.8395,0.2122,1
CUB-200-2011,CUB_000194,44,44,0.8351,100,0.9053,0.0636,1
CUB-200-2011,CUB_000195,45,45,0.7871,11,0.7059,0.2884,1
CUB-200-2011,CUB_000196,46,46,0.905,33,0.8585,0.209,1
CUB-200-2011,CUB_000197,47,23,0.5685,121,0.5136,0.4969,0
CUB-200-2011,CUB_000198,48,48,0.7596,53,0.7359,0.3458,1
CUB-200-2011,CUB_000199,49,49,0.8386,107,0.8195,0.1657,1
CUB-200-2011,CUB_000200,0,0,0.7068,143,0.8149,0.182,1
CUB-200-2011,CUB_000201,1,1,0.9198,126,0.9125,0.1101,1
CUB-200-2011,CUB_000202,2,2,0.7416,56,0.6382,0.3631,1
CUB-200-2011,CUB_000203,3,3,0.8365,21,0.9395,0.0425,1
CUB-200-2011,CUB_000204,4,4,0.9293,124,0.9873,0.0246,1
CUB-200-2011,CUB_000205,5,5,0.8226,80,0.9371,0.0,1
CUB-200-2011,CUB_000206,6,27,0.5586,97,0.6061,0.3638,0
CUB-200-2011,CUB_000207,7,7,0.739,35,0.7719,0.307,1
CUB-200-2011,CUB_000208,8,8,0.8581,50,0.8861,0.0266,1
CUB-200-2011,CUB_000209,9,30,0.2007,26,0.2148,0.7344,0
CUB-200-2011,CUB_000210,10,10,0.7111,138,0.937,0.0581,1
CUB-200-2011,CUB_000211,11,19,0.503,119,0.461,0.4618,0
CUB-200-2011,CUB_000212,12,12,0.8834,40,0.9438,0.0,1
CUB-200-2011,CUB_000213,13,13,0.8171,113,0.7866,0.2695,1
CUB-200-2011,CUB_000214,14,14,0.8037,81,0.8606,0.179,1
CUB-200-2011,CUB_000215,15,16,0.4067,58,0.4099,0.6179,0
CUB-200-2011,CUB_000216,16,20,0.4134,76,0.5032,0.5192,0
CUB-200-2011,CUB_000217,17,17,0.8951,54,0.9023,0.1724,1
CUB-200-2011,CUB_000218,18,18,0.682,19,0.787,0.2526,1
CUB-200-2011,CUB_000219,19,19,0.7538,42,0.8756,0.015,1
CUB-200-2011,CUB_000220,20,20,0.7819,107,0.7824,0.0939,1
CUB-200-2011,CUB_000221,21,32,0.2015,136,0.0771,0.8911,0
CUB-200-2011,CUB_000222,22,22,0.9398,33,0.8909,0.1899,1
CUB-200-2011,CUB_000223,23,23,0.9564,21,0.8594,0.1444,1
CUB-200-2011,CUB_000224,24,24,0.6891,109,0.6791,0.3481,1
CUB-200-2011,CUB_000225,25,25,0.8177,14,0.7724,0.2615,1
CUB-200-2011,CUB_000226,26,26,0.8944,81,0.8807,0.1638,1
CUB-200-2011,CUB_000227,27,27,0.8849,42,0.8806,0.1222,1
CUB-200-2011,CUB_000228,28,28,0.7782,40,0.855,0.0426,1
CUB-200-2011,CUB_000229,29,29,0.895,43,0.7599,0.29,1
CUB-200-2011,CUB_000230,30,30,0.873,81,0.8893,0.082,1
CUB-200-2011,CUB_000231,31,31,0.7729,49,0.7343,0.2176,1
CUB-200-2011,CUB_000232,32,6,0.6348,6,0.7218,0.2515,0
CUB-200-2011,CUB_000233,33,33,0.7862,101,0.9387,0.0051,1
CUB-200-2011,CUB_000234,34,34,0.8884,46,0.8673,0.1267,1
CUB-200-2011,CUB_000235,35,35,0.86,66,1.0,0.0501,1
CUB-200-2011,CUB_000236,36,34,0.2704,14,0.2604,0.6792,0
CUB-200-2011,CUB_000237,37,37,0.914,123,0.9566,0.0675,1
CUB-200-2011,CUB_000238,38,38,0.8391,97,0.7887,0.2581,1
CUB-200-2011,CUB_000239,39,39,0.6116,6,0.5824,0.4208,1
CUB-200-2011,CUB_000240,40,40,0.5834,110,0.5432,0.389,1
CUB-200-2011,CUB_000241,41,41,0.9383,19,0.967,0.0304,1
CUB-200-2011,CUB_000242,42,42,0.9529,105,1.0,0.0272,1
CUB-200-2011,CUB_000243,43,43,0.5356,112,0.4544,0.5979,1
CUB-200-2011,CUB_000244,44,44,0.7671,66,0.84,0.0625,1
CUB-200-2011,CUB_000245,45,45,0.8422,69,0.8125,0.0714,1
CUB-200-2011,CUB_000246,46,46,0.7287,147,0.6874,0.3049,1
CUB-200-2011,CUB_000247,47,47,0.6851,16,0.7609,0.2492,1
CUB-200-2011,CUB_000248,48,48,0.8564,35,0.8735,0.1345,1
CUB-200-2011,CUB_000249,49,49,0.6743,8,0.6864,0.4056,1
CUB-200-2011,CUB_000250,0,0,0.679,122,0.7072,0.2546,1
CUB-200-2011,CUB_000251,1,1,0.694,89,0.7023,0.3105,1
CUB-200-2011,CUB_000252,2,2,0.7529,147,0.8924,0.0083,1
CUB-200-2011,CUB_000253,3,3,0.9347,89,1.0,0.0313,1
CUB-200-2011,CUB_000254,4,39,0.2203,10,0.2024,0.829,0
CUB-200-2011,CUB_000255,5,5,0.9065,69,1.0,0.0,1
CUB-200-2011,CUB_000256,6,6,0.7241,82,0.6309,0.353,1
CUB-200-2011,CUB_000257,7,7,0.8674,7,1.0,0.0226,1
CUB-200-2011,CUB_000258,8,8,0.7334,67,0.625,0.4027,1
CUB-200-2011,CUB_000259,9,13,0.4553,80,0.4128,0.6174,0
CUB-200-2011,CUB_000260,10,10,0.8198,66,0.8136,0.1765,1
CUB-200-2011,CUB_000261,11,11,0.8848,14,0.8808,0.181,1
CUB-200-2011,CUB_000262,12,12,0.9049,98,0.9205,0.0,1
CUB-200-2011,CUB_000263,13,13,0.9958,16,0.9703,0.0,1
CUB-200-2011,CUB_000264,14,14,0.7706,39,0.793,0.2604,1
CUB-200-2011,CUB_000265,15,15,0.9205,102,0.9168,0.0,1
CUB-200-2011,CUB_000266,16,16,0.9289,63,1.0,0.1113,1
CUB-200-2011,CUB_000267,17,17,0.8438,44,0.9841,0.0,1
CUB-200-2011,CUB_000268,18,18,0.8842,78,0.8762,0.055,1
CUB-200-2011,CUB_000269,19,19,0.8035,119,0.8323,0.1295,1
CUB-200-2011,CUB_000270,20,20,0.8861,121,0.9705,0.0401,1
CUB-200-2011,CUB_000271,21,21,0.8133,41,0.7951,0.1771,1
CUB-200-2011,CUB_000272,22,22,0.9464,13,0.9558,0.0377,1
CUB-200-2011,CUB_000273,23,23,0.8378,103,0.8698,0.1084,1
CUB-200-2011,CUB_000274,24,24,0.4976,28,0.5331,0.4338,1
CUB-200-2011,CUB_000275,25,25,0.8027,51,0.8166,0.2639,1
CUB-200-2011,CUB_000276,26,26,0.8925,77,0.994,0.0115,1
CUB-200-2011,CUB_000277,27,27,0.6392,1,0.7098,0.2677,1
CUB-200-2011,CUB_000278,28,28,0.8414,146,0.746,0.2343,1
CUB-200-2011,CUB_000279,29,29,0.7539,139,0.7438,0.1963,1
CUB-200-2011,CUB_000280,30,30,0.8035,59,0.8955,0.1283,1
CUB-200-2011,CUB_000281,31,31,0.8968,15,0.9688,0.0779,1
CUB-200-2011,CUB_000282,32,32,0.8218,125,0.6515,0.4212,1
CUB-200-2011,CUB_000283,33,49,0.3316,63,0.3412,0.706,0
CUB-200-2011,CUB_000284,34,17,0.2586,94,0.2416,0.6633,0
CUB-200-2011,CUB_000285,35,35,0.8993,86,0.8929,0.0636,1
CUB-200-2011,CUB_000286,36,36,0.6482,14,0.6413,0.3795,1
CUB-200-2011,CUB_000287,37,37,0.7986,95,0.7952,0.194,1
CUB-200-2011,CUB_000288,38,38,0.865,107,0.863,0.1214,1
CUB-200-2011,CUB_000289,39,39,0.9449,132,0.951,0.0726,1
CUB-200-2011,CUB_000290,40,40,0.9035,59,0.9989,0.0,1
CUB-200-2011,CUB_000291,41,41,0.9747,126,0.9433,0.065,1
CUB-200-2011,CUB_000292,42,42,0.8746,14,0.9055,0.1136,1
CUB-200-2011,CUB_000293,43,43,0.6522,141,0.7677,0.2719,1
CUB-200-2011,CUB_000294,44,44,0.946,66,0.9274,0.0378,1
CUB-200-2011,CUB_000295,45,45,0.7473,85,0.7824,0.1405,1
CUB-200-2011,CUB_000296,46,46,0.9581,70,1.0,0.0,1
CUB-200-2011,CUB_000297,47,47,0.7503,7,0.8997,0.1308,1
CUB-200-2011,CUB_000298,48,3,0.5058,56,0.5476,0.5749,0
CUB-200-2011,CUB_000299,49,49,0.9989,65,0.8554,0.1406,1
CUB-200-2011,CUB_000300,0,0,0.8684,98,0.8658,0.1609,1
CUB-200-2011,CUB_000301,1,1,0.9573,54,0.7738,0.2727,1
CUB-200-2011,CUB_000302,2,2,0.8542,43,0.8408,0.1468,1
CUB-200-2011,CUB_000303,3,3,0.7081,68,0.7389,0.2058,1
CUB-200-2011,CUB_000304,4,4,0.8192,17,0.8553,0.1348,1
CUB-200-2011,CUB_000305,5,5,0.8098,38,0.7443,0.266,1
CUB-200-2011,CUB_000306,6,6,0.8431,69,0.895,0.184,1
CUB-200-2011,CUB_000307,7,7,0.7812,125,0.7299,0.2457,1
CUB-200-2011,CUB_000308,8,35,0.3416,46,0.2664,0.763,0
CUB-200-2011,CUB_000309,9,9,0.7801,31,0.7785,0.254,1
CUB-200-2011,CUB_000310,10,10,0.7206,41,0.7708,0.2368,1
CUB-200-2011,CUB_000311,11,11,0.7427,0,0.7977,0.2295,1
CUB-200-2011,CUB_000312,12,12,0.8681,84,0.7872,0.1788,1
CUB-200-2011,CUB_000313,13,13,0.7494,90,0.8091,0.1762,1
CUB-200-2011,CUB_000314,14,14,0.8592,37,0.9127,0.0291,1
CUB-200-2011,CUB_000315,15,15,0.9362,72,0.9708,0.0308,1
CUB-200-2011,CUB_000316,16,16,0.9492,104,0.8816,0.1159,1
CUB-200-2011,CUB_000317,17,17,0.8535,0,0.7363,0.2714,1
CUB-200-2011,CUB_000318,18,18,0.7465,131,0.6857,0.3293,1
CUB-200-2011,CUB_000319,19,38,0.3018,39,0.1817,0.8034,0
CUB-200-2011,CUB_000320,20,20,0.8061,97,0.8662,0.1232,1
CUB-200-2011,CUB_000321,21,21,0.9083,67,0.9687,0.0177,1
CUB-200-2011,CUB_000322,22,43,0.4636,134,0.3987,0.5405,0
CUB-200-2011,CUB_000323,23,23,0.7071,22,0.635,0.2683,1
CUB-200-2011,CUB_000324,24,24,0.7585,122,0.7622,0.1598,1
CUB-200-2011,CUB_000325,25,25,0.7793,80,0.7585,0.229,1
CUB-200-2011,CUB_000326,26,26,0.7272,104,0.7786,0.199,1
CUB-200-2011,CUB_000327,27,27,0.7979,62,0.9104,0.1509,1
CUB-200-2011,CUB_000328,28,14,0.4927,124,0.412,0.5182,0
CUB-200-2011,CUB_000329,29,29,0.9105,100,0.9757,0.0,1
CUB-200-2011,CUB_000330,30,30,0.8609,58,0.8795,0.2086,1
CUB-200-2011,CUB_000331,31,8,0.1414,124,0.1111,0.779,0
CUB-200-2011,CUB_000332,32,32,0.872,46,0.8185,0.2138,1
CUB-200-2011,CUB_000333,33,33,0.7036,3,0.6853,0.2927,1
CUB-200-2011,CUB_000334,34,34,0.935,22,0.898,0.0732,1
CUB-200-2011,CUB_000335,35,35,0.557,64,0.4946,0.5286,1
CUB-200-2011,CUB_000336,36,36,0.6401,28,0.5215,0.5055,1
CUB-200-2011,CUB_000337,37,37,0.8255,28,0.8235,0.1952,1
CUB-200-2011,CUB_000338,38,38,0.8829,142,1.0,0.1214,1
CUB-200-2011,CUB_000339,39,39,0.7862,9,0.6461,0.3562,1
CUB-200-2011,CUB_000340,40,40,0.5608,15,0.6298,0.3074,1
CUB-200-2011,CUB_000341,41,41,0.8278,64,0.8323,0.1636,1
CUB-200-2011,CUB_000342,42,42,0.7857,52,0.8485,0.0862,1
CUB-200-2011,CUB_000343,43,43,0.9568,99,0.9497,0.0635,1
CUB-200-2011,CUB_000344,44,44,0.9749,43,0.9419,0.1281,1
CUB-200-2011,CUB_000345,45,45,0.5733,60,0.6452,0.3464,1
CUB-200-2011,CUB_000346,46,46,0.6846,47,0.6866,0.4305,1
CUB-200-2011,CUB_000347,47,47,0.8668,86,0.8595,0.079,1
CUB-200-2011,CUB_000348,48,13,0.3553,42,0.3677,0.6555,0
CUB-200-2011,CUB_000349,49,49,0.9065,120,0.9888,0.0284,1
CUB-200-2011,CUB_000350,0,0,0.8298,82,0.9069,0.1157,1
CUB-200-2011,CUB_000351,1,1,0.891,38,0.8175,0.2427,1
CUB-200-2011,CUB_000352,2,2,0.6211,113,0.5635,0.4902,1
CUB-200-2011,CUB_000353,3,5,0.2866,132,0.3415,0.6838,0
CUB-200-2011,CUB_000354,4,4,0.8595,36,0.9003,0.0774,1
CUB-200-2011,CUB_000355,5,5,0.7768,29,0.7469,0.2622,1
CUB-200-2011,CUB_000356,6,6,0.6476,132,0.6713,0.4082,1
CUB-200-2011,CUB_000357,7,7,0.8513,38,0.8868,0.1068,1
CUB-200-2011,CUB_000358,8,8,0.7843,136,0.7543,0.2268,1
CUB-200-2011,CUB_000359,9,9,0.8375,3,0.9168,0.1295,1
CUB-200-2011,CUB_000360,10,10,0.9755,145,1.0,0.0,1
CUB-200-2011,CUB_000361,11,11,0.7662,135,0.8547,0.1441,1
CUB-200-2011,CUB_000362,12,12,0.6046,127,0.5491,0.391,1
CUB-200-2011,CUB_000363,13,13,0.9553,89,0.9089,0.0892,1
CUB-200-2011,CUB_000364,14,14,0.7848,122,0.7092,0.3278,1
CUB-200-2011,CUB_000365,15,15,0.7817,103,0.7122,0.2032,1
CUB-200-2011,CUB_000366,16,16,0.7389,130,0.7477,0.1874,1
CUB-200-2011,CUB_000367,17,17,0.7732,131,0.8761,0.0116,1
CUB-200-2011,CUB_000368,18,18,0.7664,53,0.7198,0.3137,1
CUB-200-2011,CUB_000369,19,19,0.7539,56,0.715,0.2624,1
CUB-200-2011,CUB_000370,20,20,0.8464,9,0.912,0.0905,1
CUB-200-2011,CUB_000371,21,21,0.8807,100,0.916,0.0535,1
CUB-200-2011,CUB_000372,22,22,0.9559,68,1.0,0.0,1
CUB-200-2011,CUB_000373,23,23,0.8075,125,0.9371,0.0353,1
CUB-200-2011,CUB_000374,24,24,0.8895,92,0.7983,0.2945,1
CUB-200-2011,CUB_000375,25,25,0.6725,73,0.7046,0.2851,1
CUB-200-2011,CUB_000376,26,26,0.936,49,0.7363,0.2945,1
CUB-200-2011,CUB_000377,27,27,0.6245,12,0.6581,0.3389,1
CUB-200-2011,CUB_000378,28,28,0.8908,125,0.8002,0.2246,1
CUB-200-2011,CUB_000379,29,29,0.7655,140,0.7371,0.3028,1
CUB-200-2011,CUB_000380,30,30,0.6506,50,0.5016,0.6064,1
CUB-200-2011,CUB_000381,31,31,0.889,21,0.9638,0.0,1
CUB-200-2011,CUB_000382,32,32,0.6903,99,0.669,0.3659,1
CUB-200-2011,CUB_000383,33,33,0.6702,110,0.6227,0.4134,1
CUB-200-2011,CUB_000384,34,21,0.5011,29,0.5863,0.3551,0
CUB-200-2011,CUB_000385,35,35,0.7915,28,0.6094,0.3762,1
CUB-200-2011,CUB_000386,36,36,0.7573,24,0.7441,0.264,1
CUB-200-2011,CUB_000387,37,37,0.8575,102,0.9713,0.0848,1
CUB-200-2011,CUB_000388,38,38,0.8861,44,0.7803,0.3162,1
CUB-200-2011,CUB_000389,39,39,0.9332,58,0.9067,0.0976,1
CUB-200-2011,CUB_000390,40,35,0.3212,114,0.3718,0.6052,0
CUB-200-2011,CUB_000391,41,41,0.4998,29,0.5778,0.4086,1
CUB-200-2011,CUB_000392,42,42,0.873,134,0.9027,0.1197,1
CUB-200-2011,CUB_000393,43,43,0.7478,108,0.6788,0.3786,1
CUB-200-2011,CUB_000394,44,44,0.7285,98,0.7101,0.3117,1
CUB-200-2011,CUB_000395,45,45,0.8308,119,0.9576,0.0,1
CUB-200-2011,CUB_000396,46,46,0.7304,52,0.7793,0.2107,1
CUB-200-2011,CUB_000397,47,47,0.8121,70,0.8121,0.1187,1
CUB-200-2011,CUB_000398,48,48,0.9535,149,0.944,0.0837,1
CUB-200-2011,CUB_000399,49,49,0.8932,43,0.8952,0.1738,1
CUB-200-2011,CUB_000400,0,0,0.8252,35,0.9122,0.0699,1
CUB-200-2011,CUB_000401,1,1,0.7225,118,0.6786,0.3398,1
CUB-200-2011,CUB_000402,2,2,0.704,52,0.7572,0.2005,1
CUB-200-2011,CUB_000403,3,3,0.7366,141,0.7787,0.1795,1
CUB-200-2011,CUB_000404,4,4,0.8525,112,0.7508,0.2114,1
CUB-200-2011,CUB_000405,5,5,0.941,19,0.836,0.1086,1
CUB-200-2011,CUB_000406,6,6,0.8297,130,0.7225,0.3116,1
CUB-200-2011,CUB_000407,7,7,0.51,1,0.552,0.4554,1
CUB-200-2011,CUB_000408,8,8,0.7293,117,0.6553,0.3486,1
CUB-200-2011,CUB_000409,9,9,0.9509,65,1.0,0.0,1
CUB-200-2011,CUB_000410,10,10,0.8359,93,0.6883,0.2572,1
CUB-200-2011,CUB_000411,11,11,0.7451,6,0.8137,0.1577,1
CUB-200-2011,CUB_000412,12,12,0.8961,110,0.8188,0.1951,1
CUB-200-2011,CUB_000413,13,13,0.725,25,0.5789,0.3996,1
CUB-200-2011,CUB_000414,14,14,0.8575,15,0.8738,0.1239,1
CUB-200-2011,CUB_000415,15,15,0.6549,49,0.6088,0.3671,1
CUB-200-2011,CUB_000416,16,28,0.1999,42,0.2135,0.835,0
CUB-200-2011,CUB_000417,17,17,0.6264,30,0.7296,0.3096,1
CUB-200-2011,CUB_000418,18,17,0.3969,15,0.4118,0.6529,0
CUB-200-2011,CUB_000419,19,19,0.8462,85,0.7696,0.294,1
CUB-200-2011,CUB_000420,20,20,0.5904,133,0.6728,0.3461,1
CUB-200-2011,CUB_000421,21,21,0.8459,32,0.8007,0.2245,1
CUB-200-2011,CUB_000422,22,22,0.7975,81,0.7197,0.229,1
CUB-200-2011,CUB_000423,23,23,0.912,24,0.8811,0.0682,1
CUB-200-2011,CUB_000424,24,24,0.7953,46,0.8653,0.1287,1
CUB-200-2011,CUB_000425,25,25,0.8712,126,1.0,0.0,1
CUB-200-2011,CUB_000426,26,26,0.8679,128,0.8393,0.1449,1
CUB-200-2011,CUB_000427,27,27,0.8657,65,0.8427,0.2672,1
CUB-200-2011,CUB_000428,28,28,0.8942,121,0.8943,0.1423,1
CUB-200-2011,CUB_000429,29,29,0.785,117,0.7746,0.2517,1
CUB-200-2011,CUB_000430,30,30,0.8054,68,0.711,0.3551,1
CUB-200-2011,CUB_000431,31,31,0.6999,73,0.7585,0.1933,1
CUB-200-2011,CUB_000432,32,32,0.8056,48,0.7579,0.2934,1
CUB-200-2011,CUB_000433,33,9,0.238,145,0.1073,0.8411,0
CUB-200-2011,CUB_000434,34,34,0.8639,57,0.7914,0.2224,1
CUB-200-2011,CUB_000435,35,35,0.9239,26,0.9679,0.0,1
CUB-200-2011,CUB_000436,36,36,0.9885,145,0.9045,0.1461,1
CUB-200-2011,CUB_000437,37,37,0.9098,59,0.896,0.1523,1
CUB-200-2011,CUB_000438,38,38,0.8525,13,0.8216,0.2346,1
CUB-200-2011,CUB_000439,39,39,0.9501,109,0.7874,0.2157,1
CUB-200-2011,CUB_000440,40,40,0.8446,6,0.7865,0.2547,1
CUB-200-2011,CUB_000441,41,41,0.846,69,0.7974,0.2426,1
CUB-200-2011,CUB_000442,42,42,0.764,100,0.6484,0.2862,1
CUB-200-2011,CUB_000443,43,43,0.7125,19,0.7566,0.2731,1
CUB-200-2011,CUB_000444,44,44,0.6161,99,0.6732,0.3411,1
CUB-200-2011,CUB_000445,45,45,0.8338,145,0.7788,0.2772,1
CUB-200-2011,CUB_000446,46,46,0.9765,56,1.0,0.0397,1
CUB-200-2011,CUB_000447,47,47,0.8508,143,0.8218,0.2462,1
CUB-200-2011,CUB_000448,48,48,0.8065,64,0.8551,0.185,1
CUB-200-2011,CUB_000449,49,49,0.9035,69,0.9739,0.021,1
CUB-200-2011,CUB_000450,0,0,0.7843,149,1.0,0.0,1
CUB-200-2011,CUB_000451,1,1,0.7069,121,0.8053,0.2124,1
CUB-200-2011,CUB_000452,2,2,0.806,75,0.7495,0.2442,1
CUB-200-2011,CUB_000453,3,3,0.8978,123,0.8422,0.1444,1
CUB-200-2011,CUB_000454,4,4,0.9291,125,1.0,0.1039,1
CUB-200-2011,CUB_000455,5,5,0.8099,1,0.7251,0.3589,1
CUB-200-2011,CUB_000456,6,6,0.8056,117,0.7448,0.2202,1
CUB-200-2011,CUB_000457,7,7,0.5694,84,0.5054,0.5249,1
CUB-200-2011,CUB_000458,8,8,0.9522,76,0.9832,0.0,1
CUB-200-2011,CUB_000459,9,3,0.1646,109,0.1517,0.7424,0
CUB-200-2011,CUB_000460,10,10,0.9157,28,0.9629,0.0,1
CUB-200-2011,CUB_000461,11,11,0.795,100,0.7912,0.2861,1
CUB-200-2011,CUB_000462,12,12,0.8785,98,0.9009,0.1882,1
CUB-200-2011,CUB_000463,13,13,0.92,4,0.9907,0.0381,1
CUB-200-2011,CUB_000464,14,14,0.7337,56,0.6182,0.2828,1
CUB-200-2011,CUB_000465,15,15,0.9384,36,0.8877,0.1006,1
CUB-200-2011,CUB_000466,16,16,0.946,66,1.0,0.0,1
CUB-200-2011,CUB_000467,17,17,0.8068,146,0.9674,0.0186,1
CUB-200-2011,CUB_000468,18,18,0.8508,51,0.9395,0.0035,1
CUB-200-2011,CUB_000469,19,19,0.6004,116,0.6322,0.4504,1
CUB-200-2011,CUB_000470,20,20,0.9033,103,0.9012,0.1519,1
CUB-200-2011,CUB_000471,21,21,0.6982,91,0.6914,0.309,1
CUB-200-2011,CUB_000472,22,22,0.8108,0,0.8299,0.115,1
CUB-200-2011,CUB_000473,23,8,0.7241,143,0.6735,0.3251,0
CUB-200-2011,CUB_000474,24,24,0.7617,114,0.7551,0.2315,1
CUB-200-2011,CUB_000475,25,25,0.7767,13,0.7575,0.2571,1
CUB-200-2011,CUB_000476,26,26,0.9616,34,1.0,0.0,1
CUB-200-2011,CUB_000477,27,2,0.4675,5,0.4084,0.6679,0
CUB-200-2011,CUB_000478,28,28,0.6264,61,0.4624,0.4881,1
CUB-200-2011,CUB_000479,29,29,0.7752,71,0.813,0.1919,1
CUB-200-2011,CUB_000480,30,30,0.9468,115,1.0,0.0,1
CUB-200-2011,CUB_000481,31,31,0.9181,5,0.8001,0.1644,1
CUB-200-2011,CUB_000482,32,43,0.2743,51,0.0,1.0,0
CUB-200-2011,CUB_000483,33,33,0.7949,48,0.8489,0.1146,1
CUB-200-2011,CUB_000484,34,34,0.6769,119,0.6977,0.3394,1
CUB-200-2011,CUB_000485,35,35,0.7606,100,0.7133,0.1898,1
CUB-200-2011,CUB_000486,36,30,0.3008,93,0.3373,0.6165,0
CUB-200-2011,CUB_000487,37,37,0.8425,60,0.9303,0.0816,1
CUB-200-2011,CUB_000488,38,38,0.9193,100,0.8986,0.1471,1
CUB-200-2011,CUB_000489,39,39,0.8468,81,0.8966,0.1229,1
CUB-200-2011,CUB_000490,40,40,0.7515,41,0.7414,0.2657,1
CUB-200-2011,CUB_000491,41,41,0.8876,48,0.9648,0.0703,1
CUB-200-2011,CUB_000492,42,42,0.6778,17,0.8064,0.2299,1
CUB-200-2011,CUB_000493,43,43,0.5195,16,0.4054,0.6248,1
CUB-200-2011,CUB_000494,44,44,0.8107,88,0.8123,0.2203,1
CUB-200-2011,CUB_000495,45,49,0.5666,29,0.5295,0.4716,0
CUB-200-2011,CUB_000496,46,46,0.8305,6,0.8845,0.062,1
CUB-200-2011,CUB_000497,47,47,0.7958,10,0.7908,0.2759,1
CUB-200-2011,CUB_000498,48,48,0.9189,108,1.0,0.0965,1
CUB-200-2011,CUB_000499,49,49,0.9926,15,0.9985,0.0,1
CUB-200-2011,CUB_000500,0,0,0.8648,99,0.7499,0.2492,1
CUB-200-2011,CUB_000501,1,1,0.9151,125,0.9708,0.0746,1
CUB-200-2011,CUB_000502,2,2,0.716,69,0.8539,0.13,1
CUB-200-2011,CUB_000503,3,3,0.9688,105,0.6566,0.3658,1
CUB-200-2011,CUB_000504,4,4,0.8595,149,0.8103,0.1281,1
CUB-200-2011,CUB_000505,5,5,0.9671,51,0.9851,0.0078,1
CUB-200-2011,CUB_000506,6,6,0.8819,100,0.9163,0.1139,1
CUB-200-2011,CUB_000507,7,7,0.9503,94,0.8961,0.125,1
CUB-200-2011,CUB_000508,8,8,0.6941,110,0.712,0.3401,1
CUB-200-2011,CUB_000509,9,9,0.8401,34,0.9326,0.1034,1
CUB-200-2011,CUB_000510,10,10,0.797,13,0.7544,0.3067,1
CUB-200-2011,CUB_000511,11,11,0.7886,121,0.6636,0.3379,1
CUB-200-2011,CUB_000512,12,12,0.8218,17,0.8313,0.0905,1
CUB-200-2011,CUB_000513,13,13,0.708,42,0.6025,0.427,1
CUB-200-2011,CUB_000514,14,14,0.8465,19,0.7585,0.2837,1
CUB-200-2011,CUB_000515,15,17,0.1174,5,0.2694,0.7762,0
CUB-200-2011,CUB_000516,16,16,0.8475,83,0.7895,0.2251,1
CUB-200-2011,CUB_000517,17,17,0.5191,58,0.4479,0.5247,1
CUB-200-2011,CUB_000518,18,18,0.9527,38,1.0,0.0,1
CUB-200-2011,CUB_000519,19,38,0.4565,3,0.3384,0.6988,0
CUB-200-2011,CUB_000520,20,20,0.6939,28,0.7491,0.2635,1
CUB-200-2011,CUB_000521,21,21,0.9415,8,0.8032,0.2343,1
CUB-200-2011,CUB_000522,22,15,0.507,88,0.5473,0.394,0
CUB-200-2011,CUB_000523,23,23,0.6129,48,0.5122,0.534,1
CUB-200-2011,CUB_000524,24,24,0.9111,68,0.9302,0.0648,1
CUB-200-2011,CUB_000525,25,25,0.8983,14,0.8403,0.0875,1
CUB-200-2011,CUB_000526,26,26,0.7231,24,0.7872,0.2866,1
CUB-200-2011,CUB_000527,27,24,0.0633,123,0.0357,0.9044,0
CUB-200-2011,CUB_000528,28,28,0.7926,102,0.7287,0.2739,1
CUB-200-2011,CUB_000529,29,29,0.9035,22,0.9125,0.0825,1
CUB-200-2011,CUB_000530,30,30,0.7982,123,0.8628,0.1522,1
CUB-200-2011,CUB_000531,31,31,0.7331,146,0.7906,0.2172,1
CUB-200-2011,CUB_000532,32,32,0.6615,52,0.6492,0.286,1
CUB-200-2011,CUB_000533,33,33,0.8146,133,0.7947,0.2219,1
CUB-200-2011,CUB_000534,34,34,0.6567,60,0.6932,0.3254,1
CUB-200-2011,CUB_000535,35,35,0.7278,51,0.7474,0.2128,1
CUB-200-2011,CUB_000536,36,36,0.8876,102,0.9385,0.0434,1
CUB-200-2011,CUB_000537,37,37,0.7689,146,0.8714,0.1348,1
CUB-200-2011,CUB_000538,38,38,0.9076,74,0.9302,0.1015,1
CUB-200-2011,CUB_000539,39,39,0.6184,110,0.5462,0.4854,1
CUB-200-2011,CUB_000540,40,40,0.6785,93,0.7757,0.2183,1
CUB-200-2011,CUB_000541,41,41,0.9838,84,1.0,0.0285,1
CUB-200-2011,CUB_000542,42,42,0.957,34,0.9704,0.0056,1
CUB-200-2011,CUB_000543,43,43,0.7797,47,0.8477,0.1873,1
CUB-200-2011,CUB_000544,44,1,0.1919,82,0.0382,0.9257,0
CUB-200-2011,CUB_000545,45,45,0.8627,74,0.8448,0.2184,1
CUB-200-2011,CUB_000546,46,46,0.6093,81,0.6519,0.3726,1
CUB-200-2011,CUB_000547,47,47,0.8625,43,0.9067,0.1651,1
CUB-200-2011,CUB_000548,48,48,0.5901,126,0.683,0.3674,1
CUB-200-2011,CUB_000549,49,49,0.662,124,0.6319,0.3885,1
CUB-200-2011,CUB_000550,0,0,0.6871,85,0.6644,0.3393,1
CUB-200-2011,CUB_000551,1,1,0.6483,94,0.732,0.2502,1
CUB-200-2011,CUB_000552,2,24,0.1005,88,0.0226,1.0,0
CUB-200-2011,CUB_000553,3,3,0.9686,24,0.9124,0.0528,1
CUB-200-2011,CUB_000554,4,4,0.9291,73,0.9074,0.0959,1
CUB-200-2011,CUB_000555,5,13,0.2392,133,0.2625,0.7287,0
CUB-200-2011,CUB_000556,6,6,0.3839,149,0.3184,0.6874,1
CUB-200-2011,CUB_000557,7,7,0.7388,84,0.7318,0.2104,1
CUB-200-2011,CUB_000558,8,8,0.8062,87,0.9516,0.0346,1
CUB-200-2011,CUB_000559,9,9,0.906,132,0.9101,0.1236,1
CUB-200-2011,CUB_000560,10,10,0.8945,15,0.9819,0.0759,1
CUB-200-2011,CUB_000561,11,11,0.7605,65,0.6101,0.335,1
CUB-200-2011,CUB_000562,12,12,0.7913,1,0.7801,0.3099,1
CUB-200-2011,CUB_000563,13,13,0.7078,65,0.8552,0.1407,1
CUB-200-2011,CUB_000564,14,14,0.8971,139,1.0,0.0143,1
CUB-200-2011,CUB_000565,15,15,0.8744,106,0.9353,0.0,1
CUB-200-2011,CUB_000566,16,16,0.8741,67,0.9281,0.0401,1
CUB-200-2011,CUB_000567,17,17,0.8089,30,0.7963,0.1632,1
CUB-200-2011,CUB_000568,18,18,0.8336,1,0.8567,0.1124,1
CUB-200-2011,CUB_000569,19,19,0.856,87,0.8708,0.1184,1
CUB-200-2011,CUB_000570,20,20,0.8576,111,0.7544,0.2225,1
CUB-200-2011,CUB_000571,21,21,0.6255,100,0.5016,0.4141,1
CUB-200-2011,CUB_000572,22,22,0.8017,40,0.7671,0.1536,1
CUB-200-2011,CUB_000573,23,23,0.7073,92,0.7223,0.3388,1
CUB-200-2011,CUB_000574,24,24,0.7715,91,0.7825,0.2048,1
CUB-200-2011,CUB_000575,25,25,0.849,148,0.8405,0.2058,1
CUB-200-2011,CUB_000576,26,26,0.9223,66,0.972,0.0,1
CUB-200-2011,CUB_000577,27,27,0.5804,130,0.6357,0.3329,1
CUB-200-2011,CUB_000578,28,44,0.3251,34,0.3106,0.7273,0
CUB-200-2011,CUB_000579,29,29,0.8647,99,0.7708,0.1954,1
CUB-200-2011,CUB_000580,30,30,0.8921,135,0.8941,0.0649,1
CUB-200-2011,CUB_000581,31,31,0.7704,120,0.7567,0.2656,1
CUB-200-2011,CUB_000582,32,32,0.9107,108,0.9233,0.1308,1
CUB-200-2011,CUB_000583,33,33,0.802,76,0.7991,0.1886,1
CUB-200-2011,CUB_000584,34,34,0.7955,21,0.7471,0.2581,1
CUB-200-2011,CUB_000585,35,35,0.4463,49,0.3542,0.6308,1
CUB-200-2011,CUB_000586,36,36,0.9268,148,0.8946,0.1183,1
CUB-200-2011,CUB_000587,37,37,0.6559,21,0.7071,0.3255,1
CUB-200-2011,CUB_000588,38,38,0.8568,50,0.8779,0.0866,1
CUB-200-2011,CUB_000589,39,39,0.961,142,0.8305,0.1596,1
CUB-200-2011,CUB_000590,40,40,0.7725,139,0.6392,0.345,1
CUB-200-2011,CUB_000591,41,41,0.8737,45,1.0,0.0,1
CUB-200-2011,CUB_000592,42,42,0.7058,19,0.7522,0.1852,1
CUB-200-2011,CUB_000593,43,43,0.8979,8,0.7204,0.3033,1
CUB-200-2011,CUB_000594,44,0,0.2827,124,0.354,0.6627,0
CUB-200-2011,CUB_000595,45,45,0.7381,116,0.7458,0.1541,1
CUB-200-2011,CUB_000596,46,46,0.6711,127,0.7607,0.2065,1
CUB-200-2011,CUB_000597,47,47,0.9904,7,0.9327,0.0683,1
CUB-200-2011,CUB_000598,48,48,0.7726,79,0.7613,0.2077,1
CUB-200-2011,CUB_000599,49,49,0.606,36,0.5306,0.4069,1
CUB-200-2011,CUB_000600,0,0,0.92,6,0.9148,0.1137,1
CUB-200-2011,CUB_000601,1,1,0.511,0,0.4353,0.5994,1
CUB-200-2011,CUB_000602,2,2,0.8372,74,0.8877,0.1207,1
CUB-200-2011,CUB_000603,3,2,0.5112,62,0.4995,0.4809,0
CUB-200-2011,CUB_000604,4,4,0.9006,103,0.8495,0.1498,1
CUB-200-2011,CUB_000605,5,5,0.8055,76,0.88,0.1486,1
CUB-200-2011,CUB_000606,6,6,0.7668,136,0.8347,0.1166,1
CUB-200-2011,CUB_000607,7,7,0.8076,24,0.6595,0.3794,1
CUB-200-2011,CUB_000608,8,8,0.8234,79,0.8689,0.213,1
CUB-200-2011,CUB_000609,9,9,0.9352,83,0.9081,0.0114,1
CUB-200-2011,CUB_000610,10,10,0.8875,90,0.922,0.0705,1
CUB-200-2011,CUB_000611,11,11,0.7613,127,0.805,0.1074,1
CUB-200-2011,CUB_000612,12,12,0.9071,114,0.8341,0.0893,1
CUB-200-2011,CUB_000613,13,13,0.9181,33,0.9946,0.0,1
CUB-200-2011,CUB_000614,14,14,0.8942,80,0.8505,0.0627,1
CUB-200-2011,CUB_000615,15,15,0.9832,97,1.0,0.0,1
CUB-200-2011,CUB_000616,16,16,0.9622,113,0.9202,0.1587,1
CUB-200-2011,CUB_000617,17,17,0.7147,18,0.67,0.3851,1
CUB-200-2011,CUB_000618,18,18,0.978,31,1.0,0.0,1
CUB-200-2011,CUB_000619,19,19,0.7697,23,0.8235,0.2291,1
CUB-200-2011,CUB_000620,20,20,0.7754,124,0.7552,0.2176,1
CUB-200-2011,CUB_000621,21,21,0.7878,98,0.9278,0.0904,1
CUB-200-2011,CUB_000622,22,22,0.6574,61,0.5975,0.4166,1
CUB-200-2011,CUB_000623,23,23,0.8581,109,0.827,0.2775,1
CUB-200-2011,CUB_000624,24,24,0.7779,12,0.6719,0.3629,1
CUB-200-2011,CUB_000625,25,25,0.9304,123,0.95,0.0963,1
CUB-200-2011,CUB_000626,26,26,0.5001,23,0.4655,0.5747,1
CUB-200-2011,CUB_000627,27,27,0.837,30,0.9882,0.0392,1
CUB-200-2011,CUB_000628,28,28,0.6542,79,0.654,0.4616,1
CUB-200-2011,CUB_000629,29,29,0.9148,10,0.8173,0.1412,1
CUB-200-2011,CUB_000630,30,30,0.8738,138,0.8157,0.3355,1
CUB-200-2011,CUB_000631,31,31,0.7209,131,0.777,0.1989,1
CUB-200-2011,CUB_000632,32,32,0.8467,114,0.8503,0.1597,1
CUB-200-2011,CUB_000633,33,33,0.8078,97,0.7038,0.3061,1
CUB-200-2011,CUB_000634,34,34,0.8071,37,0.7923,0.112,1
CUB-200-2011,CUB_000635,35,35,0.9015,83,0.9931,0.0,1
CUB-200-2011,CUB_000636,36,36,0.6899,40,0.6152,0.4531,1
CUB-200-2011,CUB_000637,37,34,0.3565,31,0.2875,0.703,0
CUB-200-2011,CUB_000638,38,38,0.859,88,0.8834,0.0684,1
CUB-200-2011,CUB_000639,39,39,0.8432,118,0.8151,0.2368,1
CUB-200-2011,CUB_000640,40,40,0.7513,103,0.6762,0.3453,1
CUB-200-2011,CUB_000641,41,41,0.7914,131,0.7412,0.3284,1
CUB-200-2011,CUB_000642,42,42,0.9012,4,0.8854,0.1779,1
CUB-200-2011,CUB_000643,43,43,0.7333,97,0.7228,0.3546,1
CUB-200-2011,CUB_000644,44,44,0.8695,70,0.9599,0.0304,1
CUB-200-2011,CUB_000645,45,45,0.6139,27,0.7319,0.2606,1
CUB-200-2011,CUB_000646,46,46,0.7999,10,0.6971,0.227,1
CUB-200-2011,CUB_000647,47,47,0.7827,98,0.7488,0.1848,1
CUB-200-2011,CUB_000648,48,48,0.9389,6,1.0,0.0,1
CUB-200-2011,CUB_000649,49,49,0.8604,22,0.9074,0.1099,1
CUB-200-2011,CUB_000650,0,0,0.9124,109,0.7699,0.3174,1
CUB-200-2011,CUB_000651,1,1,0.7703,74,0.807,0.1221,1
CUB-200-2011,CUB_000652,2,2,0.7397,0,0.6665,0.2659,1
CUB-200-2011,CUB_000653,3,3,0.638,79,0.5681,0.4281,1
CUB-200-2011,CUB_000654,4,4,0.4701,111,0.5116,0.4932,1
CUB-200-2011,CUB_000655,5,5,0.8223,82,0.8038,0.1853,1
CUB-200-2011,CUB_000656,6,6,0.8139,119,0.7757,0.2503,1
CUB-200-2011,CUB_000657,7,7,0.7946,83,0.807,0.2651,1
CUB-200-2011,CUB_000658,8,8,0.89,90,0.8664,0.0369,1
CUB-200-2011,CUB_000659,9,9,0.7661,88,0.8243,0.1579,1
CUB-200-2011,CUB_000660,10,10,0.658,77,0.7218,0.2629,1
CUB-200-2011,CUB_000661,11,11,0.6782,88,0.7039,0.246,1
CUB-200-2011,CUB_000662,12,12,0.6886,41,0.7487,0.2603,1
CUB-200-2011,CUB_000663,13,13,0.5185,61,0.5037,0.4391,1
CUB-200-2011,CUB_000664,14,14,0.9371,145,0.9771,0.0,1
CUB-200-2011,CUB_000665,15,3,0.1678,34,0.3345,0.6945,0
CUB-200-2011,CUB_000666,16,16,0.6397,18,0.7369,0.3298,1
CUB-200-2011,CUB_000667,17,17,0.8588,63,0.938,0.1177,1
CUB-200-2011,CUB_000668,18,18,0.7802,51,0.8442,0.2029,1
CUB-200-2011,CUB_000669,19,19,0.9009,32,0.9148,0.0552,1
CUB-200-2011,CUB_000670,20,20,0.7583,8,0.5531,0.5028,1
CUB-200-2011,CUB_000671,21,21,0.7599,89,0.6482,0.3316,1
CUB-200-2011,CUB_000672,22,22,0.8289,40,0.9873,0.0,1
CUB-200-2011,CUB_000673,23,23,0.6513,109,0.6538,0.333,1
CUB-200-2011,CUB_000674,24,24,0.962,80,0.9392,0.0879,1
CUB-200-2011,CUB_000675,25,25,0.8852,36,0.7701,0.2668,1
CUB-200-2011,CUB_000676,26,26,0.828,28,0.8176,0.2281,1
CUB-200-2011,CUB_000677,27,27,0.5913,85,0.5863,0.3369,1
CUB-200-2011,CUB_000678,28,28,0.8609,38,1.0,0.0088,1
CUB-200-2011,CUB_000679,29,29,0.8119,32,0.6728,0.3206,1
CUB-200-2011,CUB_000680,30,30,0.6747,117,0.6465,0.3291,1
CUB-200-2011,CUB_000681,31,31,0.8477,53,0.8217,0.1448,1
CUB-200-2011,CUB_000682,32,32,0.7907,18,0.8724,0.1084,1
CUB-200-2011,CUB_000683,33,33,0.8362,17,0.8033,0.1627,1
CUB-200-2011,CUB_000684,34,34,0.9311,36,1.0,0.043,1
CUB-200-2011,CUB_000685,35,35,0.9521,32,0.9495,0.0539,1
CUB-200-2011,CUB_000686,36,36,0.4906,142,0.4866,0.5699,1
CUB-200-2011,CUB_000687,37,37,0.6149,139,0.5328,0.5173,1
CUB-200-2011,CUB_000688,38,38,0.7667,73,0.8431,0.1544,1
CUB-200-2011,CUB_000689,39,39,0.678,104,0.7031,0.3727,1
CUB-200-2011,CUB_000690,40,40,0.8513,101,0.8677,0.0575,1
CUB-200-2011,CUB_000691,41,47,0.6029,39,0.6007,0.4372,0
CUB-200-2011,CUB_000692,42,42,0.5853,2,0.54,0.5274,1
CUB-200-2011,CUB_000693,43,4,0.6317,17,0.675,0.2926,0
CUB-200-2011,CUB_000694,44,44,0.742,100,0.6904,0.2602,1
CUB-200-2011,CUB_000695,45,45,0.8029,86,0.7756,0.1547,1
CUB-200-2011,CUB_000696,46,46,0.9446,35,0.874,0.1643,1
CUB-200-2011,CUB_000697,47,47,0.8434,12,0.7739,0.1764,1
CUB-200-2011,CUB_000698,48,48,0.6918,92,0.6828,0.2967,1
CUB-200-2011,CUB_000699,49,49,0.9017,56,0.8854,0.1082,1
CUB-200-2011,CUB_000700,0,0,0.6717,95,0.6709,0.3857,1
CUB-200-2011,CUB_000701,1,1,0.8782,46,0.9811,0.0316,1
CUB-200-2011,CUB_000702,2,2,0.7543,123,0.7654,0.2821,1
CUB-200-2011,CUB_000703,3,3,0.6506,61,0.7291,0.3141,1
CUB-200-2011,CUB_000704,4,4,0.7584,75,0.783,0.2438,1
CUB-200-2011,CUB_000705,5,5,0.836,75,0.7672,0.2985,1
CUB-200-2011,CUB_000706,6,6,0.9195,78,1.0,0.0,1
CUB-200-2011,CUB_000707,7,7,0.4372,8,0.5158,0.464,1
CUB-200-2011,CUB_000708,8,8,0.5945,112,0.6012,0.4461,1
CUB-200-2011,CUB_000709,9,9,0.5204,106,0.5382,0.5372,1
CUB-200-2011,CUB_000710,10,10,0.6556,76,0.7242,0.2257,1
CUB-200-2011,CUB_000711,11,11,0.7306,75,0.8209,0.1786,1
CUB-200-2011,CUB_000712,12,12,0.8225,117,0.9061,0.1708,1
CUB-200-2011,CUB_000713,13,13,0.6806,110,0.6493,0.3675,1
CUB-200-2011,CUB_000714,14,14,0.9172,66,0.9252,0.0685,1
CUB-200-2011,CUB_000715,15,15,0.8812,49,0.9767,0.0,1
CUB-200-2011,CUB_000716,16,16,0.829,12,0.8141,0.2872,1
CUB-200-2011,CUB_000717,17,17,0.866,119,0.9618,0.0,1
CUB-200-2011,CUB_000718,18,18,0.6963,52,0.7179,0.1989,1
CUB-200-2011,CUB_000719,19,19,0.9116,58,0.8439,0.1272,1
CUB-200-2011,CUB_000720,20,20,0.8143,8,0.8527,0.1128,1
CUB-200-2011,CUB_000721,21,21,0.7185,29,0.7941,0.2531,1
CUB-200-2011,CUB_000722,22,2,0.2726,119,0.3487,0.6712,0
CUB-200-2011,CUB_000723,23,23,0.9531,41,0.8831,0.14,1
CUB-200-2011,CUB_000724,24,24,0.7056,35,0.6002,0.3005,1
CUB-200-2011,CUB_000725,25,25,0.953,33,1.0,0.0,1
CUB-200-2011,CUB_000726,26,6,0.391,131,0.4604,0.5894,0
CUB-200-2011,CUB_000727,27,27,0.7172,83,0.5185,0.476,1
CUB-200-2011,CUB_000728,28,28,0.9356,120,0.8397,0.1606,1
CUB-200-2011,CUB_000729,29,29,0.6273,34,0.7119,0.2519,1
CUB-200-2011,CUB_000730,30,30,0.6208,115,0.6238,0.3349,1
CUB-200-2011,CUB_000731,31,31,0.9397,81,0.9297,0.0825,1
CUB-200-2011,CUB_000732,32,32,0.8846,7,0.832,0.1699,1
CUB-200-2011,CUB_000733,33,33,0.717,140,0.8309,0.2129,1
CUB-200-2011,CUB_000734,34,34,0.8692,65,0.8323,0.1769,1
CUB-200-2011,CUB_000735,35,2,0.3034,31,0.3596,0.6719,0
CUB-200-2011,CUB_000736,36,36,0.7084,86,0.8833,0.1232,1
CUB-200-2011,CUB_000737,37,37,0.9902,25,0.9465,0.0858,1
CUB-200-2011,CUB_000738,38,38,0.7005,115,0.7302,0.3023,1
CUB-200-2011,CUB_000739,39,39,0.8641,143,0.808,0.1603,1
CUB-200-2011,CUB_000740,40,40,0.7065,90,0.6391,0.3894,1
CUB-200-2011,CUB_000741,41,41,0.8381,53,0.7782,0.1094,1
CUB-200-2011,CUB_000742,42,42,0.4443,50,0.3047,0.6772,1
CUB-200-2011,CUB_000743,43,43,0.809,99,0.9101,0.0841,1
CUB-200-2011,CUB_000744,44,44,0.4238,66,0.4822,0.4667,1
CUB-200-2011,CUB_000745,45,45,0.8342,81,0.7981,0.2166,1
CUB-200-2011,CUB_000746,46,46,0.8526,21,0.8836,0.1198,1
CUB-200-2011,CUB_000747,47,47,0.6439,108,0.6001,0.2944,1
CUB-200-2011,CUB_000748,48,48,0.8337,148,0.8803,0.0771,1
CUB-200-2011,CUB_000749,49,49,0.7919,87,0.8441,0.1649,1
CUB-200-2011,CUB_000750,0,0,0.7542,117,0.7782,0.2931,1
CUB-200-2011,CUB_000751,1,1,0.6365,126,0.6146,0.3477,1
CUB-200-2011,CUB_000752,2,2,0.9262,146,1.0,0.0,1
CUB-200-2011,CUB_000753,3,3,0.6658,58,0.5179,0.4903,1
CUB-200-2011,CUB_000754,4,4,0.5964,10,0.4902,0.4988,1
CUB-200-2011,CUB_000755,5,5,0.8004,39,0.8789,0.097,1
CUB-200-2011,CUB_000756,6,6,0.8885,18,0.8159,0.1222,1
CUB-200-2011,CUB_000757,7,44,0.3606,108,0.4286,0.5449,0
CUB-200-2011,CUB_000758,8,8,0.5904,109,0.5498,0.3635,1
CUB-200-2011,CUB_000759,9,48,0.261,68,0.2274,0.8057,0
CUB-200-2011,CUB_000760,10,10,0.6655,38,0.6552,0.415,1
CUB-200-2011,CUB_000761,11,11,0.7984,77,0.7903,0.258,1
CUB-200-2011,CUB_000762,12,12,0.7588,129,0.6711,0.3492,1
CUB-200-2011,CUB_000763,13,13,0.8225,79,0.8862,0.2174,1
CUB-200-2011,CUB_000764,14,14,0.9404,45,0.9292,0.0489,1
CUB-200-2011,CUB_000765,15,15,0.7132,42,0.7616,0.2077,1
CUB-200-2011,CUB_000766,16,8,0.3449,77,0.3618,0.6424,0
CUB-200-2011,CUB_000767,17,38,0.2937,60,0.2966,0.6368,0
CUB-200-2011,CUB_000768,18,18,0.9066,63,0.9346,0.1365,1
CUB-200-2011,CUB_000769,19,19,0.8758,3,0.9338,0.0,1
CUB-200-2011,CUB_000770,20,20,0.7013,78,0.8441,0.1468,1
CUB-200-2011,CUB_000771,21,21,0.7035,84,0.67,0.4016,1
CUB-200-2011,CUB_000772,22,22,0.6948,13,0.6285,0.3584,1
CUB-200-2011,CUB_000773,23,23,0.8905,64,0.9801,0.0157,1
CUB-200-2011,CUB_000774,24,24,0.7001,106,0.6956,0.2651,1
CUB-200-2011,CUB_000775,25,25,0.7997,54,0.7701,0.1978,1
CUB-200-2011,CUB_000776,26,26,0.91,71,0.9131,0.1001,1
CUB-200-2011,CUB_000777,27,27,0.8097,127,0.9317,0.056,1
CUB-200-2011,CUB_000778,28,28,0.9501,114,0.9085,0.0999,1
CUB-200-2011,CUB_000779,29,1,0.6067,87,0.5914,0.3652,0
CUB-200-2011,CUB_000780,30,30,0.7129,133,0.7474,0.3404,1
CUB-200-2011,CUB_000781,31,31,0.7959,21,0.8494,0.1203,1
CUB-200-2011,CUB_000782,32,32,0.5466,50,0.6267,0.393,1
CUB-200-2011,CUB_000783,33,33,0.8363,4,0.7147,0.2924,1
CUB-200-2011,CUB_000784,34,34,0.6913,44,0.7788,0.2013,1
CUB-200-2011,CUB_000785,35,35,0.8594,0,0.7593,0.2534,1
CUB-200-2011,CUB_000786,36,36,0.8371,116,0.8026,0.1485,1
CUB-200-2011,CUB_000787,37,37,0.621,83,0.4686,0.4041,1
CUB-200-2011,CUB_000788,38,38,0.8142,5,0.9231,0.1219,1
CUB-200-2011,CUB_000789,39,39,0.8664,125,0.9414,0.1165,1
CUB-200-2011,CUB_000790,40,40,0.8953,92,0.9333,0.2199,1
CUB-200-2011,CUB_000791,41,41,0.8275,83,0.721,0.2148,1
CUB-200-2011,CUB_000792,42,42,0.6739,76,0.6488,0.3846,1
CUB-200-2011,CUB_000793,43,43,0.9612,146,0.8851,0.138,1
CUB-200-2011,CUB_000794,44,44,0.8889,110,0.8653,0.1739,1
CUB-200-2011,CUB_000795,45,32,0.3153,136,0.2523,0.7765,0
CUB-200-2011,CUB_000796,46,46,0.8956,30,0.8108,0.2317,1
CUB-200-2011,CUB_000797,47,47,0.7952,140,0.915,0.0,1
CUB-200-2011,CUB_000798,48,48,0.8086,121,0.8645,0.0857,1
CUB-200-2011,CUB_000799,49,49,0.9426,134,0.9529,0.0969,1
CUB-200-2011,CUB_000800,0,0,0.7728,15,0.7371,0.3047,1
CUB-200-2011,CUB_000801,1,1,0.8793,35,0.893,0.1296,1
CUB-200-2011,CUB_000802,2,2,0.9502,70,0.969,0.0,1
CUB-200-2011,CUB_000803,3,3,0.7566,56,0.6973,0.2841,1
CUB-200-2011,CUB_000804,4,4,0.9081,42,0.8897,0.1151,1
CUB-200-2011,CUB_000805,5,26,0.2573,58,0.2052,0.8088,0
CUB-200-2011,CUB_000806,6,6,0.7578,147,0.7435,0.2749,1
CUB-200-2011,CUB_000807,7,42,0.4703,2,0.5282,0.5353,0
CUB-200-2011,CUB_000808,8,8,0.8387,47,0.859,0.1039,1
CUB-200-2011,CUB_000809,9,9,0.6534,119,0.4755,0.5613,1
CUB-200-2011,CUB_000810,10,48,0.2905,53,0.3891,0.579,0
CUB-200-2011,CUB_000811,11,11,0.694,100,0.7058,0.3178,1
CUB-200-2011,CUB_000812,12,12,0.8921,134,0.9524,0.0632,1
CUB-200-2011,CUB_000813,13,20,0.4405,57,0.5235,0.4657,0
CUB-200-2011,CUB_000814,14,14,0.7405,24,0.7122,0.2416,1
CUB-200-2011,CUB_000815,15,15,0.8373,145,0.9534,0.0139,1
CUB-200-2011,CUB_000816,16,16,0.8753,20,0.8279,0.2111,1
CUB-200-2011,CUB_000817,17,17,0.8997,148,0.8461,0.1347,1
CUB-200-2011,CUB_000818,18,18,0.7782,142,0.763,0.2124,1
CUB-200-2011,CUB_000819,19,19,0.7724,99,0.7435,0.2714,1
CUB-200-2011,CUB_000820,20,20,0.8946,79,0.8595,0.0328,1
CUB-200-2011,CUB_000821,21,21,0.8921,51,1.0,0.0673,1
CUB-200-2011,CUB_000822,22,22,0.6418,63,0.5977,0.328,1
CUB-200-2011,CUB_000823,23,23,0.7038,55,0.7701,0.2796,1
CUB-200-2011,CUB_000824,24,24,0.9076,72,0.8093,0.211,1
CUB-200-2011,CUB_000825,25,4,0.3799,148,0.4222,0.5818,0
CUB-200-2011,CUB_000826,26,26,0.5972,105,0.7012,0.3252,1
CUB-200-2011,CUB_000827,27,27,0.8092,23,0.9026,0.0612,1
CUB-200-2011,CUB_000828,28,28,0.8297,17,0.8544,0.1688,1
CUB-200-2011,CUB_000829,29,29,0.5061,108,0.6004,0.4127,1
CUB-200-2011,CUB_000830,30,29,0.5679,98,0.5479,0.4738,0
CUB-200-2011,CUB_000831,31,31,0.94,78,0.8919,0.0721,1
CUB-200-2011,CUB_000832,32,32,0.9143,146,0.9817,0.0304,1
CUB-200-2011,CUB_000833,33,33,0.8421,5,0.7999,0.215,1
CUB-200-2011,CUB_000834,34,34,0.7434,124,0.6478,0.3834,1
CUB-200-2011,CUB_000835,35,35,0.8303,78,0.6717,0.2556,1
CUB-200-2011,CUB_000836,36,32,0.2985,142,0.1917,0.7876,0
CUB-200-2011,CUB_000837,37,37,0.781,50,0.7927,0.1811,1
CUB-200-2011,CUB_000838,38,38,0.8497,112,0.7746,0.2267,1
CUB-200-2011,CUB_000839,39,39,0.8922,100,1.0,0.0005,1
CUB-200-2011,CUB_000840,40,40,0.9264,70,1.0,0.0506,1
CUB-200-2011,CUB_000841,41,41,0.9722,110,1.0,0.0,1
CUB-200-2011,CUB_000842,42,42,0.6779,75,0.7972,0.195,1
CUB-200-2011,CUB_000843,43,43,0.7546,59,0.952,0.0128,1
CUB-200-2011,CUB_000844,44,44,0.8822,43,0.7814,0.1594,1
CUB-200-2011,CUB_000845,45,45,0.5363,40,0.5414,0.3732,1
CUB-200-2011,CUB_000846,46,46,0.7949,120,0.8388,0.3144,1
CUB-200-2011,CUB_000847,47,47,0.7501,57,0.6451,0.3511,1
CUB-200-2011,CUB_000848,48,18,0.3308,40,0.3471,0.5935,0
CUB-200-2011,CUB_000849,49,49,0.8843,53,0.826,0.1782,1
CUB-200-2011,CUB_000850,0,0,0.6971,9,0.7406,0.2443,1
CUB-200-2011,CUB_000851,1,1,0.5925,84,0.593,0.3153,1
CUB-200-2011,CUB_000852,2,2,0.9416,131,0.9923,0.0,1
CUB-200-2011,CUB_000853,3,3,0.8322,5,0.9407,0.0978,1
CUB-200-2011,CUB_000854,4,4,0.9076,9,0.9928,0.0347,1
CUB-200-2011,CUB_000855,5,5,0.804,128,0.6719,0.222,1
CUB-200-2011,CUB_000856,6,6,0.9812,142,0.9628,0.0736,1
CUB-200-2011,CUB_000857,7,7,0.6816,115,0.7205,0.3298,1
CUB-200-2011,CUB_000858,8,8,0.6627,46,0.618,0.3558,1
CUB-200-2011,CUB_000859,9,9,0.7507,115,0.7792,0.2167,1
CUB-200-2011,CUB_000860,10,10,0.9667,9,0.9048,0.1139,1
CUB-200-2011,CUB_000861,11,11,0.8873,13,0.911,0.0991,1
CUB-200-2011,CUB_000862,12,12,0.7615,144,0.6797,0.3348,1
CUB-200-2011,CUB_000863,13,13,0.7958,18,0.7393,0.3131,1
CUB-200-2011,CUB_000864,14,14,0.8561,9,0.774,0.2403,1
CUB-200-2011,CUB_000865,15,15,0.898,13,0.8391,0.2085,1
CUB-200-2011,CUB_000866,16,16,0.7307,51,0.8254,0.1121,1
CUB-200-2011,CUB_000867,17,17,0.5633,89,0.5765,0.4096,1
CUB-200-2011,CUB_000868,18,18,0.8341,126,0.7169,0.2189,1
CUB-200-2011,CUB_000869,19,19,0.8438,13,0.7002,0.2516,1
CUB-200-2011,CUB_000870,20,20,0.787,42,0.7724,0.2237,1
CUB-200-2011,CUB_000871,21,21,0.7708,143,0.7471,0.3374,1
CUB-200-2011,CUB_000872,22,22,0.7642,123,0.8747,0.142,1
CUB-200-2011,CUB_000873,23,23,0.9917,12,0.9592,0.0029,1
CUB-200-2011,CUB_000874,24,24,0.7056,136,0.697,0.2526,1
CUB-200-2011,CUB_000875,25,25,0.7775,120,0.8189,0.1878,1
CUB-200-2011,CUB_000876,26,26,0.7041,25,0.7183,0.3362,1
CUB-200-2011,CUB_000877,27,27,0.7594,97,0.6999,0.2871,1
CUB-200-2011,CUB_000878,28,28,0.6003,36,0.4984,0.4804,1
CUB-200-2011,CUB_000879,29,29,0.8425,84,0.809,0.1983,1
CUB-200-2011,CUB_000880,30,30,0.8752,28,0.7734,0.1013,1
CUB-200-2011,CUB_000881,31,31,0.5422,4,0.6346,0.4803,1
CUB-200-2011,CUB_000882,32,32,0.9952,65,0.9633,0.1139,1
CUB-200-2011,CUB_000883,33,33,0.8609,21,0.9131,0.0504,1
CUB-200-2011,CUB_000884,34,34,0.741,52,0.6558,0.2918,1
CUB-200-2011,CUB_000885,35,35,0.8152,52,0.8238,0.1472,1
CUB-200-2011,CUB_000886,36,36,0.9325,84,0.7501,0.1981,1
CUB-200-2011,CUB_000887,37,37,0.8287,78,0.9532,0.0176,1
CUB-200-2011,CUB_000888,38,38,0.8295,11,0.7861,0.2501,1
CUB-200-2011,CUB_000889,39,1,0.6761,136,0.6884,0.2855,0
CUB-200-2011,CUB_000890,40,40,0.9624,112,1.0,0.0,1
CUB-200-2011,CUB_000891,41,41,0.943,122,0.9733,0.0008,1
CUB-200-2011,CUB_000892,42,42,0.909,135,0.8894,0.1293,1
CUB-200-2011,CUB_000893,43,43,0.608,132,0.482,0.4979,1
CUB-200-2011,CUB_000894,44,44,0.8152,96,0.8332,0.1767,1
CUB-200-2011,CUB_000895,45,45,0.8354,83,0.8214,0.2084,1
CUB-200-2011,CUB_000896,46,46,0.9144,62,0.9736,0.0608,1
CUB-200-2011,CUB_000897,47,47,0.7732,12,0.6051,0.4434,1
CUB-200-2011,CUB_000898,48,48,0.5522,30,0.5966,0.3947,1
CUB-200-2011,CUB_000899,49,49,0.6983,129,0.748,0.3034,1
CUB-200-2011,CUB_000900,0,0,0.9341,19,0.965,0.0,1
CUB-200-2011,CUB_000901,1,1,0.6842,22,0.6594,0.2677,1
CUB-200-2011,CUB_000902,2,2,0.9263,118,0.917,0.0951,1
CUB-200-2011,CUB_000903,3,3,0.7625,4,0.6736,0.3877,1
CUB-200-2011,CUB_000904,4,4,0.3825,11,0.3338,0.699,1
CUB-200-2011,CUB_000905,5,5,0.9102,105,0.8987,0.0689,1
CUB-200-2011,CUB_000906,6,6,0.8563,100,0.8462,0.1997,1
CUB-200-2011,CUB_000907,7,7,0.7305,74,0.6999,0.3534,1
CUB-200-2011,CUB_000908,8,8,0.6153,83,0.6516,0.3571,1
CUB-200-2011,CUB_000909,9,9,0.8748,109,0.8721,0.078,1
CUB-200-2011,CUB_000910,10,10,0.7818,111,0.754,0.1857,1
CUB-200-2011,CUB_000911,11,11,0.7839,122,0.7867,0.1571,1
CUB-200-2011,CUB_000912,12,12,0.8498,10,0.8625,0.0685,1
CUB-200-2011,CUB_000913,13,13,0.4173,58,0.2885,0.6761,1
CUB-200-2011,CUB_000914,14,19,0.6197,145,0.5328,0.4442,0
CUB-200-2011,CUB_000915,15,15,0.6028,109,0.4921,0.5881,1
CUB-200-2011,CUB_000916,16,16,0.6939,39,0.5959,0.4701,1
CUB-200-2011,CUB_000917,17,17,0.9286,40,0.9286,0.0489,1
CUB-200-2011,CUB_000918,18,18,0.5833,108,0.5997,0.3521,1
CUB-200-2011,CUB_000919,19,19,0.5051,10,0.4563,0.5594,1
CUB-200-2011,CUB_000920,20,20,0.745,18,0.6856,0.2872,1
CUB-200-2011,CUB_000921,21,21,0.747,64,0.6797,0.3053,1
CUB-200-2011,CUB_000922,22,22,0.6451,6,0.4921,0.4682,1
CUB-200-2011,CUB_000923,23,23,0.3417,75,0.1978,0.7634,1
CUB-200-2011,CUB_000924,24,24,0.8646,45,0.8056,0.1955,1
CUB-200-2011,CUB_000925,25,25,0.6927,124,0.8073,0.2935,1
CUB-200-2011,CUB_000926,26,26,0.8799,19,0.8785,0.0853,1
CUB-200-2011,CUB_000927,27,27,0.9102,121,0.8349,0.1296,1
CUB-200-2011,CUB_000928,28,28,0.9129,84,0.9929,0.0474,1
CUB-200-2011,CUB_000929,29,29,0.8021,86,0.9239,0.0516,1
CUB-200-2011,CUB_000930,30,11,0.0838,97,0.081,0.8813,0
CUB-200-2011,CUB_000931,31,33,0.3195,98,0.2583,0.827,0
CUB-200-2011,CUB_000932,32,32,0.8354,128,0.8424,0.1725,1
CUB-200-2011,CUB_000933,33,33,0.911,26,0.9053,0.0,1
CUB-200-2011,CUB_000934,34,34,0.8173,70,0.7507,0.2828,1
CUB-200-2011,CUB_000935,35,35,0.8844,17,0.8294,0.2502,1
CUB-200-2011,CUB_000936,36,36,0.9544,90,0.8962,0.1057,1
CUB-200-2011,CUB_000937,37,37,0.7057,130,0.7484,0.2534,1
CUB-200-2011,CUB_000938,38,38,0.9133,100,0.826,0.2105,1
CUB-200-2011,CUB_000939,39,39,0.6623,3,0.6992,0.3716,1
CUB-200-2011,CUB_000940,40,40,0.8008,8,0.8276,0.1616,1
CUB-200-2011,CUB_000941,41,41,0.6828,51,0.6248,0.3065,1
CUB-200-2011,CUB_000942,42,42,0.9517,26,0.8689,0.0938,1
CUB-200-2011,CUB_000943,43,43,0.906,83,0.9918,0.0,1
CUB-200-2011,CUB_000944,44,9,0.6282,54,0.6664,0.3479,0
CUB-200-2011,CUB_000945,45,45,0.955,42,1.0,0.0308,1
CUB-200-2011,CUB_000946,46,46,0.9035,68,0.849,0.1937,1
CUB-200-2011,CUB_000947,47,47,0.8513,48,0.8655,0.1754,1
CUB-200-2011,CUB_000948,48,48,0.7102,144,0.7533,0.1347,1
CUB-200-2011,CUB_000949,49,49,0.7805,90,0.8306,0.1717,1
CUB-200-2011,CUB_000950,0,0,0.7387,31,0.6173,0.3716,1
CUB-200-2011,CUB_000951,1,1,0.6646,62,0.6306,0.234,1
CUB-200-2011,CUB_000952,2,2,0.9243,2,1.0,0.007,1
CUB-200-2011,CUB_000953,3,3,0.8144,89,0.7924,0.2071,1
CUB-200-2011,CUB_000954,4,4,0.7636,43,0.9121,0.1418,1
CUB-200-2011,CUB_000955,5,26,0.5873,24,0.5759,0.4831,0
CUB-200-2011,CUB_000956,6,6,0.7647,2,0.6833,0.2825,1
CUB-200-2011,CUB_000957,7,7,0.705,90,0.6993,0.2334,1
CUB-200-2011,CUB_000958,8,8,0.6207,97,0.5832,0.4553,1
CUB-200-2011,CUB_000959,9,9,0.8329,139,0.7388,0.2785,1
CUB-200-2011,CUB_000960,10,10,0.7485,20,0.6654,0.29,1
CUB-200-2011,CUB_000961,11,11,0.8576,34,0.8511,0.1257,1
CUB-200-2011,CUB_000962,12,12,0.8225,104,0.6925,0.3402,1
CUB-200-2011,CUB_000963,13,13,0.7461,75,0.6783,0.3529,1
CUB-200-2011,CUB_000964,14,14,0.973,14,1.0,0.0,1
CUB-200-2011,CUB_000965,15,15,0.7882,43,0.9091,0.0758,1
CUB-200-2011,CUB_000966,16,16,0.7093,52,0.7206,0.3106,1
CUB-200-2011,CUB_000967,17,17,0.8524,145,0.9286,0.0923,1
CUB-200-2011,CUB_000968,18,18,0.9169,117,0.9376,0.0359,1
CUB-200-2011,CUB_000969,19,19,0.8621,76,0.7521,0.2831,1
CUB-200-2011,CUB_000970,20,20,0.8377,124,0.8892,0.177,1
CUB-200-2011,CUB_000971,21,21,0.7712,4,0.7468,0.3127,1
CUB-200-2011,CUB_000972,22,22,0.5248,47,0.5686,0.4149,1
CUB-200-2011,CUB_000973,23,23,0.9381,67,1.0,0.0763,1
CUB-200-2011,CUB_000974,24,24,0.8192,60,0.7376,0.2173,1
CUB-200-2011,CUB_000975,25,25,0.8593,0,0.9128,0.0077,1
CUB-200-2011,CUB_000976,26,26,0.8082,47,0.8426,0.1211,1
CUB-200-2011,CUB_000977,27,27,0.84,78,0.8641,0.1656,1
CUB-200-2011,CUB_000978,28,28,0.8785,4,0.729,0.2776,1
CUB-200-2011,CUB_000979,29,29,0.5894,61,0.6702,0.2734,1
CUB-200-2011,CUB_000980,30,30,0.9607,99,0.8266,0.1258,1
CUB-200-2011,CUB_000981,31,31,0.3608,79,0.3468,0.6614,1
CUB-200-2011,CUB_000982,32,32,0.9363,79,0.8396,0.1744,1
CUB-200-2011,CUB_000983,33,33,0.7139,124,0.5377,0.5007,1
CUB-200-2011,CUB_000984,34,34,0.6098,33,0.6379,0.426,1
CUB-200-2011,CUB_000985,35,35,0.8693,146,0.7879,0.2442,1
CUB-200-2011,CUB_000986,36,16,0.2395,97,0.2635,0.7681,0
CUB-200-2011,CUB_000987,37,37,0.9331,36,1.0,0.0,1
CUB-200-2011,CUB_000988,38,38,0.7584,5,0.7818,0.1854,1
CUB-200-2011,CUB_000989,39,39,0.608,74,0.5601,0.4521,1
CUB-200-2011,CUB_000990,40,40,0.8697,8,0.9125,0.0353,1
CUB-200-2011,CUB_000991,41,41,0.9443,79,0.9179,0.0888,1
CUB-200-2011,CUB_000992,42,29,0.6917,67,0.6842,0.2662,0
CUB-200-2011,CUB_000993,43,43,0.7763,30,0.8966,0.1218,1
CUB-200-2011,CUB_000994,44,28,0.2814,14,0.3559,0.6261,0
CUB-200-2011,CUB_000995,45,45,0.7594,9,0.7514,0.2556,1
CUB-200-2011,CUB_000996,46,8,0.1937,106,0.2182,0.7836,0
CUB-200-2011,CUB_000997,47,47,0.8278,16,0.8066,0.2317,1
CUB-200-2011,CUB_000998,48,1,0.423,75,0.4087,0.6012,0
CUB-200-2011,CUB_000999,49,49,0.6468,123,0.5654,0.5361,1
CUB-200-2011,CUB_001000,0,0,0.8361,132,0.8219,0.1313,1
CUB-200-2011,CUB_001001,1,1,0.7356,118,0.5495,0.5175,1
CUB-200-2011,CUB_001002,2,2,0.845,133,0.8433,0.129,1
CUB-200-2011,CUB_001003,3,28,0.4316,68,0.4849,0.5659,0
CUB-200-2011,CUB_001004,4,4,0.885,101,0.9087,0.1202,1
CUB-200-2011,CUB_001005,5,5,0.7689,124,0.9008,0.1191,1
CUB-200-2011,CUB_001006,6,6,0.9329,21,1.0,0.0,1
CUB-200-2011,CUB_001007,7,7,0.8302,88,0.8165,0.2293,1
CUB-200-2011,CUB_001008,8,30,0.0904,65,0.0041,0.9484,0
CUB-200-2011,CUB_001009,9,9,0.6717,66,0.571,0.4681,1
CUB-200-2011,CUB_001010,10,10,0.9528,143,0.977,0.0,1
CUB-200-2011,CUB_001011,11,11,0.8694,129,0.8429,0.0978,1
CUB-200-2011,CUB_001012,12,12,0.8521,139,0.9163,0.0686,1
CUB-200-2011,CUB_001013,13,1,0.2347,43,0.1809,0.7888,0
CUB-200-2011,CUB_001014,14,14,0.7509,112,0.8083,0.1255,1
CUB-200-2011,CUB_001015,15,15,0.6891,74,0.606,0.3775,1
CUB-200-2011,CUB_001016,16,16,0.6503,80,0.5466,0.4984,1
CUB-200-2011,CUB_001017,17,17,0.9364,55,0.9312,0.1086,1
CUB-200-2011,CUB_001018,18,18,0.9745,141,0.96,0.0556,1
CUB-200-2011,CUB_001019,19,19,0.7473,67,0.6611,0.3172,1
CUB-200-2011,CUB_001020,20,20,0.9032,137,0.898,0.006,1
CUB-200-2011,CUB_001021,21,21,0.8582,59,0.7859,0.202,1
CUB-200-2011,CUB_001022,22,10,0.4196,149,0.3135,0.6299,0
CUB-200-2011,CUB_001023,23,23,0.5008,103,0.48,0.437,1
CUB-200-2011,CUB_001024,24,24,0.8124,102,0.7652,0.2311,1
CUB-200-2011,CUB_001025,25,25,0.8048,132,0.7356,0.1553,1
CUB-200-2011,CUB_001026,26,26,0.8243,55,0.9099,0.0508,1
CUB-200-2011,CUB_001027,27,27,0.8165,146,0.7943,0.1974,1
CUB-200-2011,CUB_001028,28,28,0.6717,117,0.5945,0.3845,1
CUB-200-2011,CUB_001029,29,29,0.9761,126,0.9749,0.1022,1
CUB-200-2011,CUB_001030,30,30,0.6344,0,0.5735,0.3986,1
CUB-200-2011,CUB_001031,31,31,0.9191,92,0.8149,0.1444,1
CUB-200-2011,CUB_001032,32,32,0.7947,24,0.8689,0.1072,1
CUB-200-2011,CUB_001033,33,33,0.8554,111,0.7708,0.2102,1
CUB-200-2011,CUB_001034,34,34,0.7059,137,0.6702,0.3201,1
CUB-200-2011,CUB_001035,35,35,0.8934,31,0.8279,0.1894,1
CUB-200-2011,CUB_001036,36,36,0.7506,111,0.677,0.2979,1
CUB-200-2011,CUB_001037,37,37,0.8787,141,0.9455,0.0545,1
CUB-200-2011,CUB_001038,38,38,0.9461,99,0.9489,0.1171,1
CUB-200-2011,CUB_001039,39,39,0.8153,146,0.9062,0.1591,1
CUB-200-2011,CUB_001040,40,40,0.8647,97,0.8407,0.1944,1
CUB-200-2011,CUB_001041,41,41,0.8337,10,0.9228,0.0881,1
CUB-200-2011,CUB_001042,42,42,0.8778,8,0.9249,0.0944,1
CUB-200-2011,CUB_001043,43,43,0.9757,112,1.0,0.0,1
CUB-200-2011,CUB_001044,44,44,0.6697,140,0.7364,0.2602,1
CUB-200-2011,CUB_001045,45,45,0.8715,133,0.7969,0.2406,1
CUB-200-2011,CUB_001046,46,46,0.7431,48,0.8333,0.0971,1
CUB-200-2011,CUB_001047,47,47,0.8258,131,0.7919,0.2005,1
CUB-200-2011,CUB_001048,48,48,0.8822,148,0.7609,0.297,1
CUB-200-2011,CUB_001049,49,49,0.9364,83,0.9305,0.017,1
CUB-200-2011,CUB_001050,0,0,0.7925,118,0.8325,0.2118,1
CUB-200-2011,CUB_001051,1,1,0.6593,114,0.4499,0.6132,1
CUB-200-2011,CUB_001052,2,2,0.4495,81,0.3757,0.5813,1
CUB-200-2011,CUB_001053,3,3,0.8104,10,0.8147,0.0682,1
CUB-200-2011,CUB_001054,4,4,0.7549,55,0.6403,0.4388,1
CUB-200-2011,CUB_001055,5,5,0.7801,145,0.8426,0.0887,1
CUB-200-2011,CUB_001056,6,6,0.8441,20,0.8195,0.065,1
CUB-200-2011,CUB_001057,7,7,0.7644,123,0.7082,0.3235,1
CUB-200-2011,CUB_001058,8,8,0.8492,61,0.7979,0.2755,1
CUB-200-2011,CUB_001059,9,9,0.9122,92,0.9563,0.0,1
CUB-200-2011,CUB_001060,10,10,0.9281,55,1.0,0.0252,1
CUB-200-2011,CUB_001061,11,11,0.6758,115,0.7726,0.1512,1
CUB-200-2011,CUB_001062,12,12,0.8982,126,0.8988,0.0832,1
CUB-200-2011,CUB_001063,13,13,0.9634,55,1.0,0.003,1
CUB-200-2011,CUB_001064,14,14,0.7923,8,0.827,0.1226,1
CUB-200-2011,CUB_001065,15,34,0.3381,115,0.1894,0.8802,0
CUB-200-2011,CUB_001066,16,16,0.7317,56,0.6761,0.346,1
CUB-200-2011,CUB_001067,17,17,0.6813,31,0.6111,0.3903,1
CUB-200-2011,CUB_001068,18,18,0.7472,78,0.6712,0.2925,1
CUB-200-2011,CUB_001069,19,19,0.8104,37,0.7717,0.2515,1
CUB-200-2011,CUB_001070,20,20,0.807,83,0.7961,0.2176,1
CUB-200-2011,CUB_001071,21,21,0.5617,100,0.5359,0.4722,1
CUB-200-2011,CUB_001072,22,22,0.8576,136,0.9152,0.112,1
CUB-200-2011,CUB_001073,23,29,0.1879,128,0.1887,0.7666,0
CUB-200-2011,CUB_001074,24,24,0.7203,96,0.6238,0.3935,1
CUB-200-2011,CUB_001075,25,25,0.7454,29,0.6029,0.4103,1
CUB-200-2011,CUB_001076,26,26,0.6626,40,0.5736,0.5208,1
CUB-200-2011,CUB_001077,27,27,0.8989,49,0.8846,0.0662,1
CUB-200-2011,CUB_001078,28,28,0.8637,120,0.7842,0.2255,1
CUB-200-2011,CUB_001079,29,29,0.9281,1,0.83,0.1559,1
CUB-200-2011,CUB_001080,30,30,0.8258,93,0.7988,0.1661,1
CUB-200-2011,CUB_001081,31,31,0.9141,38,0.8631,0.0962,1
CUB-200-2011,CUB_001082,32,32,0.8742,83,0.8982,0.1109,1
CUB-200-2011,CUB_001083,33,15,0.2305,77,0.1975,0.8719,0
CUB-200-2011,CUB_001084,34,34,0.7174,134,0.7921,0.2324,1
CUB-200-2011,CUB_001085,35,35,0.8878,121,0.8194,0.1757,1
CUB-200-2011,CUB_001086,36,36,0.8378,136,0.8458,0.1696,1
CUB-200-2011,CUB_001087,37,37,0.8978,72,1.0,0.0,1
CUB-200-2011,CUB_001088,38,38,0.7099,69,0.6481,0.3414,1
CUB-200-2011,CUB_001089,39,39,0.9222,48,0.8895,0.0933,1
CUB-200-2011,CUB_001090,40,15,0.5686,49,0.5897,0.4038,0
CUB-200-2011,CUB_001091,41,41,0.9291,66,1.0,0.0,1
CUB-200-2011,CUB_001092,42,42,0.9578,31,0.9081,0.0791,1
CUB-200-2011,CUB_001093,43,43,0.8968,95,0.8298,0.1702,1
CUB-200-2011,CUB_001094,44,5,0.2861,71,0.2615,0.701,0
CUB-200-2011,CUB_001095,45,45,0.9557,112,1.0,0.0,1
CUB-200-2011,CUB_001096,46,47,0.6073,123,0.593,0.4,0
CUB-200-2011,CUB_001097,47,47,0.8082,115,0.8543,0.1875,1
CUB-200-2011,CUB_001098,48,48,0.6574,7,0.6611,0.3948,1
CUB-200-2011,CUB_001099,49,49,0.5915,137,0.5626,0.4817,1
CUB-200-2011,CUB_001100,0,0,0.963,123,1.0,0.005,1
CUB-200-2011,CUB_001101,1,1,0.7149,81,0.5578,0.3366,1
CUB-200-2011,CUB_001102,2,2,0.8701,57,1.0,0.0143,1
CUB-200-2011,CUB_001103,3,3,0.6307,130,0.595,0.3822,1
CUB-200-2011,CUB_001104,4,4,0.9328,15,0.8761,0.2272,1
CUB-200-2011,CUB_001105,5,5,0.8496,5,0.9717,0.0,1
CUB-200-2011,CUB_001106,6,6,0.7515,90,0.8227,0.2267,1
CUB-200-2011,CUB_001107,7,7,0.5338,61,0.521,0.5303,1
CUB-200-2011,CUB_001108,8,23,0.1642,0,0.3597,0.6512,0
CUB-200-2011,CUB_001109,9,9,0.5971,0,0.7315,0.2047,1
CUB-200-2011,CUB_001110,10,10,0.9611,133,1.0,0.004,1
CUB-200-2011,CUB_001111,11,11,0.8081,43,0.7594,0.2657,1
CUB-200-2011,CUB_001112,12,12,0.9547,107,0.9032,0.1982,1
CUB-200-2011,CUB_001113,13,32,0.3223,127,0.2189,0.8312,0
CUB-200-2011,CUB_001114,14,14,0.9606,81,0.7736,0.1778,1
CUB-200-2011,CUB_001115,15,15,0.916,22,0.8559,0.1219,1
CUB-200-2011,CUB_001116,16,16,0.749,62,0.8194,0.1457,1
CUB-200-2011,CUB_001117,17,17,0.9702,12,1.0,0.0,1
CUB-200-2011,CUB_001118,18,18,0.821,45,0.7898,0.2509,1
CUB-200-2011,CUB_001119,19,19,0.8841,122,0.9381,0.0979,1
CUB-200-2011,CUB_001120,20,20,0.6845,136,0.6415,0.3395,1
CUB-200-2011,CUB_001121,21,21,0.6307,82,0.5164,0.5715,1
CUB-200-2011,CUB_001122,22,22,0.7542,25,0.6844,0.2711,1
CUB-200-2011,CUB_001123,23,23,0.8529,44,0.7531,0.2489,1
CUB-200-2011,CUB_001124,24,24,0.8407,80,0.9387,0.0535,1
CUB-200-2011,CUB_001125,25,25,0.9675,51,1.0,0.0,1
CUB-200-2011,CUB_001126,26,26,0.9792,94,0.8616,0.1234,1
CUB-200-2011,CUB_001127,27,27,0.5892,26,0.7338,0.2602,1
CUB-200-2011,CUB_001128,28,28,0.6397,30,0.5324,0.4088,1
CUB-200-2011,CUB_001129,29,29,0.7227,109,0.7844,0.1834,1
CUB-200-2011,CUB_001130,30,30,0.8017,0,0.884,0.0466,1
CUB-200-2011,CUB_001131,31,31,0.8646,142,0.8945,0.0654,1
CUB-200-2011,CUB_001132,32,32,0.7824,16,0.771,0.2477,1
CUB-200-2011,CUB_001133,33,33,0.653,15,0.5022,0.4201,1
CUB-200-2011,CUB_001134,34,34,0.8173,6,0.9631,0.0092,1
CUB-200-2011,CUB_001135,35,35,0.839,59,0.8836,0.1124,1
CUB-200-2011,CUB_001136,36,36,0.7641,13,0.8606,0.1455,1
CUB-200-2011,CUB_001137,37,37,0.7414,106,0.719,0.2467,1
CUB-200-2011,CUB_001138,38,38,0.8873,103,0.8025,0.2542,1
CUB-200-2011,CUB_001139,39,39,0.6414,109,0.7727,0.2056,1
CUB-200-2011,CUB_001140,40,40,0.868,70,0.9256,0.0984,1
CUB-200-2011,CUB_001141,41,41,0.8801,103,0.9054,0.1126,1
CUB-200-2011,CUB_001142,42,42,0.7965,2,0.714,0.1133,1
CUB-200-2011,CUB_001143,43,43,0.8579,70,0.7029,0.4332,1
CUB-200-2011,CUB_001144,44,44,0.9211,54,0.9941,0.0,1
CUB-200-2011,CUB_001145,45,45,0.7719,40,0.8224,0.2461,1
CUB-200-2011,CUB_001146,46,46,0.9069,129,0.8509,0.1161,1
CUB-200-2011,CUB_001147,47,47,0.9181,87,0.8184,0.2342,1
CUB-200-2011,CUB_001148,48,48,0.9667,27,0.9827,0.0,1
CUB-200-2011,CUB_001149,49,49,0.9796,108,1.0,0.0,1
CUB-200-2011,CUB_001150,0,0,0.9204,103,0.7639,0.2416,1
CUB-200-2011,CUB_001151,1,1,0.8161,68,0.6853,0.3723,1
CUB-200-2011,CUB_001152,2,2,0.9449,149,0.9471,0.092,1
CUB-200-2011,CUB_001153,3,3,0.8005,71,0.8414,0.1457,1
CUB-200-2011,CUB_001154,4,4,0.7837,32,0.7311,0.2929,1
CUB-200-2011,CUB_001155,5,5,0.7286,105,0.6861,0.3291,1
CUB-200-2011,CUB_001156,6,6,0.9366,122,0.8988,0.0844,1
CUB-200-2011,CUB_001157,7,7,0.9286,92,0.9288,0.0796,1
CUB-200-2011,CUB_001158,8,8,0.7523,66,0.731,0.3323,1
CUB-200-2011,CUB_001159,9,9,0.8242,143,0.9351,0.0,1
CUB-200-2011,CUB_001160,10,10,0.7435,51,0.6411,0.3522,1
CUB-200-2011,CUB_001161,11,11,0.6394,47,0.6068,0.44,1
CUB-200-2011,CUB_001162,12,12,0.9125,91,0.9474,0.0051,1
CUB-200-2011,CUB_001163,13,13,0.7892,87,0.6609,0.3429,1
CUB-200-2011,CUB_001164,14,14,0.8894,88,0.8326,0.2259,1
CUB-200-2011,CUB_001165,15,15,0.8442,29,0.9011,0.1116,1
CUB-200-2011,CUB_001166,16,16,0.9661,37,1.0,0.0001,1
CUB-200-2011,CUB_001167,17,17,0.7909,51,0.8474,0.1844,1
CUB-200-2011,CUB_001168,18,18,0.9019,33,0.9252,0.0491,1
CUB-200-2011,CUB_001169,19,3,0.1915,32,0.0322,0.9824,0
CUB-200-2011,CUB_001170,20,20,0.8072,104,0.8101,0.1696,1
CUB-200-2011,CUB_001171,21,35,0.1568,130,0.2075,0.7341,0
CUB-200-2011,CUB_001172,22,22,0.954,121,0.9687,0.0631,1
CUB-200-2011,CUB_001173,23,23,0.9347,112,0.9946,0.0,1
CUB-200-2011,CUB_001174,24,24,0.7536,49,0.7378,0.2434,1
CUB-200-2011,CUB_001175,25,25,0.5921,99,0.5901,0.3847,1
CUB-200-2011,CUB_001176,26,26,0.8667,149,0.9679,0.0,1
CUB-200-2011,CUB_001177,27,27,0.7934,17,0.9211,0.139,1
CUB-200-2011,CUB_001178,28,28,0.8005,6,0.8255,0.1752,1
CUB-200-2011,CUB_001179,29,29,0.8966,0,0.9162,0.0812,1
CUB-200-2011,CUB_001180,30,30,0.8216,91,0.881,0.2358,1
CUB-200-2011,CUB_001181,31,31,0.7254,121,0.7986,0.232,1
CUB-200-2011,CUB_001182,32,32,0.9224,120,0.8945,0.0923,1
CUB-200-2011,CUB_001183,33,25,0.3488,146,0.2182,0.8047,0
CUB-200-2011,CUB_001184,34,34,0.7009,8,0.6348,0.2849,1
CUB-200-2011,CUB_001185,35,35,0.8445,131,0.9248,0.0,1
CUB-200-2011,CUB_001186,36,36,0.9024,114,0.9958,0.0,1
CUB-200-2011,CUB_001187,37,37,0.7506,121,0.6259,0.4514,1
CUB-200-2011,CUB_001188,38,38,0.7563,43,0.6499,0.3463,1
CUB-200-2011,CUB_001189,39,39,0.8487,130,0.9081,0.1238,1
CUB-200-2011,CUB_001190,40,40,0.7372,65,0.6579,0.4735,1
CUB-200-2011,CUB_001191,41,41,0.8854,92,0.8219,0.2372,1
CUB-200-2011,CUB_001192,42,42,0.9007,56,0.9518,0.0,1
CUB-200-2011,CUB_001193,43,17,0.4244,77,0.516,0.4055,0
CUB-200-2011,CUB_001194,44,44,0.7061,38,0.6156,0.4596,1
CUB-200-2011,CUB_001195,45,45,0.8947,51,0.9357,0.1447,1
CUB-200-2011,CUB_001196,46,46,0.9732,100,0.9593,0.0492,1
CUB-200-2011,CUB_001197,47,47,0.692,86,0.6394,0.354,1
CUB-200-2011,CUB_001198,48,48,0.5684,27,0.6546,0.3925,1
CUB-200-2011,CUB_001199,49,49,0.9338,17,0.8989,0.1097,1
