2026-06-01 09:00:00 | INFO | RUN_MODE=deterministic_smoke_test | dataset=PlantVillage | method=ResNet-50 | stage=loader | lr=0.00005938 | val_macro_f1=89.4553 | prototype_update=no
2026-06-01 10:15:00 | INFO | RUN_MODE=deterministic_smoke_test | dataset=PlantVillage | method=ResNet-50 | stage=train | lr=0.00005452 | val_macro_f1=87.0562 | prototype_update=no
2026-06-01 13:50:00 | INFO | RUN_MODE=deterministic_smoke_test | dataset=PlantVillage | method=ResNet-50 | stage=eval | lr=0.00005191 | val_macro_f1=90.0870 | prototype_update=no
2026-06-01 08:48:00 | INFO | RUN_MODE=deterministic_smoke_test | dataset=PlantVillage | method=EfficientNet-B3 | stage=loader | lr=0.00008199 | val_macro_f1=86.2716 | prototype_update=no
2026-06-01 10:53:00 | INFO | RUN_MODE=deterministic_smoke_test | dataset=PlantVillage | method=EfficientNet-B3 | stage=train | lr=0.00006081 | val_macro_f1=88.6655 | prototype_update=no
2026-06-01 13:57:00 | INFO | RUN_MODE=deterministic_smoke_test | dataset=PlantVillage | method=EfficientNet-B3 | stage=eval | lr=0.00009020 | val_macro_f1=87.8358 | prototype_update=no
2026-06-01 09:42:00 | INFO | RUN_MODE=deterministic_smoke_test | dataset=PlantVillage | method=ConvNeXt-Tiny | stage=loader | lr=0.00008411 | val_macro_f1=89.8339 | prototype_update=no
2026-06-01 11:02:00 | INFO | RUN_MODE=deterministic_smoke_test | dataset=PlantVillage | method=ConvNeXt-Tiny | stage=train | lr=0.00008842 | val_macro_f1=91.6294 | prototype_update=no
2026-06-01 14:11:00 | INFO | RUN_MODE=deterministic_smoke_test | dataset=PlantVillage | method=ConvNeXt-Tiny | stage=eval | lr=0.00009341 | val_macro_f1=91.2400 | prototype_update=no
2026-06-01 09:34:00 | INFO | RUN_MODE=deterministic_smoke_test | dataset=PlantVillage | method=Swin-Tiny | stage=loader | lr=0.00009288 | val_macro_f1=85.1343 | prototype_update=no
2026-06-01 11:01:00 | INFO | RUN_MODE=deterministic_smoke_test | dataset=PlantVillage | method=Swin-Tiny | stage=train | lr=0.00008419 | val_macro_f1=91.1874 | prototype_update=no
2026-06-01 13:36:00 | INFO | RUN_MODE=deterministic_smoke_test | dataset=PlantVillage | method=Swin-Tiny | stage=eval | lr=0.00006033 | val_macro_f1=89.3016 | prototype_update=no
2026-06-01 08:23:00 | INFO | RUN_MODE=deterministic_smoke_test | dataset=PlantVillage | method=ConvNeXt+ARM | stage=loader | lr=0.00008309 | val_macro_f1=90.1079 | prototype_update=no
2026-06-01 11:05:00 | INFO | RUN_MODE=deterministic_smoke_test | dataset=PlantVillage | method=ConvNeXt+ARM | stage=train | lr=0.00007461 | val_macro_f1=85.5898 | prototype_update=no
2026-06-01 13:26:00 | INFO | RUN_MODE=deterministic_smoke_test | dataset=PlantVillage | method=ConvNeXt+ARM | stage=eval | lr=0.00006014 | val_macro_f1=88.6408 | prototype_update=no
2026-06-01 09:56:00 | INFO | RUN_MODE=deterministic_smoke_test | dataset=PlantVillage | method=UAMP-Net | stage=loader | lr=0.00005263 | val_macro_f1=89.9429 | prototype_update=no
2026-06-01 11:37:00 | INFO | RUN_MODE=deterministic_smoke_test | dataset=PlantVillage | method=UAMP-Net | stage=train | lr=0.00005271 | val_macro_f1=90.7327 | prototype_update=yes
2026-06-01 13:42:00 | INFO | RUN_MODE=deterministic_smoke_test | dataset=PlantVillage | method=UAMP-Net | stage=eval | lr=0.00008414 | val_macro_f1=88.4301 | prototype_update=no
2026-06-01 08:32:00 | INFO | RUN_MODE=deterministic_smoke_test | dataset=PlantDoc | method=ResNet-50 | stage=loader | lr=0.00009482 | val_macro_f1=87.3716 | prototype_update=no
2026-06-01 10:46:00 | INFO | RUN_MODE=deterministic_smoke_test | dataset=PlantDoc | method=ResNet-50 | stage=train | lr=0.00006748 | val_macro_f1=89.9214 | prototype_update=no
2026-06-01 13:10:00 | INFO | RUN_MODE=deterministic_smoke_test | dataset=PlantDoc | method=ResNet-50 | stage=eval | lr=0.00008338 | val_macro_f1=88.7072 | prototype_update=no
2026-06-01 10:07:00 | INFO | RUN_MODE=deterministic_smoke_test | dataset=PlantDoc | method=EfficientNet-B3 | stage=loader | lr=0.00008428 | val_macro_f1=90.3603 | prototype_update=no
2026-06-01 10:59:00 | INFO | RUN_MODE=deterministic_smoke_test | dataset=PlantDoc | method=EfficientNet-B3 | stage=train | lr=0.00009947 | val_macro_f1=84.7915 | prototype_update=no
2026-06-01 13:20:00 | INFO | RUN_MODE=deterministic_smoke_test | dataset=PlantDoc | method=EfficientNet-B3 | stage=eval | lr=0.00009776 | val_macro_f1=84.7935 | prototype_update=no
2026-06-01 08:49:00 | INFO | RUN_MODE=deterministic_smoke_test | dataset=PlantDoc | method=ConvNeXt-Tiny | stage=loader | lr=0.00009388 | val_macro_f1=84.3783 | prototype_update=no
2026-06-01 11:46:00 | INFO | RUN_MODE=deterministic_smoke_test | dataset=PlantDoc | method=ConvNeXt-Tiny | stage=train | lr=0.00007605 | val_macro_f1=88.5166 | prototype_update=no
2026-06-01 13:16:00 | INFO | RUN_MODE=deterministic_smoke_test | dataset=PlantDoc | method=ConvNeXt-Tiny | stage=eval | lr=0.00008409 | val_macro_f1=85.3357 | prototype_update=no
2026-06-01 09:10:00 | INFO | RUN_MODE=deterministic_smoke_test | dataset=PlantDoc | method=Swin-Tiny | stage=loader | lr=0.00006587 | val_macro_f1=84.0586 | prototype_update=no
2026-06-01 11:15:00 | INFO | RUN_MODE=deterministic_smoke_test | dataset=PlantDoc | method=Swin-Tiny | stage=train | lr=0.00006542 | val_macro_f1=89.7453 | prototype_update=no
2026-06-01 12:17:00 | INFO | RUN_MODE=deterministic_smoke_test | dataset=PlantDoc | method=Swin-Tiny | stage=eval | lr=0.00009100 | val_macro_f1=87.3295 | prototype_update=no
2026-06-01 08:15:00 | INFO | RUN_MODE=deterministic_smoke_test | dataset=PlantDoc | method=ConvNeXt+ARM | stage=loader | lr=0.00009715 | val_macro_f1=86.3048 | prototype_update=no
2026-06-01 10:17:00 | INFO | RUN_MODE=deterministic_smoke_test | dataset=PlantDoc | method=ConvNeXt+ARM | stage=train | lr=0.00009099 | val_macro_f1=88.0171 | prototype_update=no
2026-06-01 13:17:00 | INFO | RUN_MODE=deterministic_smoke_test | dataset=PlantDoc | method=ConvNeXt+ARM | stage=eval | lr=0.00007712 | val_macro_f1=88.0965 | prototype_update=no
2026-06-01 10:11:00 | INFO | RUN_MODE=deterministic_smoke_test | dataset=PlantDoc | method=UAMP-Net | stage=loader | lr=0.00007779 | val_macro_f1=88.1398 | prototype_update=no
2026-06-01 11:56:00 | INFO | RUN_MODE=deterministic_smoke_test | dataset=PlantDoc | method=UAMP-Net | stage=train | lr=0.00009172 | val_macro_f1=89.4680 | prototype_update=yes
2026-06-01 14:05:00 | INFO | RUN_MODE=deterministic_smoke_test | dataset=PlantDoc | method=UAMP-Net | stage=eval | lr=0.00009386 | val_macro_f1=86.8145 | prototype_update=no
2026-06-01 09:43:00 | INFO | RUN_MODE=deterministic_smoke_test | dataset=CUB-200-2011 | method=ResNet-50 | stage=loader | lr=0.00009899 | val_macro_f1=89.8377 | prototype_update=no
2026-06-01 11:08:00 | INFO | RUN_MODE=deterministic_smoke_test | dataset=CUB-200-2011 | method=ResNet-50 | stage=train | lr=0.00007617 | val_macro_f1=89.0902 | prototype_update=no
2026-06-01 13:57:00 | INFO | RUN_MODE=deterministic_smoke_test | dataset=CUB-200-2011 | method=ResNet-50 | stage=eval | lr=0.00009507 | val_macro_f1=87.3411 | prototype_update=no
2026-06-01 09:33:00 | INFO | RUN_MODE=deterministic_smoke_test | dataset=CUB-200-2011 | method=EfficientNet-B3 | stage=loader | lr=0.00006287 | val_macro_f1=86.6432 | prototype_update=no
2026-06-01 10:47:00 | INFO | RUN_MODE=deterministic_smoke_test | dataset=CUB-200-2011 | method=EfficientNet-B3 | stage=train | lr=0.00005759 | val_macro_f1=91.1391 | prototype_update=no
2026-06-01 13:18:00 | INFO | RUN_MODE=deterministic_smoke_test | dataset=CUB-200-2011 | method=EfficientNet-B3 | stage=eval | lr=0.00007055 | val_macro_f1=91.7458 | prototype_update=no
2026-06-01 09:03:00 | INFO | RUN_MODE=deterministic_smoke_test | dataset=CUB-200-2011 | method=ConvNeXt-Tiny | stage=loader | lr=0.00006918 | val_macro_f1=85.1570 | prototype_update=no
2026-06-01 11:21:00 | INFO | RUN_MODE=deterministic_smoke_test | dataset=CUB-200-2011 | method=ConvNeXt-Tiny | stage=train | lr=0.00009899 | val_macro_f1=89.8745 | prototype_update=no
2026-06-01 13:01:00 | INFO | RUN_MODE=deterministic_smoke_test | dataset=CUB-200-2011 | method=ConvNeXt-Tiny | stage=eval | lr=0.00006656 | val_macro_f1=89.5537 | prototype_update=no
2026-06-01 08:15:00 | INFO | RUN_MODE=deterministic_smoke_test | dataset=CUB-200-2011 | method=Swin-Tiny | stage=loader | lr=0.00007947 | val_macro_f1=88.8769 | prototype_update=no
2026-06-01 10:35:00 | INFO | RUN_MODE=deterministic_smoke_test | dataset=CUB-200-2011 | method=Swin-Tiny | stage=train | lr=0.00009671 | val_macro_f1=88.5865 | prototype_update=no
2026-06-01 12:25:00 | INFO | RUN_MODE=deterministic_smoke_test | dataset=CUB-200-2011 | method=Swin-Tiny | stage=eval | lr=0.00009089 | val_macro_f1=88.8635 | prototype_update=no
2026-06-01 09:02:00 | INFO | RUN_MODE=deterministic_smoke_test | dataset=CUB-200-2011 | method=ConvNeXt+ARM | stage=loader | lr=0.00007631 | val_macro_f1=87.6057 | prototype_update=no
2026-06-01 11:07:00 | INFO | RUN_MODE=deterministic_smoke_test | dataset=CUB-200-2011 | method=ConvNeXt+ARM | stage=train | lr=0.00005393 | val_macro_f1=84.1918 | prototype_update=no
2026-06-01 13:07:00 | INFO | RUN_MODE=deterministic_smoke_test | dataset=CUB-200-2011 | method=ConvNeXt+ARM | stage=eval | lr=0.00006576 | val_macro_f1=89.4905 | prototype_update=no
2026-06-01 09:03:00 | INFO | RUN_MODE=deterministic_smoke_test | dataset=CUB-200-2011 | method=UAMP-Net | stage=loader | lr=0.00005807 | val_macro_f1=87.0823 | prototype_update=no
2026-06-01 11:08:00 | INFO | RUN_MODE=deterministic_smoke_test | dataset=CUB-200-2011 | method=UAMP-Net | stage=train | lr=0.00007461 | val_macro_f1=89.4188 | prototype_update=yes
2026-06-01 14:11:00 | INFO | RUN_MODE=deterministic_smoke_test | dataset=CUB-200-2011 | method=UAMP-Net | stage=eval | lr=0.00006587 | val_macro_f1=88.3260 | prototype_update=no
2026-06-02 09:20:00 | INFO | RUN_MODE=deterministic_smoke_test | dataset=PlantVillage | method=ResNet-50 | stage=loader | lr=0.00008738 | val_macro_f1=90.3479 | prototype_update=no
2026-06-02 11:29:00 | INFO | RUN_MODE=deterministic_smoke_test | dataset=PlantVillage | method=ResNet-50 | stage=train | lr=0.00006611 | val_macro_f1=84.9006 | prototype_update=no
2026-06-02 12:50:00 | INFO | RUN_MODE=deterministic_smoke_test | dataset=PlantVillage | method=ResNet-50 | stage=eval | lr=0.00006161 | val_macro_f1=87.7803 | prototype_update=no
2026-06-02 08:24:00 | INFO | RUN_MODE=deterministic_smoke_test | dataset=PlantVillage | method=EfficientNet-B3 | stage=loader | lr=0.00006823 | val_macro_f1=87.5013 | prototype_update=no
2026-06-02 11:47:00 | INFO | RUN_MODE=deterministic_smoke_test | dataset=PlantVillage | method=EfficientNet-B3 | stage=train | lr=0.00009147 | val_macro_f1=90.9837 | prototype_update=no
2026-06-02 13:51:00 | INFO | RUN_MODE=deterministic_smoke_test | dataset=PlantVillage | method=EfficientNet-B3 | stage=eval | lr=0.00006981 | val_macro_f1=86.1306 | prototype_update=no
2026-06-02 09:17:00 | INFO | RUN_MODE=deterministic_smoke_test | dataset=PlantVillage | method=ConvNeXt-Tiny | stage=loader | lr=0.00009606 | val_macro_f1=86.1176 | prototype_update=no
2026-06-02 10:23:00 | INFO | RUN_MODE=deterministic_smoke_test | dataset=PlantVillage | method=ConvNeXt-Tiny | stage=train | lr=0.00007273 | val_macro_f1=85.5859 | prototype_update=no
2026-06-02 12:24:00 | INFO | RUN_MODE=deterministic_smoke_test | dataset=PlantVillage | method=ConvNeXt-Tiny | stage=eval | lr=0.00008100 | val_macro_f1=90.6150 | prototype_update=no
2026-06-02 08:56:00 | INFO | RUN_MODE=deterministic_smoke_test | dataset=PlantVillage | method=Swin-Tiny | stage=loader | lr=0.00005646 | val_macro_f1=86.2064 | prototype_update=no
2026-06-02 10:15:00 | INFO | RUN_MODE=deterministic_smoke_test | dataset=PlantVillage | method=Swin-Tiny | stage=train | lr=0.00006933 | val_macro_f1=91.1740 | prototype_update=no
2026-06-02 12:46:00 | INFO | RUN_MODE=deterministic_smoke_test | dataset=PlantVillage | method=Swin-Tiny | stage=eval | lr=0.00008309 | val_macro_f1=88.5222 | prototype_update=no
2026-06-02 09:04:00 | INFO | RUN_MODE=deterministic_smoke_test | dataset=PlantVillage | method=ConvNeXt+ARM | stage=loader | lr=0.00008284 | val_macro_f1=85.8622 | prototype_update=no
2026-06-02 11:18:00 | INFO | RUN_MODE=deterministic_smoke_test | dataset=PlantVillage | method=ConvNeXt+ARM | stage=train | lr=0.00005814 | val_macro_f1=84.3398 | prototype_update=no
2026-06-02 12:54:00 | INFO | RUN_MODE=deterministic_smoke_test | dataset=PlantVillage | method=ConvNeXt+ARM | stage=eval | lr=0.00006705 | val_macro_f1=85.2778 | prototype_update=no
2026-06-02 09:01:00 | INFO | RUN_MODE=deterministic_smoke_test | dataset=PlantVillage | method=UAMP-Net | stage=loader | lr=0.00006085 | val_macro_f1=88.7966 | prototype_update=no
2026-06-02 11:39:00 | INFO | RUN_MODE=deterministic_smoke_test | dataset=PlantVillage | method=UAMP-Net | stage=train | lr=0.00006885 | val_macro_f1=88.3049 | prototype_update=yes
2026-06-02 12:52:00 | INFO | RUN_MODE=deterministic_smoke_test | dataset=PlantVillage | method=UAMP-Net | stage=eval | lr=0.00009337 | val_macro_f1=93.2178 | prototype_update=no
2026-06-02 09:22:00 | INFO | RUN_MODE=deterministic_smoke_test | dataset=PlantDoc | method=ResNet-50 | stage=loader | lr=0.00008914 | val_macro_f1=84.9434 | prototype_update=no
2026-06-02 10:57:00 | INFO | RUN_MODE=deterministic_smoke_test | dataset=PlantDoc | method=ResNet-50 | stage=train | lr=0.00006641 | val_macro_f1=91.9539 | prototype_update=no
2026-06-02 13:42:00 | INFO | RUN_MODE=deterministic_smoke_test | dataset=PlantDoc | method=ResNet-50 | stage=eval | lr=0.00006045 | val_macro_f1=88.2131 | prototype_update=no
2026-06-02 08:34:00 | INFO | RUN_MODE=deterministic_smoke_test | dataset=PlantDoc | method=EfficientNet-B3 | stage=loader | lr=0.00008544 | val_macro_f1=84.1681 | prototype_update=no
2026-06-02 11:21:00 | INFO | RUN_MODE=deterministic_smoke_test | dataset=PlantDoc | method=EfficientNet-B3 | stage=train | lr=0.00005711 | val_macro_f1=90.4228 | prototype_update=no
2026-06-02 12:45:00 | INFO | RUN_MODE=deterministic_smoke_test | dataset=PlantDoc | method=EfficientNet-B3 | stage=eval | lr=0.00007044 | val_macro_f1=84.9353 | prototype_update=no
2026-06-02 08:16:00 | INFO | RUN_MODE=deterministic_smoke_test | dataset=PlantDoc | method=ConvNeXt-Tiny | stage=loader | lr=0.00009586 | val_macro_f1=88.3600 | prototype_update=no
2026-06-02 11:40:00 | INFO | RUN_MODE=deterministic_smoke_test | dataset=PlantDoc | method=ConvNeXt-Tiny | stage=train | lr=0.00006910 | val_macro_f1=85.3005 | prototype_update=no
2026-06-02 13:32:00 | INFO | RUN_MODE=deterministic_smoke_test | dataset=PlantDoc | method=ConvNeXt-Tiny | stage=eval | lr=0.00006378 | val_macro_f1=85.7108 | prototype_update=no
2026-06-02 08:35:00 | INFO | RUN_MODE=deterministic_smoke_test | dataset=PlantDoc | method=Swin-Tiny | stage=loader | lr=0.00008760 | val_macro_f1=87.1898 | prototype_update=no
2026-06-02 11:13:00 | INFO | RUN_MODE=deterministic_smoke_test | dataset=PlantDoc | method=Swin-Tiny | stage=train | lr=0.00006548 | val_macro_f1=84.8615 | prototype_update=no
2026-06-02 13:32:00 | INFO | RUN_MODE=deterministic_smoke_test | dataset=PlantDoc | method=Swin-Tiny | stage=eval | lr=0.00005935 | val_macro_f1=84.8103 | prototype_update=no
2026-06-02 08:34:00 | INFO | RUN_MODE=deterministic_smoke_test | dataset=PlantDoc | method=ConvNeXt+ARM | stage=loader | lr=0.00008832 | val_macro_f1=87.5158 | prototype_update=no
2026-06-02 11:28:00 | INFO | RUN_MODE=deterministic_smoke_test | dataset=PlantDoc | method=ConvNeXt+ARM | stage=train | lr=0.00008475 | val_macro_f1=89.4996 | prototype_update=no
2026-06-02 13:03:00 | INFO | RUN_MODE=deterministic_smoke_test | dataset=PlantDoc | method=ConvNeXt+ARM | stage=eval | lr=0.00009706 | val_macro_f1=85.4227 | prototype_update=no
2026-06-02 09:18:00 | INFO | RUN_MODE=deterministic_smoke_test | dataset=PlantDoc | method=UAMP-Net | stage=loader | lr=0.00009194 | val_macro_f1=91.6554 | prototype_update=no
2026-06-02 10:57:00 | INFO | RUN_MODE=deterministic_smoke_test | dataset=PlantDoc | method=UAMP-Net | stage=train | lr=0.00008228 | val_macro_f1=92.5668 | prototype_update=yes
2026-06-02 14:00:00 | INFO | RUN_MODE=deterministic_smoke_test | dataset=PlantDoc | method=UAMP-Net | stage=eval | lr=0.00006428 | val_macro_f1=86.3197 | prototype_update=no
2026-06-02 08:49:00 | INFO | RUN_MODE=deterministic_smoke_test | dataset=CUB-200-2011 | method=ResNet-50 | stage=loader | lr=0.00006937 | val_macro_f1=90.5888 | prototype_update=no
2026-06-02 10:19:00 | INFO | RUN_MODE=deterministic_smoke_test | dataset=CUB-200-2011 | method=ResNet-50 | stage=train | lr=0.00006527 | val_macro_f1=89.3282 | prototype_update=no
2026-06-02 13:28:00 | INFO | RUN_MODE=deterministic_smoke_test | dataset=CUB-200-2011 | method=ResNet-50 | stage=eval | lr=0.00006177 | val_macro_f1=84.1274 | prototype_update=no
2026-06-02 08:32:00 | INFO | RUN_MODE=deterministic_smoke_test | dataset=CUB-200-2011 | method=EfficientNet-B3 | stage=loader | lr=0.00007944 | val_macro_f1=85.6629 | prototype_update=no
2026-06-02 11:16:00 | INFO | RUN_MODE=deterministic_smoke_test | dataset=CUB-200-2011 | method=EfficientNet-B3 | stage=train | lr=0.00009441 | val_macro_f1=86.5506 | prototype_update=no
2026-06-02 12:41:00 | INFO | RUN_MODE=deterministic_smoke_test | dataset=CUB-200-2011 | method=EfficientNet-B3 | stage=eval | lr=0.00009002 | val_macro_f1=90.7072 | prototype_update=no
2026-06-02 08:33:00 | INFO | RUN_MODE=deterministic_smoke_test | dataset=CUB-200-2011 | method=ConvNeXt-Tiny | stage=loader | lr=0.00008563 | val_macro_f1=86.5291 | prototype_update=no
2026-06-02 11:54:00 | INFO | RUN_MODE=deterministic_smoke_test | dataset=CUB-200-2011 | method=ConvNeXt-Tiny | stage=train | lr=0.00008755 | val_macro_f1=85.2333 | prototype_update=no
2026-06-02 12:40:00 | INFO | RUN_MODE=deterministic_smoke_test | dataset=CUB-200-2011 | method=ConvNeXt-Tiny | stage=eval | lr=0.00005260 | val_macro_f1=90.9157 | prototype_update=no
2026-06-02 08:50:00 | INFO | RUN_MODE=deterministic_smoke_test | dataset=CUB-200-2011 | method=Swin-Tiny | stage=loader | lr=0.00005844 | val_macro_f1=84.7385 | prototype_update=no
2026-06-02 10:39:00 | INFO | RUN_MODE=deterministic_smoke_test | dataset=CUB-200-2011 | method=Swin-Tiny | stage=train | lr=0.00006244 | val_macro_f1=84.5341 | prototype_update=no
2026-06-02 14:11:00 | INFO | RUN_MODE=deterministic_smoke_test | dataset=CUB-200-2011 | method=Swin-Tiny | stage=eval | lr=0.00008735 | val_macro_f1=86.0102 | prototype_update=no
2026-06-02 09:22:00 | INFO | RUN_MODE=deterministic_smoke_test | dataset=CUB-200-2011 | method=ConvNeXt+ARM | stage=loader | lr=0.00009912 | val_macro_f1=87.0084 | prototype_update=no
2026-06-02 10:33:00 | INFO | RUN_MODE=deterministic_smoke_test | dataset=CUB-200-2011 | method=ConvNeXt+ARM | stage=train | lr=0.00008969 | val_macro_f1=85.7566 | prototype_update=no
2026-06-02 13:01:00 | INFO | RUN_MODE=deterministic_smoke_test | dataset=CUB-200-2011 | method=ConvNeXt+ARM | stage=eval | lr=0.00007393 | val_macro_f1=85.9945 | prototype_update=no
2026-06-02 10:12:00 | INFO | RUN_MODE=deterministic_smoke_test | dataset=CUB-200-2011 | method=UAMP-Net | stage=loader | lr=0.00008866 | val_macro_f1=88.2617 | prototype_update=no
2026-06-02 11:36:00 | INFO | RUN_MODE=deterministic_smoke_test | dataset=CUB-200-2011 | method=UAMP-Net | stage=train | lr=0.00008164 | val_macro_f1=87.0918 | prototype_update=yes
2026-06-02 13:25:00 | INFO | RUN_MODE=deterministic_smoke_test | dataset=CUB-200-2011 | method=UAMP-Net | stage=eval | lr=0.00006818 | val_macro_f1=92.7058 | prototype_update=no
2026-06-03 10:05:00 | INFO | RUN_MODE=deterministic_smoke_test | dataset=PlantVillage | method=ResNet-50 | stage=loader | lr=0.00009788 | val_macro_f1=88.8627 | prototype_update=no
2026-06-03 10:29:00 | INFO | RUN_MODE=deterministic_smoke_test | dataset=PlantVillage | method=ResNet-50 | stage=train | lr=0.00008968 | val_macro_f1=91.5369 | prototype_update=no
2026-06-03 13:45:00 | INFO | RUN_MODE=deterministic_smoke_test | dataset=PlantVillage | method=ResNet-50 | stage=eval | lr=0.00007056 | val_macro_f1=89.0702 | prototype_update=no
2026-06-03 09:22:00 | INFO | RUN_MODE=deterministic_smoke_test | dataset=PlantVillage | method=EfficientNet-B3 | stage=loader | lr=0.00008729 | val_macro_f1=88.2025 | prototype_update=no
2026-06-03 11:18:00 | INFO | RUN_MODE=deterministic_smoke_test | dataset=PlantVillage | method=EfficientNet-B3 | stage=train | lr=0.00008683 | val_macro_f1=90.7608 | prototype_update=no
2026-06-03 13:51:00 | INFO | RUN_MODE=deterministic_smoke_test | dataset=PlantVillage | method=EfficientNet-B3 | stage=eval | lr=0.00008673 | val_macro_f1=86.2356 | prototype_update=no
2026-06-03 09:55:00 | INFO | RUN_MODE=deterministic_smoke_test | dataset=PlantVillage | method=ConvNeXt-Tiny | stage=loader | lr=0.00007516 | val_macro_f1=89.3514 | prototype_update=no
2026-06-03 11:00:00 | INFO | RUN_MODE=deterministic_smoke_test | dataset=PlantVillage | method=ConvNeXt-Tiny | stage=train | lr=0.00006299 | val_macro_f1=85.5189 | prototype_update=no
2026-06-03 13:45:00 | INFO | RUN_MODE=deterministic_smoke_test | dataset=PlantVillage | method=ConvNeXt-Tiny | stage=eval | lr=0.00008411 | val_macro_f1=90.5607 | prototype_update=no
2026-06-03 09:58:00 | INFO | RUN_MODE=deterministic_smoke_test | dataset=PlantVillage | method=Swin-Tiny | stage=loader | lr=0.00007579 | val_macro_f1=87.9282 | prototype_update=no
2026-06-03 11:01:00 | INFO | RUN_MODE=deterministic_smoke_test | dataset=PlantVillage | method=Swin-Tiny | stage=train | lr=0.00007550 | val_macro_f1=84.2166 | prototype_update=no
2026-06-03 13:56:00 | INFO | RUN_MODE=deterministic_smoke_test | dataset=PlantVillage | method=Swin-Tiny | stage=eval | lr=0.00005388 | val_macro_f1=90.7720 | prototype_update=no
2026-06-03 09:55:00 | INFO | RUN_MODE=deterministic_smoke_test | dataset=PlantVillage | method=ConvNeXt+ARM | stage=loader | lr=0.00008369 | val_macro_f1=84.5358 | prototype_update=no
2026-06-03 11:08:00 | INFO | RUN_MODE=deterministic_smoke_test | dataset=PlantVillage | method=ConvNeXt+ARM | stage=train | lr=0.00006937 | val_macro_f1=87.5279 | prototype_update=no
2026-06-03 14:10:00 | INFO | RUN_MODE=deterministic_smoke_test | dataset=PlantVillage | method=ConvNeXt+ARM | stage=eval | lr=0.00005321 | val_macro_f1=84.9691 | prototype_update=no
2026-06-03 09:13:00 | INFO | RUN_MODE=deterministic_smoke_test | dataset=PlantVillage | method=UAMP-Net | stage=loader | lr=0.00009812 | val_macro_f1=86.4643 | prototype_update=no
2026-06-03 12:05:00 | INFO | RUN_MODE=deterministic_smoke_test | dataset=PlantVillage | method=UAMP-Net | stage=train | lr=0.00005557 | val_macro_f1=90.0454 | prototype_update=yes
2026-06-03 13:47:00 | INFO | RUN_MODE=deterministic_smoke_test | dataset=PlantVillage | method=UAMP-Net | stage=eval | lr=0.00007536 | val_macro_f1=92.4414 | prototype_update=no
2026-06-03 09:54:00 | INFO | RUN_MODE=deterministic_smoke_test | dataset=PlantDoc | method=ResNet-50 | stage=loader | lr=0.00008839 | val_macro_f1=84.0444 | prototype_update=no
2026-06-03 11:04:00 | INFO | RUN_MODE=deterministic_smoke_test | dataset=PlantDoc | method=ResNet-50 | stage=train | lr=0.00006077 | val_macro_f1=85.7843 | prototype_update=no
2026-06-03 13:32:00 | INFO | RUN_MODE=deterministic_smoke_test | dataset=PlantDoc | method=ResNet-50 | stage=eval | lr=0.00006976 | val_macro_f1=90.4584 | prototype_update=no
2026-06-03 10:06:00 | INFO | RUN_MODE=deterministic_smoke_test | dataset=PlantDoc | method=EfficientNet-B3 | stage=loader | lr=0.00007144 | val_macro_f1=89.6441 | prototype_update=no
2026-06-03 11:17:00 | INFO | RUN_MODE=deterministic_smoke_test | dataset=PlantDoc | method=EfficientNet-B3 | stage=train | lr=0.00009948 | val_macro_f1=84.7790 | prototype_update=no
2026-06-03 13:15:00 | INFO | RUN_MODE=deterministic_smoke_test | dataset=PlantDoc | method=EfficientNet-B3 | stage=eval | lr=0.00009852 | val_macro_f1=87.3770 | prototype_update=no
2026-06-03 08:41:00 | INFO | RUN_MODE=deterministic_smoke_test | dataset=PlantDoc | method=ConvNeXt-Tiny | stage=loader | lr=0.00007089 | val_macro_f1=89.8039 | prototype_update=no
2026-06-03 11:53:00 | INFO | RUN_MODE=deterministic_smoke_test | dataset=PlantDoc | method=ConvNeXt-Tiny | stage=train | lr=0.00009354 | val_macro_f1=84.3098 | prototype_update=no
2026-06-03 14:02:00 | INFO | RUN_MODE=deterministic_smoke_test | dataset=PlantDoc | method=ConvNeXt-Tiny | stage=eval | lr=0.00005763 | val_macro_f1=87.8217 | prototype_update=no
2026-06-03 09:12:00 | INFO | RUN_MODE=deterministic_smoke_test | dataset=PlantDoc | method=Swin-Tiny | stage=loader | lr=0.00007314 | val_macro_f1=91.6231 | prototype_update=no
2026-06-03 11:24:00 | INFO | RUN_MODE=deterministic_smoke_test | dataset=PlantDoc | method=Swin-Tiny | stage=train | lr=0.00009873 | val_macro_f1=89.6204 | prototype_update=no
2026-06-03 12:59:00 | INFO | RUN_MODE=deterministic_smoke_test | dataset=PlantDoc | method=Swin-Tiny | stage=eval | lr=0.00009803 | val_macro_f1=86.5315 | prototype_update=no
2026-06-03 08:16:00 | INFO | RUN_MODE=deterministic_smoke_test | dataset=PlantDoc | method=ConvNeXt+ARM | stage=loader | lr=0.00006715 | val_macro_f1=87.5190 | prototype_update=no
2026-06-03 10:22:00 | INFO | RUN_MODE=deterministic_smoke_test | dataset=PlantDoc | method=ConvNeXt+ARM | stage=train | lr=0.00009468 | val_macro_f1=91.4360 | prototype_update=no
2026-06-03 13:08:00 | INFO | RUN_MODE=deterministic_smoke_test | dataset=PlantDoc | method=ConvNeXt+ARM | stage=eval | lr=0.00005325 | val_macro_f1=91.4672 | prototype_update=no
2026-06-03 09:18:00 | INFO | RUN_MODE=deterministic_smoke_test | dataset=PlantDoc | method=UAMP-Net | stage=loader | lr=0.00005235 | val_macro_f1=90.9651 | prototype_update=no
2026-06-03 10:52:00 | INFO | RUN_MODE=deterministic_smoke_test | dataset=PlantDoc | method=UAMP-Net | stage=train | lr=0.00005822 | val_macro_f1=88.7141 | prototype_update=yes
2026-06-03 14:10:00 | INFO | RUN_MODE=deterministic_smoke_test | dataset=PlantDoc | method=UAMP-Net | stage=eval | lr=0.00007033 | val_macro_f1=93.1605 | prototype_update=no
2026-06-03 10:13:00 | INFO | RUN_MODE=deterministic_smoke_test | dataset=CUB-200-2011 | method=ResNet-50 | stage=loader | lr=0.00005806 | val_macro_f1=86.1520 | prototype_update=no
2026-06-03 11:45:00 | INFO | RUN_MODE=deterministic_smoke_test | dataset=CUB-200-2011 | method=ResNet-50 | stage=train | lr=0.00008823 | val_macro_f1=84.6584 | prototype_update=no
2026-06-03 12:46:00 | INFO | RUN_MODE=deterministic_smoke_test | dataset=CUB-200-2011 | method=ResNet-50 | stage=eval | lr=0.00005233 | val_macro_f1=85.9869 | prototype_update=no
2026-06-03 09:42:00 | INFO | RUN_MODE=deterministic_smoke_test | dataset=CUB-200-2011 | method=EfficientNet-B3 | stage=loader | lr=0.00008995 | val_macro_f1=87.7910 | prototype_update=no
2026-06-03 11:20:00 | INFO | RUN_MODE=deterministic_smoke_test | dataset=CUB-200-2011 | method=EfficientNet-B3 | stage=train | lr=0.00007099 | val_macro_f1=90.4707 | prototype_update=no
2026-06-03 14:08:00 | INFO | RUN_MODE=deterministic_smoke_test | dataset=CUB-200-2011 | method=EfficientNet-B3 | stage=eval | lr=0.00008903 | val_macro_f1=90.3204 | prototype_update=no
2026-06-03 08:27:00 | INFO | RUN_MODE=deterministic_smoke_test | dataset=CUB-200-2011 | method=ConvNeXt-Tiny | stage=loader | lr=0.00009017 | val_macro_f1=89.6526 | prototype_update=no
2026-06-03 11:04:00 | INFO | RUN_MODE=deterministic_smoke_test | dataset=CUB-200-2011 | method=ConvNeXt-Tiny | stage=train | lr=0.00009431 | val_macro_f1=90.3514 | prototype_update=no
2026-06-03 12:52:00 | INFO | RUN_MODE=deterministic_smoke_test | dataset=CUB-200-2011 | method=ConvNeXt-Tiny | stage=eval | lr=0.00009061 | val_macro_f1=88.6357 | prototype_update=no
2026-06-03 09:07:00 | INFO | RUN_MODE=deterministic_smoke_test | dataset=CUB-200-2011 | method=Swin-Tiny | stage=loader | lr=0.00008471 | val_macro_f1=84.5700 | prototype_update=no
2026-06-03 10:38:00 | INFO | RUN_MODE=deterministic_smoke_test | dataset=CUB-200-2011 | method=Swin-Tiny | stage=train | lr=0.00008244 | val_macro_f1=90.9347 | prototype_update=no
2026-06-03 12:43:00 | INFO | RUN_MODE=deterministic_smoke_test | dataset=CUB-200-2011 | method=Swin-Tiny | stage=eval | lr=0.00007344 | val_macro_f1=89.7932 | prototype_update=no
2026-06-03 08:48:00 | INFO | RUN_MODE=deterministic_smoke_test | dataset=CUB-200-2011 | method=ConvNeXt+ARM | stage=loader | lr=0.00009903 | val_macro_f1=87.4678 | prototype_update=no
2026-06-03 10:57:00 | INFO | RUN_MODE=deterministic_smoke_test | dataset=CUB-200-2011 | method=ConvNeXt+ARM | stage=train | lr=0.00005993 | val_macro_f1=87.5411 | prototype_update=no
2026-06-03 12:31:00 | INFO | RUN_MODE=deterministic_smoke_test | dataset=CUB-200-2011 | method=ConvNeXt+ARM | stage=eval | lr=0.00009678 | val_macro_f1=86.2445 | prototype_update=no
2026-06-03 09:30:00 | INFO | RUN_MODE=deterministic_smoke_test | dataset=CUB-200-2011 | method=UAMP-Net | stage=loader | lr=0.00006235 | val_macro_f1=92.6812 | prototype_update=no
2026-06-03 10:45:00 | INFO | RUN_MODE=deterministic_smoke_test | dataset=CUB-200-2011 | method=UAMP-Net | stage=train | lr=0.00007970 | val_macro_f1=89.8292 | prototype_update=yes
2026-06-03 13:44:00 | INFO | RUN_MODE=deterministic_smoke_test | dataset=CUB-200-2011 | method=UAMP-Net | stage=eval | lr=0.00006721 | val_macro_f1=90.6939 | prototype_update=no
2026-06-04 08:50:00 | INFO | RUN_MODE=deterministic_smoke_test | dataset=PlantVillage | method=ResNet-50 | stage=loader | lr=0.00008300 | val_macro_f1=84.7549 | prototype_update=no
2026-06-04 10:23:00 | INFO | RUN_MODE=deterministic_smoke_test | dataset=PlantVillage | method=ResNet-50 | stage=train | lr=0.00008157 | val_macro_f1=89.7490 | prototype_update=no
2026-06-04 12:22:00 | INFO | RUN_MODE=deterministic_smoke_test | dataset=PlantVillage | method=ResNet-50 | stage=eval | lr=0.00009637 | val_macro_f1=85.7773 | prototype_update=no
2026-06-04 08:47:00 | INFO | RUN_MODE=deterministic_smoke_test | dataset=PlantVillage | method=EfficientNet-B3 | stage=loader | lr=0.00007940 | val_macro_f1=88.5597 | prototype_update=no
2026-06-04 10:50:00 | INFO | RUN_MODE=deterministic_smoke_test | dataset=PlantVillage | method=EfficientNet-B3 | stage=train | lr=0.00009348 | val_macro_f1=88.4674 | prototype_update=no
2026-06-04 12:53:00 | INFO | RUN_MODE=deterministic_smoke_test | dataset=PlantVillage | method=EfficientNet-B3 | stage=eval | lr=0.00008999 | val_macro_f1=86.4718 | prototype_update=no
2026-06-04 08:59:00 | INFO | RUN_MODE=deterministic_smoke_test | dataset=PlantVillage | method=ConvNeXt-Tiny | stage=loader | lr=0.00006372 | val_macro_f1=85.1730 | prototype_update=no
2026-06-04 11:58:00 | INFO | RUN_MODE=deterministic_smoke_test | dataset=PlantVillage | method=ConvNeXt-Tiny | stage=train | lr=0.00006237 | val_macro_f1=86.1726 | prototype_update=no
2026-06-04 13:03:00 | INFO | RUN_MODE=deterministic_smoke_test | dataset=PlantVillage | method=ConvNeXt-Tiny | stage=eval | lr=0.00009068 | val_macro_f1=88.9252 | prototype_update=no
2026-06-04 08:42:00 | INFO | RUN_MODE=deterministic_smoke_test | dataset=PlantVillage | method=Swin-Tiny | stage=loader | lr=0.00005061 | val_macro_f1=90.7274 | prototype_update=no
2026-06-04 11:47:00 | INFO | RUN_MODE=deterministic_smoke_test | dataset=PlantVillage | method=Swin-Tiny | stage=train | lr=0.00008512 | val_macro_f1=90.5273 | prototype_update=no
2026-06-04 13:58:00 | INFO | RUN_MODE=deterministic_smoke_test | dataset=PlantVillage | method=Swin-Tiny | stage=eval | lr=0.00007376 | val_macro_f1=90.4839 | prototype_update=no
2026-06-04 08:18:00 | INFO | RUN_MODE=deterministic_smoke_test | dataset=PlantVillage | method=ConvNeXt+ARM | stage=loader | lr=0.00005215 | val_macro_f1=89.4363 | prototype_update=no
2026-06-04 11:43:00 | INFO | RUN_MODE=deterministic_smoke_test | dataset=PlantVillage | method=ConvNeXt+ARM | stage=train | lr=0.00007916 | val_macro_f1=88.5412 | prototype_update=no
2026-06-04 13:13:00 | INFO | RUN_MODE=deterministic_smoke_test | dataset=PlantVillage | method=ConvNeXt+ARM | stage=eval | lr=0.00005215 | val_macro_f1=88.1655 | prototype_update=no
2026-06-04 08:15:00 | INFO | RUN_MODE=deterministic_smoke_test | dataset=PlantVillage | method=UAMP-Net | stage=loader | lr=0.00006235 | val_macro_f1=87.1095 | prototype_update=no
2026-06-04 10:39:00 | INFO | RUN_MODE=deterministic_smoke_test | dataset=PlantVillage | method=UAMP-Net | stage=train | lr=0.00006130 | val_macro_f1=87.9761 | prototype_update=yes
2026-06-04 13:02:00 | INFO | RUN_MODE=deterministic_smoke_test | dataset=PlantVillage | method=UAMP-Net | stage=eval | lr=0.00005276 | val_macro_f1=87.6178 | prototype_update=no
2026-06-04 09:28:00 | INFO | RUN_MODE=deterministic_smoke_test | dataset=PlantDoc | method=ResNet-50 | stage=loader | lr=0.00008944 | val_macro_f1=84.3098 | prototype_update=no
2026-06-04 12:08:00 | INFO | RUN_MODE=deterministic_smoke_test | dataset=PlantDoc | method=ResNet-50 | stage=train | lr=0.00007680 | val_macro_f1=87.7293 | prototype_update=no
2026-06-04 12:47:00 | INFO | RUN_MODE=deterministic_smoke_test | dataset=PlantDoc | method=ResNet-50 | stage=eval | lr=0.00008501 | val_macro_f1=90.5926 | prototype_update=no
2026-06-04 08:34:00 | INFO | RUN_MODE=deterministic_smoke_test | dataset=PlantDoc | method=EfficientNet-B3 | stage=loader | lr=0.00005082 | val_macro_f1=91.4756 | prototype_update=no
2026-06-04 10:31:00 | INFO | RUN_MODE=deterministic_smoke_test | dataset=PlantDoc | method=EfficientNet-B3 | stage=train | lr=0.00007041 | val_macro_f1=88.4242 | prototype_update=no
2026-06-04 12:16:00 | INFO | RUN_MODE=deterministic_smoke_test | dataset=PlantDoc | method=EfficientNet-B3 | stage=eval | lr=0.00009061 | val_macro_f1=90.9681 | prototype_update=no
2026-06-04 09:59:00 | INFO | RUN_MODE=deterministic_smoke_test | dataset=PlantDoc | method=ConvNeXt-Tiny | stage=loader | lr=0.00009880 | val_macro_f1=89.0082 | prototype_update=no
2026-06-04 11:56:00 | INFO | RUN_MODE=deterministic_smoke_test | dataset=PlantDoc | method=ConvNeXt-Tiny | stage=train | lr=0.00009751 | val_macro_f1=90.4113 | prototype_update=no
2026-06-04 13:05:00 | INFO | RUN_MODE=deterministic_smoke_test | dataset=PlantDoc | method=ConvNeXt-Tiny | stage=eval | lr=0.00005300 | val_macro_f1=84.9256 | prototype_update=no
2026-06-04 08:48:00 | INFO | RUN_MODE=deterministic_smoke_test | dataset=PlantDoc | method=Swin-Tiny | stage=loader | lr=0.00009809 | val_macro_f1=89.7036 | prototype_update=no
2026-06-04 11:42:00 | INFO | RUN_MODE=deterministic_smoke_test | dataset=PlantDoc | method=Swin-Tiny | stage=train | lr=0.00006569 | val_macro_f1=90.6784 | prototype_update=no
2026-06-04 12:51:00 | INFO | RUN_MODE=deterministic_smoke_test | dataset=PlantDoc | method=Swin-Tiny | stage=eval | lr=0.00007946 | val_macro_f1=87.3474 | prototype_update=no
2026-06-04 08:54:00 | INFO | RUN_MODE=deterministic_smoke_test | dataset=PlantDoc | method=ConvNeXt+ARM | stage=loader | lr=0.00008661 | val_macro_f1=85.1449 | prototype_update=no
2026-06-04 11:49:00 | INFO | RUN_MODE=deterministic_smoke_test | dataset=PlantDoc | method=ConvNeXt+ARM | stage=train | lr=0.00008806 | val_macro_f1=86.4807 | prototype_update=no
2026-06-04 12:53:00 | INFO | RUN_MODE=deterministic_smoke_test | dataset=PlantDoc | method=ConvNeXt+ARM | stage=eval | lr=0.00008939 | val_macro_f1=91.4935 | prototype_update=no
2026-06-04 10:00:00 | INFO | RUN_MODE=deterministic_smoke_test | dataset=PlantDoc | method=UAMP-Net | stage=loader | lr=0.00005651 | val_macro_f1=87.3088 | prototype_update=no
2026-06-04 11:11:00 | INFO | RUN_MODE=deterministic_smoke_test | dataset=PlantDoc | method=UAMP-Net | stage=train | lr=0.00006554 | val_macro_f1=93.7543 | prototype_update=yes
2026-06-04 13:55:00 | INFO | RUN_MODE=deterministic_smoke_test | dataset=PlantDoc | method=UAMP-Net | stage=eval | lr=0.00009005 | val_macro_f1=87.4065 | prototype_update=no
2026-06-04 08:42:00 | INFO | RUN_MODE=deterministic_smoke_test | dataset=CUB-200-2011 | method=ResNet-50 | stage=loader | lr=0.00006727 | val_macro_f1=84.5392 | prototype_update=no
2026-06-04 11:19:00 | INFO | RUN_MODE=deterministic_smoke_test | dataset=CUB-200-2011 | method=ResNet-50 | stage=train | lr=0.00006191 | val_macro_f1=90.1980 | prototype_update=no
2026-06-04 13:56:00 | INFO | RUN_MODE=deterministic_smoke_test | dataset=CUB-200-2011 | method=ResNet-50 | stage=eval | lr=0.00009634 | val_macro_f1=84.0711 | prototype_update=no
2026-06-04 08:59:00 | INFO | RUN_MODE=deterministic_smoke_test | dataset=CUB-200-2011 | method=EfficientNet-B3 | stage=loader | lr=0.00005391 | val_macro_f1=90.6627 | prototype_update=no
2026-06-04 10:47:00 | INFO | RUN_MODE=deterministic_smoke_test | dataset=CUB-200-2011 | method=EfficientNet-B3 | stage=train | lr=0.00005285 | val_macro_f1=84.7044 | prototype_update=no
2026-06-04 12:33:00 | INFO | RUN_MODE=deterministic_smoke_test | dataset=CUB-200-2011 | method=EfficientNet-B3 | stage=eval | lr=0.00005184 | val_macro_f1=90.2945 | prototype_update=no
2026-06-04 10:06:00 | INFO | RUN_MODE=deterministic_smoke_test | dataset=CUB-200-2011 | method=ConvNeXt-Tiny | stage=loader | lr=0.00009863 | val_macro_f1=91.1674 | prototype_update=no
2026-06-04 10:48:00 | INFO | RUN_MODE=deterministic_smoke_test | dataset=CUB-200-2011 | method=ConvNeXt-Tiny | stage=train | lr=0.00005991 | val_macro_f1=85.4480 | prototype_update=no
2026-06-04 12:21:00 | INFO | RUN_MODE=deterministic_smoke_test | dataset=CUB-200-2011 | method=ConvNeXt-Tiny | stage=eval | lr=0.00006191 | val_macro_f1=90.4796 | prototype_update=no
2026-06-04 08:15:00 | INFO | RUN_MODE=deterministic_smoke_test | dataset=CUB-200-2011 | method=Swin-Tiny | stage=loader | lr=0.00007095 | val_macro_f1=90.6653 | prototype_update=no
2026-06-04 10:15:00 | INFO | RUN_MODE=deterministic_smoke_test | dataset=CUB-200-2011 | method=Swin-Tiny | stage=train | lr=0.00007968 | val_macro_f1=90.8465 | prototype_update=no
2026-06-04 12:47:00 | INFO | RUN_MODE=deterministic_smoke_test | dataset=CUB-200-2011 | method=Swin-Tiny | stage=eval | lr=0.00006409 | val_macro_f1=87.1379 | prototype_update=no
2026-06-04 10:09:00 | INFO | RUN_MODE=deterministic_smoke_test | dataset=CUB-200-2011 | method=ConvNeXt+ARM | stage=loader | lr=0.00007794 | val_macro_f1=85.4535 | prototype_update=no
2026-06-04 11:36:00 | INFO | RUN_MODE=deterministic_smoke_test | dataset=CUB-200-2011 | method=ConvNeXt+ARM | stage=train | lr=0.00005650 | val_macro_f1=86.9720 | prototype_update=no
2026-06-04 14:07:00 | INFO | RUN_MODE=deterministic_smoke_test | dataset=CUB-200-2011 | method=ConvNeXt+ARM | stage=eval | lr=0.00005060 | val_macro_f1=85.1497 | prototype_update=no
2026-06-04 09:19:00 | INFO | RUN_MODE=deterministic_smoke_test | dataset=CUB-200-2011 | method=UAMP-Net | stage=loader | lr=0.00007020 | val_macro_f1=88.5600 | prototype_update=no
2026-06-04 10:44:00 | INFO | RUN_MODE=deterministic_smoke_test | dataset=CUB-200-2011 | method=UAMP-Net | stage=train | lr=0.00007010 | val_macro_f1=90.0957 | prototype_update=yes
2026-06-04 13:07:00 | INFO | RUN_MODE=deterministic_smoke_test | dataset=CUB-200-2011 | method=UAMP-Net | stage=eval | lr=0.00007576 | val_macro_f1=92.6054 | prototype_update=no
2026-06-05 08:33:00 | INFO | RUN_MODE=deterministic_smoke_test | dataset=PlantVillage | method=ResNet-50 | stage=loader | lr=0.00006442 | val_macro_f1=91.6796 | prototype_update=no
2026-06-05 11:10:00 | INFO | RUN_MODE=deterministic_smoke_test | dataset=PlantVillage | method=ResNet-50 | stage=train | lr=0.00006878 | val_macro_f1=84.7284 | prototype_update=no
2026-06-05 13:33:00 | INFO | RUN_MODE=deterministic_smoke_test | dataset=PlantVillage | method=ResNet-50 | stage=eval | lr=0.00005079 | val_macro_f1=86.7567 | prototype_update=no
2026-06-05 09:13:00 | INFO | RUN_MODE=deterministic_smoke_test | dataset=PlantVillage | method=EfficientNet-B3 | stage=loader | lr=0.00006568 | val_macro_f1=89.7068 | prototype_update=no
2026-06-05 12:12:00 | INFO | RUN_MODE=deterministic_smoke_test | dataset=PlantVillage | method=EfficientNet-B3 | stage=train | lr=0.00005011 | val_macro_f1=88.7328 | prototype_update=no
2026-06-05 12:38:00 | INFO | RUN_MODE=deterministic_smoke_test | dataset=PlantVillage | method=EfficientNet-B3 | stage=eval | lr=0.00008937 | val_macro_f1=87.3992 | prototype_update=no
2026-06-05 09:19:00 | INFO | RUN_MODE=deterministic_smoke_test | dataset=PlantVillage | method=ConvNeXt-Tiny | stage=loader | lr=0.00008604 | val_macro_f1=89.4361 | prototype_update=no
2026-06-05 10:40:00 | INFO | RUN_MODE=deterministic_smoke_test | dataset=PlantVillage | method=ConvNeXt-Tiny | stage=train | lr=0.00009347 | val_macro_f1=88.0654 | prototype_update=no
2026-06-05 12:54:00 | INFO | RUN_MODE=deterministic_smoke_test | dataset=PlantVillage | method=ConvNeXt-Tiny | stage=eval | lr=0.00009059 | val_macro_f1=85.2764 | prototype_update=no
2026-06-05 09:38:00 | INFO | RUN_MODE=deterministic_smoke_test | dataset=PlantVillage | method=Swin-Tiny | stage=loader | lr=0.00007137 | val_macro_f1=88.2374 | prototype_update=no
2026-06-05 11:59:00 | INFO | RUN_MODE=deterministic_smoke_test | dataset=PlantVillage | method=Swin-Tiny | stage=train | lr=0.00008444 | val_macro_f1=84.5780 | prototype_update=no
2026-06-05 13:18:00 | INFO | RUN_MODE=deterministic_smoke_test | dataset=PlantVillage | method=Swin-Tiny | stage=eval | lr=0.00006391 | val_macro_f1=84.8294 | prototype_update=no
2026-06-05 09:42:00 | INFO | RUN_MODE=deterministic_smoke_test | dataset=PlantVillage | method=ConvNeXt+ARM | stage=loader | lr=0.00009817 | val_macro_f1=87.7119 | prototype_update=no
2026-06-05 11:45:00 | INFO | RUN_MODE=deterministic_smoke_test | dataset=PlantVillage | method=ConvNeXt+ARM | stage=train | lr=0.00008367 | val_macro_f1=89.3989 | prototype_update=no
2026-06-05 13:17:00 | INFO | RUN_MODE=deterministic_smoke_test | dataset=PlantVillage | method=ConvNeXt+ARM | stage=eval | lr=0.00005291 | val_macro_f1=84.5406 | prototype_update=no
2026-06-05 09:40:00 | INFO | RUN_MODE=deterministic_smoke_test | dataset=PlantVillage | method=UAMP-Net | stage=loader | lr=0.00006458 | val_macro_f1=92.1144 | prototype_update=no
2026-06-05 10:39:00 | INFO | RUN_MODE=deterministic_smoke_test | dataset=PlantVillage | method=UAMP-Net | stage=train | lr=0.00006885 | val_macro_f1=90.0680 | prototype_update=yes
2026-06-05 13:09:00 | INFO | RUN_MODE=deterministic_smoke_test | dataset=PlantVillage | method=UAMP-Net | stage=eval | lr=0.00009492 | val_macro_f1=87.6598 | prototype_update=no
2026-06-05 09:57:00 | INFO | RUN_MODE=deterministic_smoke_test | dataset=PlantDoc | method=ResNet-50 | stage=loader | lr=0.00008934 | val_macro_f1=86.8630 | prototype_update=no
2026-06-05 10:59:00 | INFO | RUN_MODE=deterministic_smoke_test | dataset=PlantDoc | method=ResNet-50 | stage=train | lr=0.00009730 | val_macro_f1=86.2637 | prototype_update=no
2026-06-05 13:29:00 | INFO | RUN_MODE=deterministic_smoke_test | dataset=PlantDoc | method=ResNet-50 | stage=eval | lr=0.00009225 | val_macro_f1=84.2943 | prototype_update=no
2026-06-05 08:22:00 | INFO | RUN_MODE=deterministic_smoke_test | dataset=PlantDoc | method=EfficientNet-B3 | stage=loader | lr=0.00007751 | val_macro_f1=85.7821 | prototype_update=no
2026-06-05 11:05:00 | INFO | RUN_MODE=deterministic_smoke_test | dataset=PlantDoc | method=EfficientNet-B3 | stage=train | lr=0.00005836 | val_macro_f1=84.4160 | prototype_update=no
2026-06-05 12:16:00 | INFO | RUN_MODE=deterministic_smoke_test | dataset=PlantDoc | method=EfficientNet-B3 | stage=eval | lr=0.00005326 | val_macro_f1=91.8613 | prototype_update=no
2026-06-05 08:53:00 | INFO | RUN_MODE=deterministic_smoke_test | dataset=PlantDoc | method=ConvNeXt-Tiny | stage=loader | lr=0.00009241 | val_macro_f1=84.7022 | prototype_update=no
2026-06-05 12:01:00 | INFO | RUN_MODE=deterministic_smoke_test | dataset=PlantDoc | method=ConvNeXt-Tiny | stage=train | lr=0.00005780 | val_macro_f1=86.8536 | prototype_update=no
2026-06-05 13:38:00 | INFO | RUN_MODE=deterministic_smoke_test | dataset=PlantDoc | method=ConvNeXt-Tiny | stage=eval | lr=0.00007640 | val_macro_f1=85.8065 | prototype_update=no
2026-06-05 09:18:00 | INFO | RUN_MODE=deterministic_smoke_test | dataset=PlantDoc | method=Swin-Tiny | stage=loader | lr=0.00007281 | val_macro_f1=86.7828 | prototype_update=no
2026-06-05 11:12:00 | INFO | RUN_MODE=deterministic_smoke_test | dataset=PlantDoc | method=Swin-Tiny | stage=train | lr=0.00009329 | val_macro_f1=87.9387 | prototype_update=no
2026-06-05 14:06:00 | INFO | RUN_MODE=deterministic_smoke_test | dataset=PlantDoc | method=Swin-Tiny | stage=eval | lr=0.00007604 | val_macro_f1=85.3511 | prototype_update=no
2026-06-05 09:05:00 | INFO | RUN_MODE=deterministic_smoke_test | dataset=PlantDoc | method=ConvNeXt+ARM | stage=loader | lr=0.00007542 | val_macro_f1=84.8935 | prototype_update=no
2026-06-05 10:17:00 | INFO | RUN_MODE=deterministic_smoke_test | dataset=PlantDoc | method=ConvNeXt+ARM | stage=train | lr=0.00008473 | val_macro_f1=86.6030 | prototype_update=no
2026-06-05 12:37:00 | INFO | RUN_MODE=deterministic_smoke_test | dataset=PlantDoc | method=ConvNeXt+ARM | stage=eval | lr=0.00007570 | val_macro_f1=85.3048 | prototype_update=no
2026-06-05 08:56:00 | INFO | RUN_MODE=deterministic_smoke_test | dataset=PlantDoc | method=UAMP-Net | stage=loader | lr=0.00009977 | val_macro_f1=92.4843 | prototype_update=no
2026-06-05 11:50:00 | INFO | RUN_MODE=deterministic_smoke_test | dataset=PlantDoc | method=UAMP-Net | stage=train | lr=0.00008182 | val_macro_f1=93.2295 | prototype_update=yes
2026-06-05 13:21:00 | INFO | RUN_MODE=deterministic_smoke_test | dataset=PlantDoc | method=UAMP-Net | stage=eval | lr=0.00005146 | val_macro_f1=92.9716 | prototype_update=no
2026-06-05 08:58:00 | INFO | RUN_MODE=deterministic_smoke_test | dataset=CUB-200-2011 | method=ResNet-50 | stage=loader | lr=0.00006219 | val_macro_f1=87.2635 | prototype_update=no
2026-06-05 12:03:00 | INFO | RUN_MODE=deterministic_smoke_test | dataset=CUB-200-2011 | method=ResNet-50 | stage=train | lr=0.00006811 | val_macro_f1=90.0606 | prototype_update=no
2026-06-05 14:01:00 | INFO | RUN_MODE=deterministic_smoke_test | dataset=CUB-200-2011 | method=ResNet-50 | stage=eval | lr=0.00008288 | val_macro_f1=86.6773 | prototype_update=no
2026-06-05 09:31:00 | INFO | RUN_MODE=deterministic_smoke_test | dataset=CUB-200-2011 | method=EfficientNet-B3 | stage=loader | lr=0.00009443 | val_macro_f1=88.5995 | prototype_update=no
2026-06-05 12:13:00 | INFO | RUN_MODE=deterministic_smoke_test | dataset=CUB-200-2011 | method=EfficientNet-B3 | stage=train | lr=0.00006083 | val_macro_f1=89.1059 | prototype_update=no
2026-06-05 13:35:00 | INFO | RUN_MODE=deterministic_smoke_test | dataset=CUB-200-2011 | method=EfficientNet-B3 | stage=eval | lr=0.00008420 | val_macro_f1=85.7731 | prototype_update=no
2026-06-05 09:10:00 | INFO | RUN_MODE=deterministic_smoke_test | dataset=CUB-200-2011 | method=ConvNeXt-Tiny | stage=loader | lr=0.00005781 | val_macro_f1=86.1469 | prototype_update=no
2026-06-05 11:06:00 | INFO | RUN_MODE=deterministic_smoke_test | dataset=CUB-200-2011 | method=ConvNeXt-Tiny | stage=train | lr=0.00006350 | val_macro_f1=85.6580 | prototype_update=no
2026-06-05 12:57:00 | INFO | RUN_MODE=deterministic_smoke_test | dataset=CUB-200-2011 | method=ConvNeXt-Tiny | stage=eval | lr=0.00005361 | val_macro_f1=90.6845 | prototype_update=no
2026-06-05 08:59:00 | INFO | RUN_MODE=deterministic_smoke_test | dataset=CUB-200-2011 | method=Swin-Tiny | stage=loader | lr=0.00007679 | val_macro_f1=88.6951 | prototype_update=no
2026-06-05 11:15:00 | INFO | RUN_MODE=deterministic_smoke_test | dataset=CUB-200-2011 | method=Swin-Tiny | stage=train | lr=0.00008860 | val_macro_f1=91.5638 | prototype_update=no
2026-06-05 13:34:00 | INFO | RUN_MODE=deterministic_smoke_test | dataset=CUB-200-2011 | method=Swin-Tiny | stage=eval | lr=0.00009603 | val_macro_f1=87.6365 | prototype_update=no
2026-06-05 09:10:00 | INFO | RUN_MODE=deterministic_smoke_test | dataset=CUB-200-2011 | method=ConvNeXt+ARM | stage=loader | lr=0.00009720 | val_macro_f1=90.0996 | prototype_update=no
2026-06-05 11:45:00 | INFO | RUN_MODE=deterministic_smoke_test | dataset=CUB-200-2011 | method=ConvNeXt+ARM | stage=train | lr=0.00005585 | val_macro_f1=90.4908 | prototype_update=no
2026-06-05 12:53:00 | INFO | RUN_MODE=deterministic_smoke_test | dataset=CUB-200-2011 | method=ConvNeXt+ARM | stage=eval | lr=0.00008943 | val_macro_f1=89.6736 | prototype_update=no
2026-06-05 10:13:00 | INFO | RUN_MODE=deterministic_smoke_test | dataset=CUB-200-2011 | method=UAMP-Net | stage=loader | lr=0.00008913 | val_macro_f1=93.3097 | prototype_update=no
2026-06-05 11:57:00 | INFO | RUN_MODE=deterministic_smoke_test | dataset=CUB-200-2011 | method=UAMP-Net | stage=train | lr=0.00008423 | val_macro_f1=86.5150 | prototype_update=yes
2026-06-05 13:45:00 | INFO | RUN_MODE=deterministic_smoke_test | dataset=CUB-200-2011 | method=UAMP-Net | stage=eval | lr=0.00007565 | val_macro_f1=92.1855 | prototype_update=no
2026-06-06 09:17:00 | INFO | RUN_MODE=deterministic_smoke_test | dataset=PlantVillage | method=ResNet-50 | stage=loader | lr=0.00006165 | val_macro_f1=90.8987 | prototype_update=no
2026-06-06 11:55:00 | INFO | RUN_MODE=deterministic_smoke_test | dataset=PlantVillage | method=ResNet-50 | stage=train | lr=0.00008912 | val_macro_f1=91.9448 | prototype_update=no
2026-06-06 12:47:00 | INFO | RUN_MODE=deterministic_smoke_test | dataset=PlantVillage | method=ResNet-50 | stage=eval | lr=0.00006510 | val_macro_f1=86.2420 | prototype_update=no
2026-06-06 09:01:00 | INFO | RUN_MODE=deterministic_smoke_test | dataset=PlantVillage | method=EfficientNet-B3 | stage=loader | lr=0.00006072 | val_macro_f1=88.7692 | prototype_update=no
2026-06-06 10:57:00 | INFO | RUN_MODE=deterministic_smoke_test | dataset=PlantVillage | method=EfficientNet-B3 | stage=train | lr=0.00006259 | val_macro_f1=87.2934 | prototype_update=no
2026-06-06 12:39:00 | INFO | RUN_MODE=deterministic_smoke_test | dataset=PlantVillage | method=EfficientNet-B3 | stage=eval | lr=0.00008576 | val_macro_f1=88.3773 | prototype_update=no
2026-06-06 09:00:00 | INFO | RUN_MODE=deterministic_smoke_test | dataset=PlantVillage | method=ConvNeXt-Tiny | stage=loader | lr=0.00006311 | val_macro_f1=91.3936 | prototype_update=no
2026-06-06 11:28:00 | INFO | RUN_MODE=deterministic_smoke_test | dataset=PlantVillage | method=ConvNeXt-Tiny | stage=train | lr=0.00009859 | val_macro_f1=84.5248 | prototype_update=no
2026-06-06 13:09:00 | INFO | RUN_MODE=deterministic_smoke_test | dataset=PlantVillage | method=ConvNeXt-Tiny | stage=eval | lr=0.00005909 | val_macro_f1=91.3597 | prototype_update=no
2026-06-06 10:09:00 | INFO | RUN_MODE=deterministic_smoke_test | dataset=PlantVillage | method=Swin-Tiny | stage=loader | lr=0.00008739 | val_macro_f1=88.2904 | prototype_update=no
2026-06-06 10:38:00 | INFO | RUN_MODE=deterministic_smoke_test | dataset=PlantVillage | method=Swin-Tiny | stage=train | lr=0.00008555 | val_macro_f1=85.1572 | prototype_update=no
2026-06-06 13:26:00 | INFO | RUN_MODE=deterministic_smoke_test | dataset=PlantVillage | method=Swin-Tiny | stage=eval | lr=0.00009582 | val_macro_f1=84.6910 | prototype_update=no
2026-06-06 09:20:00 | INFO | RUN_MODE=deterministic_smoke_test | dataset=PlantVillage | method=ConvNeXt+ARM | stage=loader | lr=0.00007293 | val_macro_f1=84.9744 | prototype_update=no
2026-06-06 10:55:00 | INFO | RUN_MODE=deterministic_smoke_test | dataset=PlantVillage | method=ConvNeXt+ARM | stage=train | lr=0.00007859 | val_macro_f1=85.1498 | prototype_update=no
2026-06-06 13:00:00 | INFO | RUN_MODE=deterministic_smoke_test | dataset=PlantVillage | method=ConvNeXt+ARM | stage=eval | lr=0.00005481 | val_macro_f1=84.8096 | prototype_update=no
2026-06-06 08:31:00 | INFO | RUN_MODE=deterministic_smoke_test | dataset=PlantVillage | method=UAMP-Net | stage=loader | lr=0.00006038 | val_macro_f1=91.8318 | prototype_update=no
2026-06-06 10:39:00 | INFO | RUN_MODE=deterministic_smoke_test | dataset=PlantVillage | method=UAMP-Net | stage=train | lr=0.00009635 | val_macro_f1=87.2936 | prototype_update=yes
2026-06-06 13:47:00 | INFO | RUN_MODE=deterministic_smoke_test | dataset=PlantVillage | method=UAMP-Net | stage=eval | lr=0.00008074 | val_macro_f1=93.5469 | prototype_update=no
2026-06-06 08:48:00 | INFO | RUN_MODE=deterministic_smoke_test | dataset=PlantDoc | method=ResNet-50 | stage=loader | lr=0.00006455 | val_macro_f1=87.6639 | prototype_update=no
2026-06-06 11:57:00 | INFO | RUN_MODE=deterministic_smoke_test | dataset=PlantDoc | method=ResNet-50 | stage=train | lr=0.00008159 | val_macro_f1=88.5988 | prototype_update=no
2026-06-06 12:28:00 | INFO | RUN_MODE=deterministic_smoke_test | dataset=PlantDoc | method=ResNet-50 | stage=eval | lr=0.00009075 | val_macro_f1=90.2725 | prototype_update=no
2026-06-06 10:13:00 | INFO | RUN_MODE=deterministic_smoke_test | dataset=PlantDoc | method=EfficientNet-B3 | stage=loader | lr=0.00005931 | val_macro_f1=84.6544 | prototype_update=no
2026-06-06 12:10:00 | INFO | RUN_MODE=deterministic_smoke_test | dataset=PlantDoc | method=EfficientNet-B3 | stage=train | lr=0.00009934 | val_macro_f1=90.6259 | prototype_update=no
2026-06-06 13:34:00 | INFO | RUN_MODE=deterministic_smoke_test | dataset=PlantDoc | method=EfficientNet-B3 | stage=eval | lr=0.00006606 | val_macro_f1=91.9227 | prototype_update=no
2026-06-06 09:31:00 | INFO | RUN_MODE=deterministic_smoke_test | dataset=PlantDoc | method=ConvNeXt-Tiny | stage=loader | lr=0.00008538 | val_macro_f1=85.4370 | prototype_update=no
2026-06-06 11:33:00 | INFO | RUN_MODE=deterministic_smoke_test | dataset=PlantDoc | method=ConvNeXt-Tiny | stage=train | lr=0.00009891 | val_macro_f1=88.3390 | prototype_update=no
2026-06-06 13:53:00 | INFO | RUN_MODE=deterministic_smoke_test | dataset=PlantDoc | method=ConvNeXt-Tiny | stage=eval | lr=0.00008475 | val_macro_f1=84.1516 | prototype_update=no
2026-06-06 08:32:00 | INFO | RUN_MODE=deterministic_smoke_test | dataset=PlantDoc | method=Swin-Tiny | stage=loader | lr=0.00008171 | val_macro_f1=91.6254 | prototype_update=no
2026-06-06 12:11:00 | INFO | RUN_MODE=deterministic_smoke_test | dataset=PlantDoc | method=Swin-Tiny | stage=train | lr=0.00006876 | val_macro_f1=90.8540 | prototype_update=no
2026-06-06 12:46:00 | INFO | RUN_MODE=deterministic_smoke_test | dataset=PlantDoc | method=Swin-Tiny | stage=eval | lr=0.00006188 | val_macro_f1=86.8318 | prototype_update=no
2026-06-06 09:35:00 | INFO | RUN_MODE=deterministic_smoke_test | dataset=PlantDoc | method=ConvNeXt+ARM | stage=loader | lr=0.00008106 | val_macro_f1=89.8367 | prototype_update=no
2026-06-06 11:16:00 | INFO | RUN_MODE=deterministic_smoke_test | dataset=PlantDoc | method=ConvNeXt+ARM | stage=train | lr=0.00009478 | val_macro_f1=90.9410 | prototype_update=no
2026-06-06 13:34:00 | INFO | RUN_MODE=deterministic_smoke_test | dataset=PlantDoc | method=ConvNeXt+ARM | stage=eval | lr=0.00009572 | val_macro_f1=89.7162 | prototype_update=no
2026-06-06 08:36:00 | INFO | RUN_MODE=deterministic_smoke_test | dataset=PlantDoc | method=UAMP-Net | stage=loader | lr=0.00006942 | val_macro_f1=86.3905 | prototype_update=no
2026-06-06 11:04:00 | INFO | RUN_MODE=deterministic_smoke_test | dataset=PlantDoc | method=UAMP-Net | stage=train | lr=0.00008245 | val_macro_f1=87.6575 | prototype_update=yes
2026-06-06 13:40:00 | INFO | RUN_MODE=deterministic_smoke_test | dataset=PlantDoc | method=UAMP-Net | stage=eval | lr=0.00009368 | val_macro_f1=92.1696 | prototype_update=no
2026-06-06 08:52:00 | INFO | RUN_MODE=deterministic_smoke_test | dataset=CUB-200-2011 | method=ResNet-50 | stage=loader | lr=0.00005956 | val_macro_f1=87.2042 | prototype_update=no
2026-06-06 10:44:00 | INFO | RUN_MODE=deterministic_smoke_test | dataset=CUB-200-2011 | method=ResNet-50 | stage=train | lr=0.00009612 | val_macro_f1=87.1285 | prototype_update=no
2026-06-06 13:15:00 | INFO | RUN_MODE=deterministic_smoke_test | dataset=CUB-200-2011 | method=ResNet-50 | stage=eval | lr=0.00009963 | val_macro_f1=86.0127 | prototype_update=no
2026-06-06 09:24:00 | INFO | RUN_MODE=deterministic_smoke_test | dataset=CUB-200-2011 | method=EfficientNet-B3 | stage=loader | lr=0.00008198 | val_macro_f1=91.0533 | prototype_update=no
2026-06-06 10:17:00 | INFO | RUN_MODE=deterministic_smoke_test | dataset=CUB-200-2011 | method=EfficientNet-B3 | stage=train | lr=0.00006798 | val_macro_f1=84.5132 | prototype_update=no
2026-06-06 13:50:00 | INFO | RUN_MODE=deterministic_smoke_test | dataset=CUB-200-2011 | method=EfficientNet-B3 | stage=eval | lr=0.00009073 | val_macro_f1=90.7225 | prototype_update=no
2026-06-06 08:59:00 | INFO | RUN_MODE=deterministic_smoke_test | dataset=CUB-200-2011 | method=ConvNeXt-Tiny | stage=loader | lr=0.00008163 | val_macro_f1=84.1238 | prototype_update=no
2026-06-06 11:39:00 | INFO | RUN_MODE=deterministic_smoke_test | dataset=CUB-200-2011 | method=ConvNeXt-Tiny | stage=train | lr=0.00005332 | val_macro_f1=89.5430 | prototype_update=no
2026-06-06 12:44:00 | INFO | RUN_MODE=deterministic_smoke_test | dataset=CUB-200-2011 | method=ConvNeXt-Tiny | stage=eval | lr=0.00008143 | val_macro_f1=85.8841 | prototype_update=no
2026-06-06 10:03:00 | INFO | RUN_MODE=deterministic_smoke_test | dataset=CUB-200-2011 | method=Swin-Tiny | stage=loader | lr=0.00005136 | val_macro_f1=84.6029 | prototype_update=no
2026-06-06 11:15:00 | INFO | RUN_MODE=deterministic_smoke_test | dataset=CUB-200-2011 | method=Swin-Tiny | stage=train | lr=0.00005195 | val_macro_f1=84.1962 | prototype_update=no
2026-06-06 14:00:00 | INFO | RUN_MODE=deterministic_smoke_test | dataset=CUB-200-2011 | method=Swin-Tiny | stage=eval | lr=0.00008423 | val_macro_f1=85.9693 | prototype_update=no
2026-06-06 09:16:00 | INFO | RUN_MODE=deterministic_smoke_test | dataset=CUB-200-2011 | method=ConvNeXt+ARM | stage=loader | lr=0.00009948 | val_macro_f1=88.0601 | prototype_update=no
2026-06-06 12:06:00 | INFO | RUN_MODE=deterministic_smoke_test | dataset=CUB-200-2011 | method=ConvNeXt+ARM | stage=train | lr=0.00009677 | val_macro_f1=86.2996 | prototype_update=no
2026-06-06 13:17:00 | INFO | RUN_MODE=deterministic_smoke_test | dataset=CUB-200-2011 | method=ConvNeXt+ARM | stage=eval | lr=0.00008950 | val_macro_f1=89.4792 | prototype_update=no
2026-06-06 09:45:00 | INFO | RUN_MODE=deterministic_smoke_test | dataset=CUB-200-2011 | method=UAMP-Net | stage=loader | lr=0.00007067 | val_macro_f1=87.7426 | prototype_update=no
2026-06-06 11:24:00 | INFO | RUN_MODE=deterministic_smoke_test | dataset=CUB-200-2011 | method=UAMP-Net | stage=train | lr=0.00005691 | val_macro_f1=93.9292 | prototype_update=yes
2026-06-06 13:53:00 | INFO | RUN_MODE=deterministic_smoke_test | dataset=CUB-200-2011 | method=UAMP-Net | stage=eval | lr=0.00006543 | val_macro_f1=90.5613 | prototype_update=no
2026-06-07 10:09:00 | INFO | RUN_MODE=deterministic_smoke_test | dataset=PlantVillage | method=ResNet-50 | stage=loader | lr=0.00009514 | val_macro_f1=86.6362 | prototype_update=no
2026-06-07 10:26:00 | INFO | RUN_MODE=deterministic_smoke_test | dataset=PlantVillage | method=ResNet-50 | stage=train | lr=0.00007999 | val_macro_f1=84.8239 | prototype_update=no
2026-06-07 13:32:00 | INFO | RUN_MODE=deterministic_smoke_test | dataset=PlantVillage | method=ResNet-50 | stage=eval | lr=0.00009645 | val_macro_f1=84.0851 | prototype_update=no
2026-06-07 09:39:00 | INFO | RUN_MODE=deterministic_smoke_test | dataset=PlantVillage | method=EfficientNet-B3 | stage=loader | lr=0.00006925 | val_macro_f1=84.3138 | prototype_update=no
2026-06-07 10:24:00 | INFO | RUN_MODE=deterministic_smoke_test | dataset=PlantVillage | method=EfficientNet-B3 | stage=train | lr=0.00006607 | val_macro_f1=86.4453 | prototype_update=no
2026-06-07 14:05:00 | INFO | RUN_MODE=deterministic_smoke_test | dataset=PlantVillage | method=EfficientNet-B3 | stage=eval | lr=0.00006604 | val_macro_f1=86.4900 | prototype_update=no
2026-06-07 09:35:00 | INFO | RUN_MODE=deterministic_smoke_test | dataset=PlantVillage | method=ConvNeXt-Tiny | stage=loader | lr=0.00008694 | val_macro_f1=86.8318 | prototype_update=no
2026-06-07 10:42:00 | INFO | RUN_MODE=deterministic_smoke_test | dataset=PlantVillage | method=ConvNeXt-Tiny | stage=train | lr=0.00009902 | val_macro_f1=91.2829 | prototype_update=no
2026-06-07 13:37:00 | INFO | RUN_MODE=deterministic_smoke_test | dataset=PlantVillage | method=ConvNeXt-Tiny | stage=eval | lr=0.00008977 | val_macro_f1=87.3128 | prototype_update=no
2026-06-07 09:45:00 | INFO | RUN_MODE=deterministic_smoke_test | dataset=PlantVillage | method=Swin-Tiny | stage=loader | lr=0.00009259 | val_macro_f1=91.0100 | prototype_update=no
2026-06-07 10:54:00 | INFO | RUN_MODE=deterministic_smoke_test | dataset=PlantVillage | method=Swin-Tiny | stage=train | lr=0.00009135 | val_macro_f1=87.5612 | prototype_update=no
2026-06-07 13:12:00 | INFO | RUN_MODE=deterministic_smoke_test | dataset=PlantVillage | method=Swin-Tiny | stage=eval | lr=0.00008020 | val_macro_f1=89.0100 | prototype_update=no
2026-06-07 09:06:00 | INFO | RUN_MODE=deterministic_smoke_test | dataset=PlantVillage | method=ConvNeXt+ARM | stage=loader | lr=0.00006409 | val_macro_f1=91.5313 | prototype_update=no
2026-06-07 12:04:00 | INFO | RUN_MODE=deterministic_smoke_test | dataset=PlantVillage | method=ConvNeXt+ARM | stage=train | lr=0.00008787 | val_macro_f1=91.0572 | prototype_update=no
2026-06-07 12:49:00 | INFO | RUN_MODE=deterministic_smoke_test | dataset=PlantVillage | method=ConvNeXt+ARM | stage=eval | lr=0.00005841 | val_macro_f1=86.0336 | prototype_update=no
2026-06-07 09:06:00 | INFO | RUN_MODE=deterministic_smoke_test | dataset=PlantVillage | method=UAMP-Net | stage=loader | lr=0.00009335 | val_macro_f1=89.6475 | prototype_update=no
2026-06-07 12:12:00 | INFO | RUN_MODE=deterministic_smoke_test | dataset=PlantVillage | method=UAMP-Net | stage=train | lr=0.00006258 | val_macro_f1=89.5589 | prototype_update=yes
2026-06-07 13:32:00 | INFO | RUN_MODE=deterministic_smoke_test | dataset=PlantVillage | method=UAMP-Net | stage=eval | lr=0.00005538 | val_macro_f1=93.2459 | prototype_update=no
2026-06-07 08:51:00 | INFO | RUN_MODE=deterministic_smoke_test | dataset=PlantDoc | method=ResNet-50 | stage=loader | lr=0.00006734 | val_macro_f1=87.5584 | prototype_update=no
2026-06-07 11:40:00 | INFO | RUN_MODE=deterministic_smoke_test | dataset=PlantDoc | method=ResNet-50 | stage=train | lr=0.00006912 | val_macro_f1=89.0457 | prototype_update=no
2026-06-07 12:32:00 | INFO | RUN_MODE=deterministic_smoke_test | dataset=PlantDoc | method=ResNet-50 | stage=eval | lr=0.00007335 | val_macro_f1=86.6030 | prototype_update=no
2026-06-07 09:23:00 | INFO | RUN_MODE=deterministic_smoke_test | dataset=PlantDoc | method=EfficientNet-B3 | stage=loader | lr=0.00007434 | val_macro_f1=89.0967 | prototype_update=no
2026-06-07 11:41:00 | INFO | RUN_MODE=deterministic_smoke_test | dataset=PlantDoc | method=EfficientNet-B3 | stage=train | lr=0.00008084 | val_macro_f1=87.0261 | prototype_update=no
2026-06-07 12:31:00 | INFO | RUN_MODE=deterministic_smoke_test | dataset=PlantDoc | method=EfficientNet-B3 | stage=eval | lr=0.00006863 | val_macro_f1=88.8818 | prototype_update=no
2026-06-07 09:29:00 | INFO | RUN_MODE=deterministic_smoke_test | dataset=PlantDoc | method=ConvNeXt-Tiny | stage=loader | lr=0.00007492 | val_macro_f1=88.0953 | prototype_update=no
2026-06-07 10:29:00 | INFO | RUN_MODE=deterministic_smoke_test | dataset=PlantDoc | method=ConvNeXt-Tiny | stage=train | lr=0.00005229 | val_macro_f1=86.5789 | prototype_update=no
2026-06-07 13:34:00 | INFO | RUN_MODE=deterministic_smoke_test | dataset=PlantDoc | method=ConvNeXt-Tiny | stage=eval | lr=0.00005598 | val_macro_f1=87.5380 | prototype_update=no
2026-06-07 09:08:00 | INFO | RUN_MODE=deterministic_smoke_test | dataset=PlantDoc | method=Swin-Tiny | stage=loader | lr=0.00008295 | val_macro_f1=84.3593 | prototype_update=no
2026-06-07 10:51:00 | INFO | RUN_MODE=deterministic_smoke_test | dataset=PlantDoc | method=Swin-Tiny | stage=train | lr=0.00006000 | val_macro_f1=90.2898 | prototype_update=no
2026-06-07 13:35:00 | INFO | RUN_MODE=deterministic_smoke_test | dataset=PlantDoc | method=Swin-Tiny | stage=eval | lr=0.00008826 | val_macro_f1=91.5497 | prototype_update=no
2026-06-07 08:35:00 | INFO | RUN_MODE=deterministic_smoke_test | dataset=PlantDoc | method=ConvNeXt+ARM | stage=loader | lr=0.00009742 | val_macro_f1=86.4708 | prototype_update=no
2026-06-07 10:19:00 | INFO | RUN_MODE=deterministic_smoke_test | dataset=PlantDoc | method=ConvNeXt+ARM | stage=train | lr=0.00005513 | val_macro_f1=90.0379 | prototype_update=no
2026-06-07 13:01:00 | INFO | RUN_MODE=deterministic_smoke_test | dataset=PlantDoc | method=ConvNeXt+ARM | stage=eval | lr=0.00009394 | val_macro_f1=88.9062 | prototype_update=no
2026-06-07 09:30:00 | INFO | RUN_MODE=deterministic_smoke_test | dataset=PlantDoc | method=UAMP-Net | stage=loader | lr=0.00008510 | val_macro_f1=90.7055 | prototype_update=no
2026-06-07 10:43:00 | INFO | RUN_MODE=deterministic_smoke_test | dataset=PlantDoc | method=UAMP-Net | stage=train | lr=0.00007649 | val_macro_f1=89.8186 | prototype_update=yes
2026-06-07 13:40:00 | INFO | RUN_MODE=deterministic_smoke_test | dataset=PlantDoc | method=UAMP-Net | stage=eval | lr=0.00005599 | val_macro_f1=93.9931 | prototype_update=no
2026-06-07 10:03:00 | INFO | RUN_MODE=deterministic_smoke_test | dataset=CUB-200-2011 | method=ResNet-50 | stage=loader | lr=0.00005803 | val_macro_f1=86.9560 | prototype_update=no
2026-06-07 10:26:00 | INFO | RUN_MODE=deterministic_smoke_test | dataset=CUB-200-2011 | method=ResNet-50 | stage=train | lr=0.00008063 | val_macro_f1=90.3243 | prototype_update=no
2026-06-07 13:37:00 | INFO | RUN_MODE=deterministic_smoke_test | dataset=CUB-200-2011 | method=ResNet-50 | stage=eval | lr=0.00008522 | val_macro_f1=86.6049 | prototype_update=no
2026-06-07 09:10:00 | INFO | RUN_MODE=deterministic_smoke_test | dataset=CUB-200-2011 | method=EfficientNet-B3 | stage=loader | lr=0.00007859 | val_macro_f1=84.9364 | prototype_update=no
2026-06-07 10:47:00 | INFO | RUN_MODE=deterministic_smoke_test | dataset=CUB-200-2011 | method=EfficientNet-B3 | stage=train | lr=0.00008512 | val_macro_f1=87.8461 | prototype_update=no
2026-06-07 13:31:00 | INFO | RUN_MODE=deterministic_smoke_test | dataset=CUB-200-2011 | method=EfficientNet-B3 | stage=eval | lr=0.00006188 | val_macro_f1=87.2577 | prototype_update=no
2026-06-07 08:57:00 | INFO | RUN_MODE=deterministic_smoke_test | dataset=CUB-200-2011 | method=ConvNeXt-Tiny | stage=loader | lr=0.00006261 | val_macro_f1=84.3911 | prototype_update=no
2026-06-07 12:08:00 | INFO | RUN_MODE=deterministic_smoke_test | dataset=CUB-200-2011 | method=ConvNeXt-Tiny | stage=train | lr=0.00009723 | val_macro_f1=91.2568 | prototype_update=no
2026-06-07 12:43:00 | INFO | RUN_MODE=deterministic_smoke_test | dataset=CUB-200-2011 | method=ConvNeXt-Tiny | stage=eval | lr=0.00005315 | val_macro_f1=87.7865 | prototype_update=no
2026-06-07 09:12:00 | INFO | RUN_MODE=deterministic_smoke_test | dataset=CUB-200-2011 | method=Swin-Tiny | stage=loader | lr=0.00008281 | val_macro_f1=91.4768 | prototype_update=no
2026-06-07 11:22:00 | INFO | RUN_MODE=deterministic_smoke_test | dataset=CUB-200-2011 | method=Swin-Tiny | stage=train | lr=0.00008944 | val_macro_f1=86.0405 | prototype_update=no
2026-06-07 13:02:00 | INFO | RUN_MODE=deterministic_smoke_test | dataset=CUB-200-2011 | method=Swin-Tiny | stage=eval | lr=0.00006496 | val_macro_f1=91.0315 | prototype_update=no
2026-06-07 09:43:00 | INFO | RUN_MODE=deterministic_smoke_test | dataset=CUB-200-2011 | method=ConvNeXt+ARM | stage=loader | lr=0.00005378 | val_macro_f1=86.2690 | prototype_update=no
2026-06-07 10:38:00 | INFO | RUN_MODE=deterministic_smoke_test | dataset=CUB-200-2011 | method=ConvNeXt+ARM | stage=train | lr=0.00007820 | val_macro_f1=89.4203 | prototype_update=no
2026-06-07 13:50:00 | INFO | RUN_MODE=deterministic_smoke_test | dataset=CUB-200-2011 | method=ConvNeXt+ARM | stage=eval | lr=0.00005697 | val_macro_f1=84.3270 | prototype_update=no
2026-06-07 09:15:00 | INFO | RUN_MODE=deterministic_smoke_test | dataset=CUB-200-2011 | method=UAMP-Net | stage=loader | lr=0.00007560 | val_macro_f1=91.0190 | prototype_update=no
2026-06-07 10:34:00 | INFO | RUN_MODE=deterministic_smoke_test | dataset=CUB-200-2011 | method=UAMP-Net | stage=train | lr=0.00008216 | val_macro_f1=93.7312 | prototype_update=yes
2026-06-07 13:29:00 | INFO | RUN_MODE=deterministic_smoke_test | dataset=CUB-200-2011 | method=UAMP-Net | stage=eval | lr=0.00008247 | val_macro_f1=90.5381 | prototype_update=no
2026-06-08 09:54:00 | INFO | RUN_MODE=deterministic_smoke_test | dataset=PlantVillage | method=ResNet-50 | stage=loader | lr=0.00009236 | val_macro_f1=87.9664 | prototype_update=no
2026-06-08 10:45:00 | INFO | RUN_MODE=deterministic_smoke_test | dataset=PlantVillage | method=ResNet-50 | stage=train | lr=0.00007631 | val_macro_f1=90.5398 | prototype_update=no
2026-06-08 13:19:00 | INFO | RUN_MODE=deterministic_smoke_test | dataset=PlantVillage | method=ResNet-50 | stage=eval | lr=0.00008308 | val_macro_f1=91.3903 | prototype_update=no
2026-06-08 09:43:00 | INFO | RUN_MODE=deterministic_smoke_test | dataset=PlantVillage | method=EfficientNet-B3 | stage=loader | lr=0.00005504 | val_macro_f1=90.4783 | prototype_update=no
2026-06-08 10:59:00 | INFO | RUN_MODE=deterministic_smoke_test | dataset=PlantVillage | method=EfficientNet-B3 | stage=train | lr=0.00005421 | val_macro_f1=84.8353 | prototype_update=no
2026-06-08 13:41:00 | INFO | RUN_MODE=deterministic_smoke_test | dataset=PlantVillage | method=EfficientNet-B3 | stage=eval | lr=0.00009891 | val_macro_f1=87.4196 | prototype_update=no
2026-06-08 09:08:00 | INFO | RUN_MODE=deterministic_smoke_test | dataset=PlantVillage | method=ConvNeXt-Tiny | stage=loader | lr=0.00007752 | val_macro_f1=85.9806 | prototype_update=no
2026-06-08 10:47:00 | INFO | RUN_MODE=deterministic_smoke_test | dataset=PlantVillage | method=ConvNeXt-Tiny | stage=train | lr=0.00005672 | val_macro_f1=87.2545 | prototype_update=no
2026-06-08 13:38:00 | INFO | RUN_MODE=deterministic_smoke_test | dataset=PlantVillage | method=ConvNeXt-Tiny | stage=eval | lr=0.00006854 | val_macro_f1=90.4750 | prototype_update=no
2026-06-08 09:21:00 | INFO | RUN_MODE=deterministic_smoke_test | dataset=PlantVillage | method=Swin-Tiny | stage=loader | lr=0.00006843 | val_macro_f1=85.2541 | prototype_update=no
2026-06-08 11:37:00 | INFO | RUN_MODE=deterministic_smoke_test | dataset=PlantVillage | method=Swin-Tiny | stage=train | lr=0.00006000 | val_macro_f1=91.9150 | prototype_update=no
2026-06-08 13:49:00 | INFO | RUN_MODE=deterministic_smoke_test | dataset=PlantVillage | method=Swin-Tiny | stage=eval | lr=0.00008028 | val_macro_f1=90.5819 | prototype_update=no
2026-06-08 08:25:00 | INFO | RUN_MODE=deterministic_smoke_test | dataset=PlantVillage | method=ConvNeXt+ARM | stage=loader | lr=0.00009873 | val_macro_f1=88.8111 | prototype_update=no
2026-06-08 10:20:00 | INFO | RUN_MODE=deterministic_smoke_test | dataset=PlantVillage | method=ConvNeXt+ARM | stage=train | lr=0.00009802 | val_macro_f1=87.9962 | prototype_update=no
2026-06-08 12:36:00 | INFO | RUN_MODE=deterministic_smoke_test | dataset=PlantVillage | method=ConvNeXt+ARM | stage=eval | lr=0.00005515 | val_macro_f1=84.8921 | prototype_update=no
2026-06-08 09:30:00 | INFO | RUN_MODE=deterministic_smoke_test | dataset=PlantVillage | method=UAMP-Net | stage=loader | lr=0.00009356 | val_macro_f1=86.2656 | prototype_update=no
2026-06-08 10:45:00 | INFO | RUN_MODE=deterministic_smoke_test | dataset=PlantVillage | method=UAMP-Net | stage=train | lr=0.00007397 | val_macro_f1=86.8783 | prototype_update=yes
2026-06-08 13:55:00 | INFO | RUN_MODE=deterministic_smoke_test | dataset=PlantVillage | method=UAMP-Net | stage=eval | lr=0.00006548 | val_macro_f1=90.3125 | prototype_update=no
2026-06-08 09:29:00 | INFO | RUN_MODE=deterministic_smoke_test | dataset=PlantDoc | method=ResNet-50 | stage=loader | lr=0.00005904 | val_macro_f1=86.5531 | prototype_update=no
2026-06-08 10:50:00 | INFO | RUN_MODE=deterministic_smoke_test | dataset=PlantDoc | method=ResNet-50 | stage=train | lr=0.00008780 | val_macro_f1=85.2077 | prototype_update=no
2026-06-08 13:46:00 | INFO | RUN_MODE=deterministic_smoke_test | dataset=PlantDoc | method=ResNet-50 | stage=eval | lr=0.00006996 | val_macro_f1=91.0085 | prototype_update=no
2026-06-08 10:12:00 | INFO | RUN_MODE=deterministic_smoke_test | dataset=PlantDoc | method=EfficientNet-B3 | stage=loader | lr=0.00007964 | val_macro_f1=86.2532 | prototype_update=no
2026-06-08 11:30:00 | INFO | RUN_MODE=deterministic_smoke_test | dataset=PlantDoc | method=EfficientNet-B3 | stage=train | lr=0.00007125 | val_macro_f1=86.8679 | prototype_update=no
2026-06-08 14:05:00 | INFO | RUN_MODE=deterministic_smoke_test | dataset=PlantDoc | method=EfficientNet-B3 | stage=eval | lr=0.00005718 | val_macro_f1=84.7716 | prototype_update=no
2026-06-08 08:43:00 | INFO | RUN_MODE=deterministic_smoke_test | dataset=PlantDoc | method=ConvNeXt-Tiny | stage=loader | lr=0.00009396 | val_macro_f1=87.8572 | prototype_update=no
2026-06-08 11:08:00 | INFO | RUN_MODE=deterministic_smoke_test | dataset=PlantDoc | method=ConvNeXt-Tiny | stage=train | lr=0.00006739 | val_macro_f1=85.5285 | prototype_update=no
2026-06-08 13:13:00 | INFO | RUN_MODE=deterministic_smoke_test | dataset=PlantDoc | method=ConvNeXt-Tiny | stage=eval | lr=0.00007474 | val_macro_f1=84.1778 | prototype_update=no
2026-06-08 09:13:00 | INFO | RUN_MODE=deterministic_smoke_test | dataset=PlantDoc | method=Swin-Tiny | stage=loader | lr=0.00007279 | val_macro_f1=84.5936 | prototype_update=no
2026-06-08 11:11:00 | INFO | RUN_MODE=deterministic_smoke_test | dataset=PlantDoc | method=Swin-Tiny | stage=train | lr=0.00006678 | val_macro_f1=85.1963 | prototype_update=no
2026-06-08 12:17:00 | INFO | RUN_MODE=deterministic_smoke_test | dataset=PlantDoc | method=Swin-Tiny | stage=eval | lr=0.00005308 | val_macro_f1=91.4524 | prototype_update=no
2026-06-08 08:29:00 | INFO | RUN_MODE=deterministic_smoke_test | dataset=PlantDoc | method=ConvNeXt+ARM | stage=loader | lr=0.00007180 | val_macro_f1=87.0531 | prototype_update=no
2026-06-08 10:36:00 | INFO | RUN_MODE=deterministic_smoke_test | dataset=PlantDoc | method=ConvNeXt+ARM | stage=train | lr=0.00007298 | val_macro_f1=88.1541 | prototype_update=no
2026-06-08 12:34:00 | INFO | RUN_MODE=deterministic_smoke_test | dataset=PlantDoc | method=ConvNeXt+ARM | stage=eval | lr=0.00007021 | val_macro_f1=84.8373 | prototype_update=no
2026-06-08 08:17:00 | INFO | RUN_MODE=deterministic_smoke_test | dataset=PlantDoc | method=UAMP-Net | stage=loader | lr=0.00009624 | val_macro_f1=91.9997 | prototype_update=no
2026-06-08 11:45:00 | INFO | RUN_MODE=deterministic_smoke_test | dataset=PlantDoc | method=UAMP-Net | stage=train | lr=0.00007053 | val_macro_f1=93.5354 | prototype_update=yes
2026-06-08 13:21:00 | INFO | RUN_MODE=deterministic_smoke_test | dataset=PlantDoc | method=UAMP-Net | stage=eval | lr=0.00008353 | val_macro_f1=87.3293 | prototype_update=no
2026-06-08 10:07:00 | INFO | RUN_MODE=deterministic_smoke_test | dataset=CUB-200-2011 | method=ResNet-50 | stage=loader | lr=0.00005971 | val_macro_f1=85.8642 | prototype_update=no
2026-06-08 11:07:00 | INFO | RUN_MODE=deterministic_smoke_test | dataset=CUB-200-2011 | method=ResNet-50 | stage=train | lr=0.00008903 | val_macro_f1=87.4519 | prototype_update=no
2026-06-08 14:13:00 | INFO | RUN_MODE=deterministic_smoke_test | dataset=CUB-200-2011 | method=ResNet-50 | stage=eval | lr=0.00005203 | val_macro_f1=90.2311 | prototype_update=no
2026-06-08 09:06:00 | INFO | RUN_MODE=deterministic_smoke_test | dataset=CUB-200-2011 | method=EfficientNet-B3 | stage=loader | lr=0.00009343 | val_macro_f1=89.8099 | prototype_update=no
2026-06-08 11:26:00 | INFO | RUN_MODE=deterministic_smoke_test | dataset=CUB-200-2011 | method=EfficientNet-B3 | stage=train | lr=0.00005792 | val_macro_f1=87.4383 | prototype_update=no
2026-06-08 12:56:00 | INFO | RUN_MODE=deterministic_smoke_test | dataset=CUB-200-2011 | method=EfficientNet-B3 | stage=eval | lr=0.00005435 | val_macro_f1=88.0006 | prototype_update=no
2026-06-08 09:00:00 | INFO | RUN_MODE=deterministic_smoke_test | dataset=CUB-200-2011 | method=ConvNeXt-Tiny | stage=loader | lr=0.00005080 | val_macro_f1=84.1377 | prototype_update=no
2026-06-08 10:57:00 | INFO | RUN_MODE=deterministic_smoke_test | dataset=CUB-200-2011 | method=ConvNeXt-Tiny | stage=train | lr=0.00007302 | val_macro_f1=87.1583 | prototype_update=no
2026-06-08 13:18:00 | INFO | RUN_MODE=deterministic_smoke_test | dataset=CUB-200-2011 | method=ConvNeXt-Tiny | stage=eval | lr=0.00006001 | val_macro_f1=91.8341 | prototype_update=no
2026-06-08 09:28:00 | INFO | RUN_MODE=deterministic_smoke_test | dataset=CUB-200-2011 | method=Swin-Tiny | stage=loader | lr=0.00009471 | val_macro_f1=88.0620 | prototype_update=no
2026-06-08 11:00:00 | INFO | RUN_MODE=deterministic_smoke_test | dataset=CUB-200-2011 | method=Swin-Tiny | stage=train | lr=0.00006337 | val_macro_f1=84.9082 | prototype_update=no
2026-06-08 12:41:00 | INFO | RUN_MODE=deterministic_smoke_test | dataset=CUB-200-2011 | method=Swin-Tiny | stage=eval | lr=0.00005118 | val_macro_f1=88.0978 | prototype_update=no
2026-06-08 09:30:00 | INFO | RUN_MODE=deterministic_smoke_test | dataset=CUB-200-2011 | method=ConvNeXt+ARM | stage=loader | lr=0.00007594 | val_macro_f1=91.4647 | prototype_update=no
2026-06-08 12:13:00 | INFO | RUN_MODE=deterministic_smoke_test | dataset=CUB-200-2011 | method=ConvNeXt+ARM | stage=train | lr=0.00008072 | val_macro_f1=85.2911 | prototype_update=no
2026-06-08 13:51:00 | INFO | RUN_MODE=deterministic_smoke_test | dataset=CUB-200-2011 | method=ConvNeXt+ARM | stage=eval | lr=0.00005755 | val_macro_f1=88.2785 | prototype_update=no
2026-06-08 08:28:00 | INFO | RUN_MODE=deterministic_smoke_test | dataset=CUB-200-2011 | method=UAMP-Net | stage=loader | lr=0.00009051 | val_macro_f1=91.3916 | prototype_update=no
2026-06-08 11:34:00 | INFO | RUN_MODE=deterministic_smoke_test | dataset=CUB-200-2011 | method=UAMP-Net | stage=train | lr=0.00007577 | val_macro_f1=93.8212 | prototype_update=yes
2026-06-08 13:27:00 | INFO | RUN_MODE=deterministic_smoke_test | dataset=CUB-200-2011 | method=UAMP-Net | stage=eval | lr=0.00009012 | val_macro_f1=87.7815 | prototype_update=no
2026-06-09 08:27:00 | INFO | RUN_MODE=deterministic_smoke_test | dataset=PlantVillage | method=ResNet-50 | stage=loader | lr=0.00007201 | val_macro_f1=90.5803 | prototype_update=no
2026-06-09 11:21:00 | INFO | RUN_MODE=deterministic_smoke_test | dataset=PlantVillage | method=ResNet-50 | stage=train | lr=0.00006755 | val_macro_f1=84.2207 | prototype_update=no
2026-06-09 13:11:00 | INFO | RUN_MODE=deterministic_smoke_test | dataset=PlantVillage | method=ResNet-50 | stage=eval | lr=0.00009209 | val_macro_f1=85.2274 | prototype_update=no
2026-06-09 09:30:00 | INFO | RUN_MODE=deterministic_smoke_test | dataset=PlantVillage | method=EfficientNet-B3 | stage=loader | lr=0.00005201 | val_macro_f1=89.1178 | prototype_update=no
2026-06-09 10:49:00 | INFO | RUN_MODE=deterministic_smoke_test | dataset=PlantVillage | method=EfficientNet-B3 | stage=train | lr=0.00006859 | val_macro_f1=89.5181 | prototype_update=no
2026-06-09 14:00:00 | INFO | RUN_MODE=deterministic_smoke_test | dataset=PlantVillage | method=EfficientNet-B3 | stage=eval | lr=0.00006435 | val_macro_f1=85.5727 | prototype_update=no
2026-06-09 09:21:00 | INFO | RUN_MODE=deterministic_smoke_test | dataset=PlantVillage | method=ConvNeXt-Tiny | stage=loader | lr=0.00007896 | val_macro_f1=84.3417 | prototype_update=no
2026-06-09 12:11:00 | INFO | RUN_MODE=deterministic_smoke_test | dataset=PlantVillage | method=ConvNeXt-Tiny | stage=train | lr=0.00006702 | val_macro_f1=85.8842 | prototype_update=no
2026-06-09 12:52:00 | INFO | RUN_MODE=deterministic_smoke_test | dataset=PlantVillage | method=ConvNeXt-Tiny | stage=eval | lr=0.00008259 | val_macro_f1=89.4422 | prototype_update=no
2026-06-09 09:36:00 | INFO | RUN_MODE=deterministic_smoke_test | dataset=PlantVillage | method=Swin-Tiny | stage=loader | lr=0.00009313 | val_macro_f1=88.6715 | prototype_update=no
2026-06-09 10:52:00 | INFO | RUN_MODE=deterministic_smoke_test | dataset=PlantVillage | method=Swin-Tiny | stage=train | lr=0.00009123 | val_macro_f1=86.0805 | prototype_update=no
2026-06-09 13:47:00 | INFO | RUN_MODE=deterministic_smoke_test | dataset=PlantVillage | method=Swin-Tiny | stage=eval | lr=0.00009128 | val_macro_f1=90.3750 | prototype_update=no
2026-06-09 08:21:00 | INFO | RUN_MODE=deterministic_smoke_test | dataset=PlantVillage | method=ConvNeXt+ARM | stage=loader | lr=0.00005318 | val_macro_f1=89.3775 | prototype_update=no
2026-06-09 11:10:00 | INFO | RUN_MODE=deterministic_smoke_test | dataset=PlantVillage | method=ConvNeXt+ARM | stage=train | lr=0.00006392 | val_macro_f1=84.5753 | prototype_update=no
2026-06-09 13:51:00 | INFO | RUN_MODE=deterministic_smoke_test | dataset=PlantVillage | method=ConvNeXt+ARM | stage=eval | lr=0.00008498 | val_macro_f1=90.8963 | prototype_update=no
2026-06-09 08:55:00 | INFO | RUN_MODE=deterministic_smoke_test | dataset=PlantVillage | method=UAMP-Net | stage=loader | lr=0.00007914 | val_macro_f1=91.8734 | prototype_update=no
2026-06-09 11:29:00 | INFO | RUN_MODE=deterministic_smoke_test | dataset=PlantVillage | method=UAMP-Net | stage=train | lr=0.00008277 | val_macro_f1=87.3373 | prototype_update=yes
2026-06-09 13:30:00 | INFO | RUN_MODE=deterministic_smoke_test | dataset=PlantVillage | method=UAMP-Net | stage=eval | lr=0.00007805 | val_macro_f1=86.0260 | prototype_update=no
2026-06-09 08:52:00 | INFO | RUN_MODE=deterministic_smoke_test | dataset=PlantDoc | method=ResNet-50 | stage=loader | lr=0.00009291 | val_macro_f1=85.1327 | prototype_update=no
2026-06-09 11:54:00 | INFO | RUN_MODE=deterministic_smoke_test | dataset=PlantDoc | method=ResNet-50 | stage=train | lr=0.00007442 | val_macro_f1=84.4185 | prototype_update=no
2026-06-09 13:53:00 | INFO | RUN_MODE=deterministic_smoke_test | dataset=PlantDoc | method=ResNet-50 | stage=eval | lr=0.00007201 | val_macro_f1=84.8995 | prototype_update=no
2026-06-09 09:46:00 | INFO | RUN_MODE=deterministic_smoke_test | dataset=PlantDoc | method=EfficientNet-B3 | stage=loader | lr=0.00005765 | val_macro_f1=91.1203 | prototype_update=no
2026-06-09 10:42:00 | INFO | RUN_MODE=deterministic_smoke_test | dataset=PlantDoc | method=EfficientNet-B3 | stage=train | lr=0.00007743 | val_macro_f1=85.0689 | prototype_update=no
2026-06-09 12:52:00 | INFO | RUN_MODE=deterministic_smoke_test | dataset=PlantDoc | method=EfficientNet-B3 | stage=eval | lr=0.00005362 | val_macro_f1=85.6220 | prototype_update=no
2026-06-09 09:19:00 | INFO | RUN_MODE=deterministic_smoke_test | dataset=PlantDoc | method=ConvNeXt-Tiny | stage=loader | lr=0.00008693 | val_macro_f1=86.6970 | prototype_update=no
2026-06-09 11:41:00 | INFO | RUN_MODE=deterministic_smoke_test | dataset=PlantDoc | method=ConvNeXt-Tiny | stage=train | lr=0.00007536 | val_macro_f1=87.6816 | prototype_update=no
2026-06-09 13:36:00 | INFO | RUN_MODE=deterministic_smoke_test | dataset=PlantDoc | method=ConvNeXt-Tiny | stage=eval | lr=0.00009081 | val_macro_f1=88.8812 | prototype_update=no
2026-06-09 09:55:00 | INFO | RUN_MODE=deterministic_smoke_test | dataset=PlantDoc | method=Swin-Tiny | stage=loader | lr=0.00009086 | val_macro_f1=86.1232 | prototype_update=no
2026-06-09 10:16:00 | INFO | RUN_MODE=deterministic_smoke_test | dataset=PlantDoc | method=Swin-Tiny | stage=train | lr=0.00007615 | val_macro_f1=87.6266 | prototype_update=no
2026-06-09 12:22:00 | INFO | RUN_MODE=deterministic_smoke_test | dataset=PlantDoc | method=Swin-Tiny | stage=eval | lr=0.00009723 | val_macro_f1=91.7020 | prototype_update=no
2026-06-09 09:45:00 | INFO | RUN_MODE=deterministic_smoke_test | dataset=PlantDoc | method=ConvNeXt+ARM | stage=loader | lr=0.00006974 | val_macro_f1=85.6971 | prototype_update=no
2026-06-09 10:25:00 | INFO | RUN_MODE=deterministic_smoke_test | dataset=PlantDoc | method=ConvNeXt+ARM | stage=train | lr=0.00009989 | val_macro_f1=88.1330 | prototype_update=no
2026-06-09 13:01:00 | INFO | RUN_MODE=deterministic_smoke_test | dataset=PlantDoc | method=ConvNeXt+ARM | stage=eval | lr=0.00006060 | val_macro_f1=86.3077 | prototype_update=no
2026-06-09 10:01:00 | INFO | RUN_MODE=deterministic_smoke_test | dataset=PlantDoc | method=UAMP-Net | stage=loader | lr=0.00008066 | val_macro_f1=89.5322 | prototype_update=no
2026-06-09 12:12:00 | INFO | RUN_MODE=deterministic_smoke_test | dataset=PlantDoc | method=UAMP-Net | stage=train | lr=0.00007075 | val_macro_f1=86.0019 | prototype_update=yes
2026-06-09 13:24:00 | INFO | RUN_MODE=deterministic_smoke_test | dataset=PlantDoc | method=UAMP-Net | stage=eval | lr=0.00008706 | val_macro_f1=93.6427 | prototype_update=no
2026-06-09 09:58:00 | INFO | RUN_MODE=deterministic_smoke_test | dataset=CUB-200-2011 | method=ResNet-50 | stage=loader | lr=0.00005205 | val_macro_f1=88.6383 | prototype_update=no
2026-06-09 10:37:00 | INFO | RUN_MODE=deterministic_smoke_test | dataset=CUB-200-2011 | method=ResNet-50 | stage=train | lr=0.00008010 | val_macro_f1=86.0319 | prototype_update=no
2026-06-09 14:07:00 | INFO | RUN_MODE=deterministic_smoke_test | dataset=CUB-200-2011 | method=ResNet-50 | stage=eval | lr=0.00006240 | val_macro_f1=90.1839 | prototype_update=no
2026-06-09 10:08:00 | INFO | RUN_MODE=deterministic_smoke_test | dataset=CUB-200-2011 | method=EfficientNet-B3 | stage=loader | lr=0.00008349 | val_macro_f1=91.6657 | prototype_update=no
2026-06-09 10:48:00 | INFO | RUN_MODE=deterministic_smoke_test | dataset=CUB-200-2011 | method=EfficientNet-B3 | stage=train | lr=0.00007313 | val_macro_f1=88.8635 | prototype_update=no
2026-06-09 13:25:00 | INFO | RUN_MODE=deterministic_smoke_test | dataset=CUB-200-2011 | method=EfficientNet-B3 | stage=eval | lr=0.00006186 | val_macro_f1=91.5079 | prototype_update=no
2026-06-09 09:10:00 | INFO | RUN_MODE=deterministic_smoke_test | dataset=CUB-200-2011 | method=ConvNeXt-Tiny | stage=loader | lr=0.00007890 | val_macro_f1=91.8944 | prototype_update=no
2026-06-09 12:02:00 | INFO | RUN_MODE=deterministic_smoke_test | dataset=CUB-200-2011 | method=ConvNeXt-Tiny | stage=train | lr=0.00006522 | val_macro_f1=91.8381 | prototype_update=no
2026-06-09 12:21:00 | INFO | RUN_MODE=deterministic_smoke_test | dataset=CUB-200-2011 | method=ConvNeXt-Tiny | stage=eval | lr=0.00007379 | val_macro_f1=84.3638 | prototype_update=no
2026-06-09 10:12:00 | INFO | RUN_MODE=deterministic_smoke_test | dataset=CUB-200-2011 | method=Swin-Tiny | stage=loader | lr=0.00005643 | val_macro_f1=90.5414 | prototype_update=no
2026-06-09 10:46:00 | INFO | RUN_MODE=deterministic_smoke_test | dataset=CUB-200-2011 | method=Swin-Tiny | stage=train | lr=0.00009029 | val_macro_f1=86.8314 | prototype_update=no
2026-06-09 12:25:00 | INFO | RUN_MODE=deterministic_smoke_test | dataset=CUB-200-2011 | method=Swin-Tiny | stage=eval | lr=0.00006332 | val_macro_f1=91.5089 | prototype_update=no
2026-06-09 08:20:00 | INFO | RUN_MODE=deterministic_smoke_test | dataset=CUB-200-2011 | method=ConvNeXt+ARM | stage=loader | lr=0.00008958 | val_macro_f1=85.5667 | prototype_update=no
2026-06-09 11:58:00 | INFO | RUN_MODE=deterministic_smoke_test | dataset=CUB-200-2011 | method=ConvNeXt+ARM | stage=train | lr=0.00009545 | val_macro_f1=89.1203 | prototype_update=no
2026-06-09 13:46:00 | INFO | RUN_MODE=deterministic_smoke_test | dataset=CUB-200-2011 | method=ConvNeXt+ARM | stage=eval | lr=0.00008978 | val_macro_f1=90.8147 | prototype_update=no
2026-06-09 09:11:00 | INFO | RUN_MODE=deterministic_smoke_test | dataset=CUB-200-2011 | method=UAMP-Net | stage=loader | lr=0.00006032 | val_macro_f1=88.2023 | prototype_update=no
2026-06-09 11:11:00 | INFO | RUN_MODE=deterministic_smoke_test | dataset=CUB-200-2011 | method=UAMP-Net | stage=train | lr=0.00009463 | val_macro_f1=90.7714 | prototype_update=yes
2026-06-09 14:09:00 | INFO | RUN_MODE=deterministic_smoke_test | dataset=CUB-200-2011 | method=UAMP-Net | stage=eval | lr=0.00007913 | val_macro_f1=87.2381 | prototype_update=no
2026-06-10 09:07:00 | INFO | RUN_MODE=deterministic_smoke_test | dataset=PlantVillage | method=ResNet-50 | stage=loader | lr=0.00005613 | val_macro_f1=89.8400 | prototype_update=no
2026-06-10 11:10:00 | INFO | RUN_MODE=deterministic_smoke_test | dataset=PlantVillage | method=ResNet-50 | stage=train | lr=0.00008885 | val_macro_f1=88.2330 | prototype_update=no
2026-06-10 12:20:00 | INFO | RUN_MODE=deterministic_smoke_test | dataset=PlantVillage | method=ResNet-50 | stage=eval | lr=0.00007091 | val_macro_f1=86.6306 | prototype_update=no
2026-06-10 08:31:00 | INFO | RUN_MODE=deterministic_smoke_test | dataset=PlantVillage | method=EfficientNet-B3 | stage=loader | lr=0.00007699 | val_macro_f1=85.8137 | prototype_update=no
2026-06-10 10:17:00 | INFO | RUN_MODE=deterministic_smoke_test | dataset=PlantVillage | method=EfficientNet-B3 | stage=train | lr=0.00007853 | val_macro_f1=89.6658 | prototype_update=no
2026-06-10 13:38:00 | INFO | RUN_MODE=deterministic_smoke_test | dataset=PlantVillage | method=EfficientNet-B3 | stage=eval | lr=0.00009160 | val_macro_f1=85.7639 | prototype_update=no
2026-06-10 08:37:00 | INFO | RUN_MODE=deterministic_smoke_test | dataset=PlantVillage | method=ConvNeXt-Tiny | stage=loader | lr=0.00006073 | val_macro_f1=84.4605 | prototype_update=no
2026-06-10 10:50:00 | INFO | RUN_MODE=deterministic_smoke_test | dataset=PlantVillage | method=ConvNeXt-Tiny | stage=train | lr=0.00005576 | val_macro_f1=89.7072 | prototype_update=no
2026-06-10 13:37:00 | INFO | RUN_MODE=deterministic_smoke_test | dataset=PlantVillage | method=ConvNeXt-Tiny | stage=eval | lr=0.00007448 | val_macro_f1=87.1215 | prototype_update=no
2026-06-10 08:47:00 | INFO | RUN_MODE=deterministic_smoke_test | dataset=PlantVillage | method=Swin-Tiny | stage=loader | lr=0.00006489 | val_macro_f1=85.0968 | prototype_update=no
2026-06-10 10:47:00 | INFO | RUN_MODE=deterministic_smoke_test | dataset=PlantVillage | method=Swin-Tiny | stage=train | lr=0.00006672 | val_macro_f1=84.3071 | prototype_update=no
2026-06-10 13:29:00 | INFO | RUN_MODE=deterministic_smoke_test | dataset=PlantVillage | method=Swin-Tiny | stage=eval | lr=0.00009394 | val_macro_f1=84.1114 | prototype_update=no
2026-06-10 10:12:00 | INFO | RUN_MODE=deterministic_smoke_test | dataset=PlantVillage | method=ConvNeXt+ARM | stage=loader | lr=0.00009832 | val_macro_f1=87.2696 | prototype_update=no
2026-06-10 10:39:00 | INFO | RUN_MODE=deterministic_smoke_test | dataset=PlantVillage | method=ConvNeXt+ARM | stage=train | lr=0.00009973 | val_macro_f1=91.8113 | prototype_update=no
2026-06-10 12:24:00 | INFO | RUN_MODE=deterministic_smoke_test | dataset=PlantVillage | method=ConvNeXt+ARM | stage=eval | lr=0.00009584 | val_macro_f1=87.0646 | prototype_update=no
2026-06-10 09:26:00 | INFO | RUN_MODE=deterministic_smoke_test | dataset=PlantVillage | method=UAMP-Net | stage=loader | lr=0.00005857 | val_macro_f1=88.2079 | prototype_update=no
2026-06-10 12:01:00 | INFO | RUN_MODE=deterministic_smoke_test | dataset=PlantVillage | method=UAMP-Net | stage=train | lr=0.00008175 | val_macro_f1=87.3529 | prototype_update=yes
2026-06-10 14:13:00 | INFO | RUN_MODE=deterministic_smoke_test | dataset=PlantVillage | method=UAMP-Net | stage=eval | lr=0.00005762 | val_macro_f1=90.8124 | prototype_update=no
2026-06-10 09:13:00 | INFO | RUN_MODE=deterministic_smoke_test | dataset=PlantDoc | method=ResNet-50 | stage=loader | lr=0.00009356 | val_macro_f1=86.7337 | prototype_update=no
2026-06-10 11:08:00 | INFO | RUN_MODE=deterministic_smoke_test | dataset=PlantDoc | method=ResNet-50 | stage=train | lr=0.00008241 | val_macro_f1=87.7698 | prototype_update=no
2026-06-10 12:55:00 | INFO | RUN_MODE=deterministic_smoke_test | dataset=PlantDoc | method=ResNet-50 | stage=eval | lr=0.00008972 | val_macro_f1=91.0503 | prototype_update=no
2026-06-10 09:12:00 | INFO | RUN_MODE=deterministic_smoke_test | dataset=PlantDoc | method=EfficientNet-B3 | stage=loader | lr=0.00005104 | val_macro_f1=87.6908 | prototype_update=no
2026-06-10 12:01:00 | INFO | RUN_MODE=deterministic_smoke_test | dataset=PlantDoc | method=EfficientNet-B3 | stage=train | lr=0.00006137 | val_macro_f1=85.9187 | prototype_update=no
2026-06-10 12:43:00 | INFO | RUN_MODE=deterministic_smoke_test | dataset=PlantDoc | method=EfficientNet-B3 | stage=eval | lr=0.00008361 | val_macro_f1=87.6799 | prototype_update=no
2026-06-10 08:38:00 | INFO | RUN_MODE=deterministic_smoke_test | dataset=PlantDoc | method=ConvNeXt-Tiny | stage=loader | lr=0.00005852 | val_macro_f1=91.5376 | prototype_update=no
2026-06-10 11:01:00 | INFO | RUN_MODE=deterministic_smoke_test | dataset=PlantDoc | method=ConvNeXt-Tiny | stage=train | lr=0.00009631 | val_macro_f1=87.6203 | prototype_update=no
2026-06-10 13:55:00 | INFO | RUN_MODE=deterministic_smoke_test | dataset=PlantDoc | method=ConvNeXt-Tiny | stage=eval | lr=0.00008098 | val_macro_f1=86.0514 | prototype_update=no
2026-06-10 08:48:00 | INFO | RUN_MODE=deterministic_smoke_test | dataset=PlantDoc | method=Swin-Tiny | stage=loader | lr=0.00008900 | val_macro_f1=86.8215 | prototype_update=no
2026-06-10 12:12:00 | INFO | RUN_MODE=deterministic_smoke_test | dataset=PlantDoc | method=Swin-Tiny | stage=train | lr=0.00008791 | val_macro_f1=87.4974 | prototype_update=no
2026-06-10 13:53:00 | INFO | RUN_MODE=deterministic_smoke_test | dataset=PlantDoc | method=Swin-Tiny | stage=eval | lr=0.00005125 | val_macro_f1=86.7450 | prototype_update=no
2026-06-10 09:52:00 | INFO | RUN_MODE=deterministic_smoke_test | dataset=PlantDoc | method=ConvNeXt+ARM | stage=loader | lr=0.00007498 | val_macro_f1=84.1708 | prototype_update=no
2026-06-10 11:25:00 | INFO | RUN_MODE=deterministic_smoke_test | dataset=PlantDoc | method=ConvNeXt+ARM | stage=train | lr=0.00005862 | val_macro_f1=88.9814 | prototype_update=no
2026-06-10 13:29:00 | INFO | RUN_MODE=deterministic_smoke_test | dataset=PlantDoc | method=ConvNeXt+ARM | stage=eval | lr=0.00006048 | val_macro_f1=89.0490 | prototype_update=no
2026-06-10 09:53:00 | INFO | RUN_MODE=deterministic_smoke_test | dataset=PlantDoc | method=UAMP-Net | stage=loader | lr=0.00007384 | val_macro_f1=93.8534 | prototype_update=no
2026-06-10 11:04:00 | INFO | RUN_MODE=deterministic_smoke_test | dataset=PlantDoc | method=UAMP-Net | stage=train | lr=0.00005640 | val_macro_f1=90.8500 | prototype_update=yes
2026-06-10 13:16:00 | INFO | RUN_MODE=deterministic_smoke_test | dataset=PlantDoc | method=UAMP-Net | stage=eval | lr=0.00006326 | val_macro_f1=89.0179 | prototype_update=no
2026-06-10 08:28:00 | INFO | RUN_MODE=deterministic_smoke_test | dataset=CUB-200-2011 | method=ResNet-50 | stage=loader | lr=0.00009358 | val_macro_f1=90.7019 | prototype_update=no
2026-06-10 11:06:00 | INFO | RUN_MODE=deterministic_smoke_test | dataset=CUB-200-2011 | method=ResNet-50 | stage=train | lr=0.00006345 | val_macro_f1=91.1734 | prototype_update=no
2026-06-10 12:39:00 | INFO | RUN_MODE=deterministic_smoke_test | dataset=CUB-200-2011 | method=ResNet-50 | stage=eval | lr=0.00009679 | val_macro_f1=86.6819 | prototype_update=no
2026-06-10 08:36:00 | INFO | RUN_MODE=deterministic_smoke_test | dataset=CUB-200-2011 | method=EfficientNet-B3 | stage=loader | lr=0.00008194 | val_macro_f1=87.8186 | prototype_update=no
2026-06-10 12:01:00 | INFO | RUN_MODE=deterministic_smoke_test | dataset=CUB-200-2011 | method=EfficientNet-B3 | stage=train | lr=0.00008934 | val_macro_f1=86.8022 | prototype_update=no
2026-06-10 13:57:00 | INFO | RUN_MODE=deterministic_smoke_test | dataset=CUB-200-2011 | method=EfficientNet-B3 | stage=eval | lr=0.00006855 | val_macro_f1=85.0363 | prototype_update=no
2026-06-10 09:16:00 | INFO | RUN_MODE=deterministic_smoke_test | dataset=CUB-200-2011 | method=ConvNeXt-Tiny | stage=loader | lr=0.00008131 | val_macro_f1=91.9642 | prototype_update=no
2026-06-10 10:45:00 | INFO | RUN_MODE=deterministic_smoke_test | dataset=CUB-200-2011 | method=ConvNeXt-Tiny | stage=train | lr=0.00006842 | val_macro_f1=89.4158 | prototype_update=no
2026-06-10 12:22:00 | INFO | RUN_MODE=deterministic_smoke_test | dataset=CUB-200-2011 | method=ConvNeXt-Tiny | stage=eval | lr=0.00006892 | val_macro_f1=91.4198 | prototype_update=no
2026-06-10 09:56:00 | INFO | RUN_MODE=deterministic_smoke_test | dataset=CUB-200-2011 | method=Swin-Tiny | stage=loader | lr=0.00005758 | val_macro_f1=84.7429 | prototype_update=no
2026-06-10 10:38:00 | INFO | RUN_MODE=deterministic_smoke_test | dataset=CUB-200-2011 | method=Swin-Tiny | stage=train | lr=0.00008758 | val_macro_f1=84.3472 | prototype_update=no
2026-06-10 12:52:00 | INFO | RUN_MODE=deterministic_smoke_test | dataset=CUB-200-2011 | method=Swin-Tiny | stage=eval | lr=0.00005844 | val_macro_f1=84.0624 | prototype_update=no
2026-06-10 09:00:00 | INFO | RUN_MODE=deterministic_smoke_test | dataset=CUB-200-2011 | method=ConvNeXt+ARM | stage=loader | lr=0.00009782 | val_macro_f1=87.3953 | prototype_update=no
2026-06-10 10:58:00 | INFO | RUN_MODE=deterministic_smoke_test | dataset=CUB-200-2011 | method=ConvNeXt+ARM | stage=train | lr=0.00007257 | val_macro_f1=91.1555 | prototype_update=no
2026-06-10 12:37:00 | INFO | RUN_MODE=deterministic_smoke_test | dataset=CUB-200-2011 | method=ConvNeXt+ARM | stage=eval | lr=0.00005975 | val_macro_f1=84.4839 | prototype_update=no
2026-06-10 09:45:00 | INFO | RUN_MODE=deterministic_smoke_test | dataset=CUB-200-2011 | method=UAMP-Net | stage=loader | lr=0.00007105 | val_macro_f1=93.4835 | prototype_update=no
2026-06-10 10:59:00 | INFO | RUN_MODE=deterministic_smoke_test | dataset=CUB-200-2011 | method=UAMP-Net | stage=train | lr=0.00007309 | val_macro_f1=87.7656 | prototype_update=yes
2026-06-10 13:49:00 | INFO | RUN_MODE=deterministic_smoke_test | dataset=CUB-200-2011 | method=UAMP-Net | stage=eval | lr=0.00008827 | val_macro_f1=87.8415 | prototype_update=no
2026-06-11 09:48:00 | INFO | RUN_MODE=deterministic_smoke_test | dataset=PlantVillage | method=ResNet-50 | stage=loader | lr=0.00007597 | val_macro_f1=90.1348 | prototype_update=no
2026-06-11 10:47:00 | INFO | RUN_MODE=deterministic_smoke_test | dataset=PlantVillage | method=ResNet-50 | stage=train | lr=0.00005539 | val_macro_f1=84.4938 | prototype_update=no
2026-06-11 13:06:00 | INFO | RUN_MODE=deterministic_smoke_test | dataset=PlantVillage | method=ResNet-50 | stage=eval | lr=0.00005293 | val_macro_f1=87.1939 | prototype_update=no
2026-06-11 08:56:00 | INFO | RUN_MODE=deterministic_smoke_test | dataset=PlantVillage | method=EfficientNet-B3 | stage=loader | lr=0.00006617 | val_macro_f1=91.8227 | prototype_update=no
2026-06-11 12:02:00 | INFO | RUN_MODE=deterministic_smoke_test | dataset=PlantVillage | method=EfficientNet-B3 | stage=train | lr=0.00006337 | val_macro_f1=88.0817 | prototype_update=no
2026-06-11 13:50:00 | INFO | RUN_MODE=deterministic_smoke_test | dataset=PlantVillage | method=EfficientNet-B3 | stage=eval | lr=0.00005021 | val_macro_f1=84.1846 | prototype_update=no
2026-06-11 08:38:00 | INFO | RUN_MODE=deterministic_smoke_test | dataset=PlantVillage | method=ConvNeXt-Tiny | stage=loader | lr=0.00007787 | val_macro_f1=84.9225 | prototype_update=no
2026-06-11 12:13:00 | INFO | RUN_MODE=deterministic_smoke_test | dataset=PlantVillage | method=ConvNeXt-Tiny | stage=train | lr=0.00007832 | val_macro_f1=84.3201 | prototype_update=no
2026-06-11 13:04:00 | INFO | RUN_MODE=deterministic_smoke_test | dataset=PlantVillage | method=ConvNeXt-Tiny | stage=eval | lr=0.00007886 | val_macro_f1=88.1370 | prototype_update=no
2026-06-11 09:54:00 | INFO | RUN_MODE=deterministic_smoke_test | dataset=PlantVillage | method=Swin-Tiny | stage=loader | lr=0.00006064 | val_macro_f1=91.9706 | prototype_update=no
2026-06-11 11:53:00 | INFO | RUN_MODE=deterministic_smoke_test | dataset=PlantVillage | method=Swin-Tiny | stage=train | lr=0.00009640 | val_macro_f1=85.4998 | prototype_update=no
2026-06-11 13:52:00 | INFO | RUN_MODE=deterministic_smoke_test | dataset=PlantVillage | method=Swin-Tiny | stage=eval | lr=0.00007487 | val_macro_f1=91.2210 | prototype_update=no
2026-06-11 08:30:00 | INFO | RUN_MODE=deterministic_smoke_test | dataset=PlantVillage | method=ConvNeXt+ARM | stage=loader | lr=0.00005078 | val_macro_f1=89.8653 | prototype_update=no
2026-06-11 11:43:00 | INFO | RUN_MODE=deterministic_smoke_test | dataset=PlantVillage | method=ConvNeXt+ARM | stage=train | lr=0.00005510 | val_macro_f1=88.2218 | prototype_update=no
2026-06-11 13:24:00 | INFO | RUN_MODE=deterministic_smoke_test | dataset=PlantVillage | method=ConvNeXt+ARM | stage=eval | lr=0.00005100 | val_macro_f1=89.9183 | prototype_update=no
2026-06-11 09:11:00 | INFO | RUN_MODE=deterministic_smoke_test | dataset=PlantVillage | method=UAMP-Net | stage=loader | lr=0.00007324 | val_macro_f1=88.2129 | prototype_update=no
2026-06-11 11:26:00 | INFO | RUN_MODE=deterministic_smoke_test | dataset=PlantVillage | method=UAMP-Net | stage=train | lr=0.00009180 | val_macro_f1=87.8898 | prototype_update=yes
2026-06-11 13:53:00 | INFO | RUN_MODE=deterministic_smoke_test | dataset=PlantVillage | method=UAMP-Net | stage=eval | lr=0.00008395 | val_macro_f1=88.7193 | prototype_update=no
2026-06-11 08:25:00 | INFO | RUN_MODE=deterministic_smoke_test | dataset=PlantDoc | method=ResNet-50 | stage=loader | lr=0.00009869 | val_macro_f1=89.3798 | prototype_update=no
2026-06-11 11:07:00 | INFO | RUN_MODE=deterministic_smoke_test | dataset=PlantDoc | method=ResNet-50 | stage=train | lr=0.00007579 | val_macro_f1=89.4177 | prototype_update=no
2026-06-11 13:33:00 | INFO | RUN_MODE=deterministic_smoke_test | dataset=PlantDoc | method=ResNet-50 | stage=eval | lr=0.00008527 | val_macro_f1=90.6851 | prototype_update=no
2026-06-11 08:40:00 | INFO | RUN_MODE=deterministic_smoke_test | dataset=PlantDoc | method=EfficientNet-B3 | stage=loader | lr=0.00009945 | val_macro_f1=84.1308 | prototype_update=no
2026-06-11 10:17:00 | INFO | RUN_MODE=deterministic_smoke_test | dataset=PlantDoc | method=EfficientNet-B3 | stage=train | lr=0.00007321 | val_macro_f1=89.3114 | prototype_update=no
2026-06-11 14:08:00 | INFO | RUN_MODE=deterministic_smoke_test | dataset=PlantDoc | method=EfficientNet-B3 | stage=eval | lr=0.00008468 | val_macro_f1=86.2639 | prototype_update=no
2026-06-11 08:29:00 | INFO | RUN_MODE=deterministic_smoke_test | dataset=PlantDoc | method=ConvNeXt-Tiny | stage=loader | lr=0.00008771 | val_macro_f1=86.8406 | prototype_update=no
2026-06-11 11:56:00 | INFO | RUN_MODE=deterministic_smoke_test | dataset=PlantDoc | method=ConvNeXt-Tiny | stage=train | lr=0.00005390 | val_macro_f1=86.2892 | prototype_update=no
2026-06-11 12:44:00 | INFO | RUN_MODE=deterministic_smoke_test | dataset=PlantDoc | method=ConvNeXt-Tiny | stage=eval | lr=0.00006751 | val_macro_f1=85.9773 | prototype_update=no
2026-06-11 08:23:00 | INFO | RUN_MODE=deterministic_smoke_test | dataset=PlantDoc | method=Swin-Tiny | stage=loader | lr=0.00007977 | val_macro_f1=87.3872 | prototype_update=no
2026-06-11 11:05:00 | INFO | RUN_MODE=deterministic_smoke_test | dataset=PlantDoc | method=Swin-Tiny | stage=train | lr=0.00006660 | val_macro_f1=86.1002 | prototype_update=no
2026-06-11 12:15:00 | INFO | RUN_MODE=deterministic_smoke_test | dataset=PlantDoc | method=Swin-Tiny | stage=eval | lr=0.00009788 | val_macro_f1=88.5989 | prototype_update=no
2026-06-11 09:23:00 | INFO | RUN_MODE=deterministic_smoke_test | dataset=PlantDoc | method=ConvNeXt+ARM | stage=loader | lr=0.00007650 | val_macro_f1=89.7027 | prototype_update=no
2026-06-11 10:33:00 | INFO | RUN_MODE=deterministic_smoke_test | dataset=PlantDoc | method=ConvNeXt+ARM | stage=train | lr=0.00005500 | val_macro_f1=90.7824 | prototype_update=no
2026-06-11 13:54:00 | INFO | RUN_MODE=deterministic_smoke_test | dataset=PlantDoc | method=ConvNeXt+ARM | stage=eval | lr=0.00009500 | val_macro_f1=90.0664 | prototype_update=no
2026-06-11 09:13:00 | INFO | RUN_MODE=deterministic_smoke_test | dataset=PlantDoc | method=UAMP-Net | stage=loader | lr=0.00006937 | val_macro_f1=87.4030 | prototype_update=no
2026-06-11 11:40:00 | INFO | RUN_MODE=deterministic_smoke_test | dataset=PlantDoc | method=UAMP-Net | stage=train | lr=0.00007808 | val_macro_f1=86.7667 | prototype_update=yes
2026-06-11 13:54:00 | INFO | RUN_MODE=deterministic_smoke_test | dataset=PlantDoc | method=UAMP-Net | stage=eval | lr=0.00008361 | val_macro_f1=87.4553 | prototype_update=no
2026-06-11 09:54:00 | INFO | RUN_MODE=deterministic_smoke_test | dataset=CUB-200-2011 | method=ResNet-50 | stage=loader | lr=0.00005376 | val_macro_f1=85.2066 | prototype_update=no
2026-06-11 11:26:00 | INFO | RUN_MODE=deterministic_smoke_test | dataset=CUB-200-2011 | method=ResNet-50 | stage=train | lr=0.00006029 | val_macro_f1=86.4831 | prototype_update=no
2026-06-11 13:44:00 | INFO | RUN_MODE=deterministic_smoke_test | dataset=CUB-200-2011 | method=ResNet-50 | stage=eval | lr=0.00005026 | val_macro_f1=85.8862 | prototype_update=no
2026-06-11 10:10:00 | INFO | RUN_MODE=deterministic_smoke_test | dataset=CUB-200-2011 | method=EfficientNet-B3 | stage=loader | lr=0.00005971 | val_macro_f1=87.4201 | prototype_update=no
2026-06-11 10:41:00 | INFO | RUN_MODE=deterministic_smoke_test | dataset=CUB-200-2011 | method=EfficientNet-B3 | stage=train | lr=0.00007966 | val_macro_f1=85.4762 | prototype_update=no
2026-06-11 12:21:00 | INFO | RUN_MODE=deterministic_smoke_test | dataset=CUB-200-2011 | method=EfficientNet-B3 | stage=eval | lr=0.00008951 | val_macro_f1=87.9738 | prototype_update=no
2026-06-11 09:07:00 | INFO | RUN_MODE=deterministic_smoke_test | dataset=CUB-200-2011 | method=ConvNeXt-Tiny | stage=loader | lr=0.00009466 | val_macro_f1=85.5149 | prototype_update=no
2026-06-11 10:56:00 | INFO | RUN_MODE=deterministic_smoke_test | dataset=CUB-200-2011 | method=ConvNeXt-Tiny | stage=train | lr=0.00007720 | val_macro_f1=87.0632 | prototype_update=no
2026-06-11 14:02:00 | INFO | RUN_MODE=deterministic_smoke_test | dataset=CUB-200-2011 | method=ConvNeXt-Tiny | stage=eval | lr=0.00006895 | val_macro_f1=90.5977 | prototype_update=no
2026-06-11 09:08:00 | INFO | RUN_MODE=deterministic_smoke_test | dataset=CUB-200-2011 | method=Swin-Tiny | stage=loader | lr=0.00007837 | val_macro_f1=88.5366 | prototype_update=no
2026-06-11 12:01:00 | INFO | RUN_MODE=deterministic_smoke_test | dataset=CUB-200-2011 | method=Swin-Tiny | stage=train | lr=0.00005572 | val_macro_f1=87.1943 | prototype_update=no
2026-06-11 12:40:00 | INFO | RUN_MODE=deterministic_smoke_test | dataset=CUB-200-2011 | method=Swin-Tiny | stage=eval | lr=0.00009906 | val_macro_f1=86.5806 | prototype_update=no
2026-06-11 10:07:00 | INFO | RUN_MODE=deterministic_smoke_test | dataset=CUB-200-2011 | method=ConvNeXt+ARM | stage=loader | lr=0.00009485 | val_macro_f1=88.2875 | prototype_update=no
2026-06-11 10:34:00 | INFO | RUN_MODE=deterministic_smoke_test | dataset=CUB-200-2011 | method=ConvNeXt+ARM | stage=train | lr=0.00006307 | val_macro_f1=91.7233 | prototype_update=no
2026-06-11 12:49:00 | INFO | RUN_MODE=deterministic_smoke_test | dataset=CUB-200-2011 | method=ConvNeXt+ARM | stage=eval | lr=0.00007878 | val_macro_f1=87.6895 | prototype_update=no
2026-06-11 09:08:00 | INFO | RUN_MODE=deterministic_smoke_test | dataset=CUB-200-2011 | method=UAMP-Net | stage=loader | lr=0.00007681 | val_macro_f1=88.9017 | prototype_update=no
2026-06-11 11:35:00 | INFO | RUN_MODE=deterministic_smoke_test | dataset=CUB-200-2011 | method=UAMP-Net | stage=train | lr=0.00007657 | val_macro_f1=92.8097 | prototype_update=yes
2026-06-11 13:32:00 | INFO | RUN_MODE=deterministic_smoke_test | dataset=CUB-200-2011 | method=UAMP-Net | stage=eval | lr=0.00007897 | val_macro_f1=87.4626 | prototype_update=no
2026-06-12 08:59:00 | INFO | RUN_MODE=deterministic_smoke_test | dataset=PlantVillage | method=ResNet-50 | stage=loader | lr=0.00009879 | val_macro_f1=84.3240 | prototype_update=no
2026-06-12 12:13:00 | INFO | RUN_MODE=deterministic_smoke_test | dataset=PlantVillage | method=ResNet-50 | stage=train | lr=0.00009577 | val_macro_f1=87.5631 | prototype_update=no
2026-06-12 13:50:00 | INFO | RUN_MODE=deterministic_smoke_test | dataset=PlantVillage | method=ResNet-50 | stage=eval | lr=0.00008371 | val_macro_f1=87.3761 | prototype_update=no
2026-06-12 09:46:00 | INFO | RUN_MODE=deterministic_smoke_test | dataset=PlantVillage | method=EfficientNet-B3 | stage=loader | lr=0.00005746 | val_macro_f1=91.6251 | prototype_update=no
2026-06-12 12:08:00 | INFO | RUN_MODE=deterministic_smoke_test | dataset=PlantVillage | method=EfficientNet-B3 | stage=train | lr=0.00005587 | val_macro_f1=87.0852 | prototype_update=no
2026-06-12 13:44:00 | INFO | RUN_MODE=deterministic_smoke_test | dataset=PlantVillage | method=EfficientNet-B3 | stage=eval | lr=0.00008043 | val_macro_f1=86.4092 | prototype_update=no
2026-06-12 09:35:00 | INFO | RUN_MODE=deterministic_smoke_test | dataset=PlantVillage | method=ConvNeXt-Tiny | stage=loader | lr=0.00007701 | val_macro_f1=87.4577 | prototype_update=no
2026-06-12 10:49:00 | INFO | RUN_MODE=deterministic_smoke_test | dataset=PlantVillage | method=ConvNeXt-Tiny | stage=train | lr=0.00006866 | val_macro_f1=86.8409 | prototype_update=no
2026-06-12 14:01:00 | INFO | RUN_MODE=deterministic_smoke_test | dataset=PlantVillage | method=ConvNeXt-Tiny | stage=eval | lr=0.00008708 | val_macro_f1=90.2468 | prototype_update=no
2026-06-12 10:11:00 | INFO | RUN_MODE=deterministic_smoke_test | dataset=PlantVillage | method=Swin-Tiny | stage=loader | lr=0.00008195 | val_macro_f1=87.6960 | prototype_update=no
2026-06-12 10:45:00 | INFO | RUN_MODE=deterministic_smoke_test | dataset=PlantVillage | method=Swin-Tiny | stage=train | lr=0.00005607 | val_macro_f1=87.5871 | prototype_update=no
2026-06-12 13:33:00 | INFO | RUN_MODE=deterministic_smoke_test | dataset=PlantVillage | method=Swin-Tiny | stage=eval | lr=0.00008610 | val_macro_f1=90.0846 | prototype_update=no
2026-06-12 09:02:00 | INFO | RUN_MODE=deterministic_smoke_test | dataset=PlantVillage | method=ConvNeXt+ARM | stage=loader | lr=0.00005729 | val_macro_f1=84.2350 | prototype_update=no
2026-06-12 11:13:00 | INFO | RUN_MODE=deterministic_smoke_test | dataset=PlantVillage | method=ConvNeXt+ARM | stage=train | lr=0.00005178 | val_macro_f1=87.8866 | prototype_update=no
2026-06-12 12:50:00 | INFO | RUN_MODE=deterministic_smoke_test | dataset=PlantVillage | method=ConvNeXt+ARM | stage=eval | lr=0.00007252 | val_macro_f1=88.3524 | prototype_update=no
2026-06-12 09:28:00 | INFO | RUN_MODE=deterministic_smoke_test | dataset=PlantVillage | method=UAMP-Net | stage=loader | lr=0.00005850 | val_macro_f1=91.9534 | prototype_update=no
2026-06-12 10:17:00 | INFO | RUN_MODE=deterministic_smoke_test | dataset=PlantVillage | method=UAMP-Net | stage=train | lr=0.00005445 | val_macro_f1=90.1312 | prototype_update=yes
2026-06-12 13:09:00 | INFO | RUN_MODE=deterministic_smoke_test | dataset=PlantVillage | method=UAMP-Net | stage=eval | lr=0.00009493 | val_macro_f1=93.4129 | prototype_update=no
2026-06-12 08:29:00 | INFO | RUN_MODE=deterministic_smoke_test | dataset=PlantDoc | method=ResNet-50 | stage=loader | lr=0.00008740 | val_macro_f1=85.0499 | prototype_update=no
2026-06-12 10:55:00 | INFO | RUN_MODE=deterministic_smoke_test | dataset=PlantDoc | method=ResNet-50 | stage=train | lr=0.00008073 | val_macro_f1=87.4355 | prototype_update=no
2026-06-12 13:17:00 | INFO | RUN_MODE=deterministic_smoke_test | dataset=PlantDoc | method=ResNet-50 | stage=eval | lr=0.00008001 | val_macro_f1=90.4501 | prototype_update=no
2026-06-12 09:10:00 | INFO | RUN_MODE=deterministic_smoke_test | dataset=PlantDoc | method=EfficientNet-B3 | stage=loader | lr=0.00008177 | val_macro_f1=84.1891 | prototype_update=no
2026-06-12 11:19:00 | INFO | RUN_MODE=deterministic_smoke_test | dataset=PlantDoc | method=EfficientNet-B3 | stage=train | lr=0.00007047 | val_macro_f1=88.7556 | prototype_update=no
2026-06-12 12:18:00 | INFO | RUN_MODE=deterministic_smoke_test | dataset=PlantDoc | method=EfficientNet-B3 | stage=eval | lr=0.00005591 | val_macro_f1=87.3856 | prototype_update=no
2026-06-12 08:24:00 | INFO | RUN_MODE=deterministic_smoke_test | dataset=PlantDoc | method=ConvNeXt-Tiny | stage=loader | lr=0.00005094 | val_macro_f1=86.8391 | prototype_update=no
2026-06-12 11:58:00 | INFO | RUN_MODE=deterministic_smoke_test | dataset=PlantDoc | method=ConvNeXt-Tiny | stage=train | lr=0.00006770 | val_macro_f1=89.9583 | prototype_update=no
2026-06-12 12:46:00 | INFO | RUN_MODE=deterministic_smoke_test | dataset=PlantDoc | method=ConvNeXt-Tiny | stage=eval | lr=0.00007386 | val_macro_f1=91.9670 | prototype_update=no
2026-06-12 09:13:00 | INFO | RUN_MODE=deterministic_smoke_test | dataset=PlantDoc | method=Swin-Tiny | stage=loader | lr=0.00009453 | val_macro_f1=86.5038 | prototype_update=no
2026-06-12 11:26:00 | INFO | RUN_MODE=deterministic_smoke_test | dataset=PlantDoc | method=Swin-Tiny | stage=train | lr=0.00005420 | val_macro_f1=87.8790 | prototype_update=no
2026-06-12 13:52:00 | INFO | RUN_MODE=deterministic_smoke_test | dataset=PlantDoc | method=Swin-Tiny | stage=eval | lr=0.00008789 | val_macro_f1=91.7309 | prototype_update=no
2026-06-12 09:50:00 | INFO | RUN_MODE=deterministic_smoke_test | dataset=PlantDoc | method=ConvNeXt+ARM | stage=loader | lr=0.00005029 | val_macro_f1=86.7167 | prototype_update=no
2026-06-12 11:01:00 | INFO | RUN_MODE=deterministic_smoke_test | dataset=PlantDoc | method=ConvNeXt+ARM | stage=train | lr=0.00009129 | val_macro_f1=88.5160 | prototype_update=no
2026-06-12 12:17:00 | INFO | RUN_MODE=deterministic_smoke_test | dataset=PlantDoc | method=ConvNeXt+ARM | stage=eval | lr=0.00009185 | val_macro_f1=88.1925 | prototype_update=no
2026-06-12 09:27:00 | INFO | RUN_MODE=deterministic_smoke_test | dataset=PlantDoc | method=UAMP-Net | stage=loader | lr=0.00009868 | val_macro_f1=92.7205 | prototype_update=no
2026-06-12 11:25:00 | INFO | RUN_MODE=deterministic_smoke_test | dataset=PlantDoc | method=UAMP-Net | stage=train | lr=0.00009183 | val_macro_f1=91.9104 | prototype_update=yes
2026-06-12 12:37:00 | INFO | RUN_MODE=deterministic_smoke_test | dataset=PlantDoc | method=UAMP-Net | stage=eval | lr=0.00007295 | val_macro_f1=90.2599 | prototype_update=no
2026-06-12 09:53:00 | INFO | RUN_MODE=deterministic_smoke_test | dataset=CUB-200-2011 | method=ResNet-50 | stage=loader | lr=0.00005166 | val_macro_f1=89.4126 | prototype_update=no
2026-06-12 11:56:00 | INFO | RUN_MODE=deterministic_smoke_test | dataset=CUB-200-2011 | method=ResNet-50 | stage=train | lr=0.00006263 | val_macro_f1=86.5024 | prototype_update=no
2026-06-12 13:08:00 | INFO | RUN_MODE=deterministic_smoke_test | dataset=CUB-200-2011 | method=ResNet-50 | stage=eval | lr=0.00009594 | val_macro_f1=86.3195 | prototype_update=no
2026-06-12 09:42:00 | INFO | RUN_MODE=deterministic_smoke_test | dataset=CUB-200-2011 | method=EfficientNet-B3 | stage=loader | lr=0.00006916 | val_macro_f1=86.3130 | prototype_update=no
2026-06-12 10:17:00 | INFO | RUN_MODE=deterministic_smoke_test | dataset=CUB-200-2011 | method=EfficientNet-B3 | stage=train | lr=0.00005665 | val_macro_f1=89.1725 | prototype_update=no
2026-06-12 13:50:00 | INFO | RUN_MODE=deterministic_smoke_test | dataset=CUB-200-2011 | method=EfficientNet-B3 | stage=eval | lr=0.00007528 | val_macro_f1=86.2416 | prototype_update=no
2026-06-12 08:26:00 | INFO | RUN_MODE=deterministic_smoke_test | dataset=CUB-200-2011 | method=ConvNeXt-Tiny | stage=loader | lr=0.00007069 | val_macro_f1=91.1490 | prototype_update=no
2026-06-12 11:52:00 | INFO | RUN_MODE=deterministic_smoke_test | dataset=CUB-200-2011 | method=ConvNeXt-Tiny | stage=train | lr=0.00006879 | val_macro_f1=86.0594 | prototype_update=no
2026-06-12 13:32:00 | INFO | RUN_MODE=deterministic_smoke_test | dataset=CUB-200-2011 | method=ConvNeXt-Tiny | stage=eval | lr=0.00008928 | val_macro_f1=87.1137 | prototype_update=no
2026-06-12 08:24:00 | INFO | RUN_MODE=deterministic_smoke_test | dataset=CUB-200-2011 | method=Swin-Tiny | stage=loader | lr=0.00005224 | val_macro_f1=89.7305 | prototype_update=no
2026-06-12 12:13:00 | INFO | RUN_MODE=deterministic_smoke_test | dataset=CUB-200-2011 | method=Swin-Tiny | stage=train | lr=0.00007374 | val_macro_f1=88.7529 | prototype_update=no
2026-06-12 12:38:00 | INFO | RUN_MODE=deterministic_smoke_test | dataset=CUB-200-2011 | method=Swin-Tiny | stage=eval | lr=0.00008100 | val_macro_f1=84.1872 | prototype_update=no
2026-06-12 08:27:00 | INFO | RUN_MODE=deterministic_smoke_test | dataset=CUB-200-2011 | method=ConvNeXt+ARM | stage=loader | lr=0.00008765 | val_macro_f1=90.9148 | prototype_update=no
2026-06-12 11:20:00 | INFO | RUN_MODE=deterministic_smoke_test | dataset=CUB-200-2011 | method=ConvNeXt+ARM | stage=train | lr=0.00006999 | val_macro_f1=89.0116 | prototype_update=no
2026-06-12 12:43:00 | INFO | RUN_MODE=deterministic_smoke_test | dataset=CUB-200-2011 | method=ConvNeXt+ARM | stage=eval | lr=0.00006191 | val_macro_f1=86.2196 | prototype_update=no
2026-06-12 08:58:00 | INFO | RUN_MODE=deterministic_smoke_test | dataset=CUB-200-2011 | method=UAMP-Net | stage=loader | lr=0.00007127 | val_macro_f1=87.6229 | prototype_update=no
2026-06-12 10:32:00 | INFO | RUN_MODE=deterministic_smoke_test | dataset=CUB-200-2011 | method=UAMP-Net | stage=train | lr=0.00006428 | val_macro_f1=91.3958 | prototype_update=yes
2026-06-12 12:16:00 | INFO | RUN_MODE=deterministic_smoke_test | dataset=CUB-200-2011 | method=UAMP-Net | stage=eval | lr=0.00009951 | val_macro_f1=86.7010 | prototype_update=no
2026-06-13 09:49:00 | INFO | RUN_MODE=deterministic_smoke_test | dataset=PlantVillage | method=ResNet-50 | stage=loader | lr=0.00005302 | val_macro_f1=86.3689 | prototype_update=no
2026-06-13 10:44:00 | INFO | RUN_MODE=deterministic_smoke_test | dataset=PlantVillage | method=ResNet-50 | stage=train | lr=0.00006321 | val_macro_f1=91.6743 | prototype_update=no
2026-06-13 13:05:00 | INFO | RUN_MODE=deterministic_smoke_test | dataset=PlantVillage | method=ResNet-50 | stage=eval | lr=0.00009428 | val_macro_f1=87.4988 | prototype_update=no
2026-06-13 08:31:00 | INFO | RUN_MODE=deterministic_smoke_test | dataset=PlantVillage | method=EfficientNet-B3 | stage=loader | lr=0.00006907 | val_macro_f1=86.8092 | prototype_update=no
2026-06-13 12:07:00 | INFO | RUN_MODE=deterministic_smoke_test | dataset=PlantVillage | method=EfficientNet-B3 | stage=train | lr=0.00007371 | val_macro_f1=91.1166 | prototype_update=no
2026-06-13 12:34:00 | INFO | RUN_MODE=deterministic_smoke_test | dataset=PlantVillage | method=EfficientNet-B3 | stage=eval | lr=0.00007032 | val_macro_f1=85.4812 | prototype_update=no
2026-06-13 09:42:00 | INFO | RUN_MODE=deterministic_smoke_test | dataset=PlantVillage | method=ConvNeXt-Tiny | stage=loader | lr=0.00006027 | val_macro_f1=91.9921 | prototype_update=no
2026-06-13 11:22:00 | INFO | RUN_MODE=deterministic_smoke_test | dataset=PlantVillage | method=ConvNeXt-Tiny | stage=train | lr=0.00007618 | val_macro_f1=86.5553 | prototype_update=no
2026-06-13 13:35:00 | INFO | RUN_MODE=deterministic_smoke_test | dataset=PlantVillage | method=ConvNeXt-Tiny | stage=eval | lr=0.00008685 | val_macro_f1=84.9183 | prototype_update=no
2026-06-13 09:34:00 | INFO | RUN_MODE=deterministic_smoke_test | dataset=PlantVillage | method=Swin-Tiny | stage=loader | lr=0.00006450 | val_macro_f1=85.1390 | prototype_update=no
2026-06-13 11:07:00 | INFO | RUN_MODE=deterministic_smoke_test | dataset=PlantVillage | method=Swin-Tiny | stage=train | lr=0.00005222 | val_macro_f1=89.6478 | prototype_update=no
2026-06-13 13:12:00 | INFO | RUN_MODE=deterministic_smoke_test | dataset=PlantVillage | method=Swin-Tiny | stage=eval | lr=0.00006213 | val_macro_f1=84.1999 | prototype_update=no
2026-06-13 09:29:00 | INFO | RUN_MODE=deterministic_smoke_test | dataset=PlantVillage | method=ConvNeXt+ARM | stage=loader | lr=0.00007857 | val_macro_f1=84.9360 | prototype_update=no
2026-06-13 10:21:00 | INFO | RUN_MODE=deterministic_smoke_test | dataset=PlantVillage | method=ConvNeXt+ARM | stage=train | lr=0.00006820 | val_macro_f1=90.9347 | prototype_update=no
2026-06-13 12:21:00 | INFO | RUN_MODE=deterministic_smoke_test | dataset=PlantVillage | method=ConvNeXt+ARM | stage=eval | lr=0.00007935 | val_macro_f1=85.0645 | prototype_update=no
2026-06-13 08:48:00 | INFO | RUN_MODE=deterministic_smoke_test | dataset=PlantVillage | method=UAMP-Net | stage=loader | lr=0.00005588 | val_macro_f1=92.4187 | prototype_update=no
2026-06-13 11:44:00 | INFO | RUN_MODE=deterministic_smoke_test | dataset=PlantVillage | method=UAMP-Net | stage=train | lr=0.00006558 | val_macro_f1=93.5889 | prototype_update=yes
2026-06-13 12:27:00 | INFO | RUN_MODE=deterministic_smoke_test | dataset=PlantVillage | method=UAMP-Net | stage=eval | lr=0.00009957 | val_macro_f1=90.0946 | prototype_update=no
2026-06-13 08:40:00 | INFO | RUN_MODE=deterministic_smoke_test | dataset=PlantDoc | method=ResNet-50 | stage=loader | lr=0.00006672 | val_macro_f1=87.0626 | prototype_update=no
2026-06-13 10:30:00 | INFO | RUN_MODE=deterministic_smoke_test | dataset=PlantDoc | method=ResNet-50 | stage=train | lr=0.00005509 | val_macro_f1=91.6654 | prototype_update=no
2026-06-13 12:23:00 | INFO | RUN_MODE=deterministic_smoke_test | dataset=PlantDoc | method=ResNet-50 | stage=eval | lr=0.00009577 | val_macro_f1=90.0693 | prototype_update=no
2026-06-13 09:54:00 | INFO | RUN_MODE=deterministic_smoke_test | dataset=PlantDoc | method=EfficientNet-B3 | stage=loader | lr=0.00007811 | val_macro_f1=86.4733 | prototype_update=no
2026-06-13 11:05:00 | INFO | RUN_MODE=deterministic_smoke_test | dataset=PlantDoc | method=EfficientNet-B3 | stage=train | lr=0.00005384 | val_macro_f1=88.6028 | prototype_update=no
2026-06-13 12:59:00 | INFO | RUN_MODE=deterministic_smoke_test | dataset=PlantDoc | method=EfficientNet-B3 | stage=eval | lr=0.00007168 | val_macro_f1=86.0970 | prototype_update=no
2026-06-13 08:40:00 | INFO | RUN_MODE=deterministic_smoke_test | dataset=PlantDoc | method=ConvNeXt-Tiny | stage=loader | lr=0.00005210 | val_macro_f1=85.4451 | prototype_update=no
2026-06-13 10:42:00 | INFO | RUN_MODE=deterministic_smoke_test | dataset=PlantDoc | method=ConvNeXt-Tiny | stage=train | lr=0.00007312 | val_macro_f1=89.5476 | prototype_update=no
2026-06-13 12:41:00 | INFO | RUN_MODE=deterministic_smoke_test | dataset=PlantDoc | method=ConvNeXt-Tiny | stage=eval | lr=0.00005422 | val_macro_f1=86.1293 | prototype_update=no
2026-06-13 09:01:00 | INFO | RUN_MODE=deterministic_smoke_test | dataset=PlantDoc | method=Swin-Tiny | stage=loader | lr=0.00009074 | val_macro_f1=91.7996 | prototype_update=no
2026-06-13 11:07:00 | INFO | RUN_MODE=deterministic_smoke_test | dataset=PlantDoc | method=Swin-Tiny | stage=train | lr=0.00009629 | val_macro_f1=85.8415 | prototype_update=no
2026-06-13 12:43:00 | INFO | RUN_MODE=deterministic_smoke_test | dataset=PlantDoc | method=Swin-Tiny | stage=eval | lr=0.00007504 | val_macro_f1=87.0830 | prototype_update=no
2026-06-13 09:36:00 | INFO | RUN_MODE=deterministic_smoke_test | dataset=PlantDoc | method=ConvNeXt+ARM | stage=loader | lr=0.00009931 | val_macro_f1=91.9394 | prototype_update=no
2026-06-13 10:58:00 | INFO | RUN_MODE=deterministic_smoke_test | dataset=PlantDoc | method=ConvNeXt+ARM | stage=train | lr=0.00007146 | val_macro_f1=86.4099 | prototype_update=no
2026-06-13 13:07:00 | INFO | RUN_MODE=deterministic_smoke_test | dataset=PlantDoc | method=ConvNeXt+ARM | stage=eval | lr=0.00009300 | val_macro_f1=84.7180 | prototype_update=no
2026-06-13 09:42:00 | INFO | RUN_MODE=deterministic_smoke_test | dataset=PlantDoc | method=UAMP-Net | stage=loader | lr=0.00009368 | val_macro_f1=91.5720 | prototype_update=no
2026-06-13 11:03:00 | INFO | RUN_MODE=deterministic_smoke_test | dataset=PlantDoc | method=UAMP-Net | stage=train | lr=0.00008035 | val_macro_f1=87.6906 | prototype_update=yes
2026-06-13 12:30:00 | INFO | RUN_MODE=deterministic_smoke_test | dataset=PlantDoc | method=UAMP-Net | stage=eval | lr=0.00006072 | val_macro_f1=89.7894 | prototype_update=no
2026-06-13 09:56:00 | INFO | RUN_MODE=deterministic_smoke_test | dataset=CUB-200-2011 | method=ResNet-50 | stage=loader | lr=0.00007189 | val_macro_f1=90.5829 | prototype_update=no
2026-06-13 10:33:00 | INFO | RUN_MODE=deterministic_smoke_test | dataset=CUB-200-2011 | method=ResNet-50 | stage=train | lr=0.00008757 | val_macro_f1=86.9739 | prototype_update=no
2026-06-13 12:38:00 | INFO | RUN_MODE=deterministic_smoke_test | dataset=CUB-200-2011 | method=ResNet-50 | stage=eval | lr=0.00005099 | val_macro_f1=85.3397 | prototype_update=no
2026-06-13 09:28:00 | INFO | RUN_MODE=deterministic_smoke_test | dataset=CUB-200-2011 | method=EfficientNet-B3 | stage=loader | lr=0.00007018 | val_macro_f1=87.4098 | prototype_update=no
2026-06-13 12:11:00 | INFO | RUN_MODE=deterministic_smoke_test | dataset=CUB-200-2011 | method=EfficientNet-B3 | stage=train | lr=0.00009926 | val_macro_f1=86.8140 | prototype_update=no
2026-06-13 12:18:00 | INFO | RUN_MODE=deterministic_smoke_test | dataset=CUB-200-2011 | method=EfficientNet-B3 | stage=eval | lr=0.00007457 | val_macro_f1=89.1202 | prototype_update=no
2026-06-13 09:42:00 | INFO | RUN_MODE=deterministic_smoke_test | dataset=CUB-200-2011 | method=ConvNeXt-Tiny | stage=loader | lr=0.00009169 | val_macro_f1=84.6065 | prototype_update=no
2026-06-13 11:27:00 | INFO | RUN_MODE=deterministic_smoke_test | dataset=CUB-200-2011 | method=ConvNeXt-Tiny | stage=train | lr=0.00009309 | val_macro_f1=87.9541 | prototype_update=no
2026-06-13 12:53:00 | INFO | RUN_MODE=deterministic_smoke_test | dataset=CUB-200-2011 | method=ConvNeXt-Tiny | stage=eval | lr=0.00009095 | val_macro_f1=86.9157 | prototype_update=no
2026-06-13 10:08:00 | INFO | RUN_MODE=deterministic_smoke_test | dataset=CUB-200-2011 | method=Swin-Tiny | stage=loader | lr=0.00007329 | val_macro_f1=87.4709 | prototype_update=no
2026-06-13 11:59:00 | INFO | RUN_MODE=deterministic_smoke_test | dataset=CUB-200-2011 | method=Swin-Tiny | stage=train | lr=0.00009529 | val_macro_f1=90.5266 | prototype_update=no
2026-06-13 13:30:00 | INFO | RUN_MODE=deterministic_smoke_test | dataset=CUB-200-2011 | method=Swin-Tiny | stage=eval | lr=0.00009716 | val_macro_f1=84.3188 | prototype_update=no
2026-06-13 09:36:00 | INFO | RUN_MODE=deterministic_smoke_test | dataset=CUB-200-2011 | method=ConvNeXt+ARM | stage=loader | lr=0.00007826 | val_macro_f1=88.6601 | prototype_update=no
2026-06-13 11:22:00 | INFO | RUN_MODE=deterministic_smoke_test | dataset=CUB-200-2011 | method=ConvNeXt+ARM | stage=train | lr=0.00009683 | val_macro_f1=90.9363 | prototype_update=no
2026-06-13 12:42:00 | INFO | RUN_MODE=deterministic_smoke_test | dataset=CUB-200-2011 | method=ConvNeXt+ARM | stage=eval | lr=0.00007861 | val_macro_f1=91.3662 | prototype_update=no
2026-06-13 10:02:00 | INFO | RUN_MODE=deterministic_smoke_test | dataset=CUB-200-2011 | method=UAMP-Net | stage=loader | lr=0.00009420 | val_macro_f1=90.1716 | prototype_update=no
2026-06-13 10:45:00 | INFO | RUN_MODE=deterministic_smoke_test | dataset=CUB-200-2011 | method=UAMP-Net | stage=train | lr=0.00009140 | val_macro_f1=91.2805 | prototype_update=yes
2026-06-13 13:23:00 | INFO | RUN_MODE=deterministic_smoke_test | dataset=CUB-200-2011 | method=UAMP-Net | stage=eval | lr=0.00007744 | val_macro_f1=86.5594 | prototype_update=no
2026-06-14 09:26:00 | INFO | RUN_MODE=deterministic_smoke_test | dataset=PlantVillage | method=ResNet-50 | stage=loader | lr=0.00005367 | val_macro_f1=85.4345 | prototype_update=no
2026-06-14 11:33:00 | INFO | RUN_MODE=deterministic_smoke_test | dataset=PlantVillage | method=ResNet-50 | stage=train | lr=0.00008388 | val_macro_f1=86.6282 | prototype_update=no
2026-06-14 14:05:00 | INFO | RUN_MODE=deterministic_smoke_test | dataset=PlantVillage | method=ResNet-50 | stage=eval | lr=0.00007946 | val_macro_f1=87.7651 | prototype_update=no
2026-06-14 09:25:00 | INFO | RUN_MODE=deterministic_smoke_test | dataset=PlantVillage | method=EfficientNet-B3 | stage=loader | lr=0.00008737 | val_macro_f1=88.1057 | prototype_update=no
2026-06-14 11:01:00 | INFO | RUN_MODE=deterministic_smoke_test | dataset=PlantVillage | method=EfficientNet-B3 | stage=train | lr=0.00009089 | val_macro_f1=87.8373 | prototype_update=no
2026-06-14 12:26:00 | INFO | RUN_MODE=deterministic_smoke_test | dataset=PlantVillage | method=EfficientNet-B3 | stage=eval | lr=0.00007379 | val_macro_f1=86.3680 | prototype_update=no
2026-06-14 09:42:00 | INFO | RUN_MODE=deterministic_smoke_test | dataset=PlantVillage | method=ConvNeXt-Tiny | stage=loader | lr=0.00007136 | val_macro_f1=87.2185 | prototype_update=no
2026-06-14 10:37:00 | INFO | RUN_MODE=deterministic_smoke_test | dataset=PlantVillage | method=ConvNeXt-Tiny | stage=train | lr=0.00005024 | val_macro_f1=90.5942 | prototype_update=no
2026-06-14 12:44:00 | INFO | RUN_MODE=deterministic_smoke_test | dataset=PlantVillage | method=ConvNeXt-Tiny | stage=eval | lr=0.00007770 | val_macro_f1=87.0139 | prototype_update=no
2026-06-14 09:52:00 | INFO | RUN_MODE=deterministic_smoke_test | dataset=PlantVillage | method=Swin-Tiny | stage=loader | lr=0.00006397 | val_macro_f1=85.5561 | prototype_update=no
2026-06-14 10:58:00 | INFO | RUN_MODE=deterministic_smoke_test | dataset=PlantVillage | method=Swin-Tiny | stage=train | lr=0.00008889 | val_macro_f1=86.5673 | prototype_update=no
2026-06-14 13:30:00 | INFO | RUN_MODE=deterministic_smoke_test | dataset=PlantVillage | method=Swin-Tiny | stage=eval | lr=0.00009909 | val_macro_f1=85.9662 | prototype_update=no
2026-06-14 10:07:00 | INFO | RUN_MODE=deterministic_smoke_test | dataset=PlantVillage | method=ConvNeXt+ARM | stage=loader | lr=0.00006477 | val_macro_f1=86.7607 | prototype_update=no
2026-06-14 11:46:00 | INFO | RUN_MODE=deterministic_smoke_test | dataset=PlantVillage | method=ConvNeXt+ARM | stage=train | lr=0.00006875 | val_macro_f1=91.8457 | prototype_update=no
2026-06-14 12:33:00 | INFO | RUN_MODE=deterministic_smoke_test | dataset=PlantVillage | method=ConvNeXt+ARM | stage=eval | lr=0.00009251 | val_macro_f1=86.5938 | prototype_update=no
2026-06-14 10:02:00 | INFO | RUN_MODE=deterministic_smoke_test | dataset=PlantVillage | method=UAMP-Net | stage=loader | lr=0.00006374 | val_macro_f1=93.8266 | prototype_update=no
2026-06-14 10:23:00 | INFO | RUN_MODE=deterministic_smoke_test | dataset=PlantVillage | method=UAMP-Net | stage=train | lr=0.00009035 | val_macro_f1=91.9373 | prototype_update=yes
2026-06-14 14:04:00 | INFO | RUN_MODE=deterministic_smoke_test | dataset=PlantVillage | method=UAMP-Net | stage=eval | lr=0.00009700 | val_macro_f1=91.7469 | prototype_update=no
2026-06-14 08:18:00 | INFO | RUN_MODE=deterministic_smoke_test | dataset=PlantDoc | method=ResNet-50 | stage=loader | lr=0.00006351 | val_macro_f1=84.6685 | prototype_update=no
2026-06-14 10:31:00 | INFO | RUN_MODE=deterministic_smoke_test | dataset=PlantDoc | method=ResNet-50 | stage=train | lr=0.00006111 | val_macro_f1=85.4555 | prototype_update=no
2026-06-14 13:43:00 | INFO | RUN_MODE=deterministic_smoke_test | dataset=PlantDoc | method=ResNet-50 | stage=eval | lr=0.00005933 | val_macro_f1=85.0680 | prototype_update=no
2026-06-14 10:12:00 | INFO | RUN_MODE=deterministic_smoke_test | dataset=PlantDoc | method=EfficientNet-B3 | stage=loader | lr=0.00007107 | val_macro_f1=91.7865 | prototype_update=no
2026-06-14 10:45:00 | INFO | RUN_MODE=deterministic_smoke_test | dataset=PlantDoc | method=EfficientNet-B3 | stage=train | lr=0.00006620 | val_macro_f1=89.1377 | prototype_update=no
2026-06-14 13:52:00 | INFO | RUN_MODE=deterministic_smoke_test | dataset=PlantDoc | method=EfficientNet-B3 | stage=eval | lr=0.00009874 | val_macro_f1=90.9023 | prototype_update=no
2026-06-14 08:43:00 | INFO | RUN_MODE=deterministic_smoke_test | dataset=PlantDoc | method=ConvNeXt-Tiny | stage=loader | lr=0.00007460 | val_macro_f1=89.4781 | prototype_update=no
2026-06-14 10:38:00 | INFO | RUN_MODE=deterministic_smoke_test | dataset=PlantDoc | method=ConvNeXt-Tiny | stage=train | lr=0.00009414 | val_macro_f1=86.3214 | prototype_update=no
2026-06-14 13:04:00 | INFO | RUN_MODE=deterministic_smoke_test | dataset=PlantDoc | method=ConvNeXt-Tiny | stage=eval | lr=0.00007414 | val_macro_f1=85.0812 | prototype_update=no
2026-06-14 09:44:00 | INFO | RUN_MODE=deterministic_smoke_test | dataset=PlantDoc | method=Swin-Tiny | stage=loader | lr=0.00006154 | val_macro_f1=89.7228 | prototype_update=no
2026-06-14 11:07:00 | INFO | RUN_MODE=deterministic_smoke_test | dataset=PlantDoc | method=Swin-Tiny | stage=train | lr=0.00005657 | val_macro_f1=90.8662 | prototype_update=no
2026-06-14 12:26:00 | INFO | RUN_MODE=deterministic_smoke_test | dataset=PlantDoc | method=Swin-Tiny | stage=eval | lr=0.00006066 | val_macro_f1=84.2445 | prototype_update=no
2026-06-14 09:16:00 | INFO | RUN_MODE=deterministic_smoke_test | dataset=PlantDoc | method=ConvNeXt+ARM | stage=loader | lr=0.00007874 | val_macro_f1=85.8542 | prototype_update=no
2026-06-14 11:16:00 | INFO | RUN_MODE=deterministic_smoke_test | dataset=PlantDoc | method=ConvNeXt+ARM | stage=train | lr=0.00008604 | val_macro_f1=90.6618 | prototype_update=no
2026-06-14 12:45:00 | INFO | RUN_MODE=deterministic_smoke_test | dataset=PlantDoc | method=ConvNeXt+ARM | stage=eval | lr=0.00009279 | val_macro_f1=86.6425 | prototype_update=no
2026-06-14 08:40:00 | INFO | RUN_MODE=deterministic_smoke_test | dataset=PlantDoc | method=UAMP-Net | stage=loader | lr=0.00006736 | val_macro_f1=87.2598 | prototype_update=no
2026-06-14 11:16:00 | INFO | RUN_MODE=deterministic_smoke_test | dataset=PlantDoc | method=UAMP-Net | stage=train | lr=0.00007228 | val_macro_f1=92.5579 | prototype_update=yes
2026-06-14 13:02:00 | INFO | RUN_MODE=deterministic_smoke_test | dataset=PlantDoc | method=UAMP-Net | stage=eval | lr=0.00006395 | val_macro_f1=89.7037 | prototype_update=no
2026-06-14 09:44:00 | INFO | RUN_MODE=deterministic_smoke_test | dataset=CUB-200-2011 | method=ResNet-50 | stage=loader | lr=0.00005842 | val_macro_f1=86.0847 | prototype_update=no
2026-06-14 10:16:00 | INFO | RUN_MODE=deterministic_smoke_test | dataset=CUB-200-2011 | method=ResNet-50 | stage=train | lr=0.00007931 | val_macro_f1=85.7324 | prototype_update=no
2026-06-14 13:05:00 | INFO | RUN_MODE=deterministic_smoke_test | dataset=CUB-200-2011 | method=ResNet-50 | stage=eval | lr=0.00005974 | val_macro_f1=86.4681 | prototype_update=no
2026-06-14 09:04:00 | INFO | RUN_MODE=deterministic_smoke_test | dataset=CUB-200-2011 | method=EfficientNet-B3 | stage=loader | lr=0.00008695 | val_macro_f1=87.6975 | prototype_update=no
2026-06-14 12:10:00 | INFO | RUN_MODE=deterministic_smoke_test | dataset=CUB-200-2011 | method=EfficientNet-B3 | stage=train | lr=0.00009804 | val_macro_f1=90.5596 | prototype_update=no
2026-06-14 13:33:00 | INFO | RUN_MODE=deterministic_smoke_test | dataset=CUB-200-2011 | method=EfficientNet-B3 | stage=eval | lr=0.00006135 | val_macro_f1=89.7593 | prototype_update=no
2026-06-14 08:52:00 | INFO | RUN_MODE=deterministic_smoke_test | dataset=CUB-200-2011 | method=ConvNeXt-Tiny | stage=loader | lr=0.00005029 | val_macro_f1=88.9820 | prototype_update=no
2026-06-14 11:32:00 | INFO | RUN_MODE=deterministic_smoke_test | dataset=CUB-200-2011 | method=ConvNeXt-Tiny | stage=train | lr=0.00009332 | val_macro_f1=86.3910 | prototype_update=no
2026-06-14 14:05:00 | INFO | RUN_MODE=deterministic_smoke_test | dataset=CUB-200-2011 | method=ConvNeXt-Tiny | stage=eval | lr=0.00008987 | val_macro_f1=84.7623 | prototype_update=no
2026-06-14 09:05:00 | INFO | RUN_MODE=deterministic_smoke_test | dataset=CUB-200-2011 | method=Swin-Tiny | stage=loader | lr=0.00009289 | val_macro_f1=89.0040 | prototype_update=no
2026-06-14 11:40:00 | INFO | RUN_MODE=deterministic_smoke_test | dataset=CUB-200-2011 | method=Swin-Tiny | stage=train | lr=0.00007562 | val_macro_f1=90.9695 | prototype_update=no
2026-06-14 14:05:00 | INFO | RUN_MODE=deterministic_smoke_test | dataset=CUB-200-2011 | method=Swin-Tiny | stage=eval | lr=0.00009857 | val_macro_f1=89.3418 | prototype_update=no
2026-06-14 08:55:00 | INFO | RUN_MODE=deterministic_smoke_test | dataset=CUB-200-2011 | method=ConvNeXt+ARM | stage=loader | lr=0.00009978 | val_macro_f1=85.0519 | prototype_update=no
2026-06-14 10:50:00 | INFO | RUN_MODE=deterministic_smoke_test | dataset=CUB-200-2011 | method=ConvNeXt+ARM | stage=train | lr=0.00006653 | val_macro_f1=84.8966 | prototype_update=no
2026-06-14 13:20:00 | INFO | RUN_MODE=deterministic_smoke_test | dataset=CUB-200-2011 | method=ConvNeXt+ARM | stage=eval | lr=0.00007005 | val_macro_f1=90.8086 | prototype_update=no
2026-06-14 08:30:00 | INFO | RUN_MODE=deterministic_smoke_test | dataset=CUB-200-2011 | method=UAMP-Net | stage=loader | lr=0.00006495 | val_macro_f1=87.7738 | prototype_update=no
2026-06-14 10:21:00 | INFO | RUN_MODE=deterministic_smoke_test | dataset=CUB-200-2011 | method=UAMP-Net | stage=train | lr=0.00006221 | val_macro_f1=93.0868 | prototype_update=yes
2026-06-14 12:24:00 | INFO | RUN_MODE=deterministic_smoke_test | dataset=CUB-200-2011 | method=UAMP-Net | stage=eval | lr=0.00007147 | val_macro_f1=93.1512 | prototype_update=no
2026-06-15 09:04:00 | INFO | RUN_MODE=deterministic_smoke_test | dataset=PlantVillage | method=ResNet-50 | stage=loader | lr=0.00006473 | val_macro_f1=91.1345 | prototype_update=no
2026-06-15 10:31:00 | INFO | RUN_MODE=deterministic_smoke_test | dataset=PlantVillage | method=ResNet-50 | stage=train | lr=0.00007737 | val_macro_f1=90.7595 | prototype_update=no
2026-06-15 13:04:00 | INFO | RUN_MODE=deterministic_smoke_test | dataset=PlantVillage | method=ResNet-50 | stage=eval | lr=0.00008164 | val_macro_f1=89.7138 | prototype_update=no
2026-06-15 09:50:00 | INFO | RUN_MODE=deterministic_smoke_test | dataset=PlantVillage | method=EfficientNet-B3 | stage=loader | lr=0.00005998 | val_macro_f1=85.6547 | prototype_update=no
2026-06-15 12:03:00 | INFO | RUN_MODE=deterministic_smoke_test | dataset=PlantVillage | method=EfficientNet-B3 | stage=train | lr=0.00005329 | val_macro_f1=90.4924 | prototype_update=no
2026-06-15 14:06:00 | INFO | RUN_MODE=deterministic_smoke_test | dataset=PlantVillage | method=EfficientNet-B3 | stage=eval | lr=0.00005009 | val_macro_f1=87.7631 | prototype_update=no
2026-06-15 08:25:00 | INFO | RUN_MODE=deterministic_smoke_test | dataset=PlantVillage | method=ConvNeXt-Tiny | stage=loader | lr=0.00005690 | val_macro_f1=86.8942 | prototype_update=no
2026-06-15 10:39:00 | INFO | RUN_MODE=deterministic_smoke_test | dataset=PlantVillage | method=ConvNeXt-Tiny | stage=train | lr=0.00005189 | val_macro_f1=85.2017 | prototype_update=no
2026-06-15 13:39:00 | INFO | RUN_MODE=deterministic_smoke_test | dataset=PlantVillage | method=ConvNeXt-Tiny | stage=eval | lr=0.00008419 | val_macro_f1=87.9289 | prototype_update=no
2026-06-15 08:43:00 | INFO | RUN_MODE=deterministic_smoke_test | dataset=PlantVillage | method=Swin-Tiny | stage=loader | lr=0.00007739 | val_macro_f1=84.7161 | prototype_update=no
2026-06-15 11:52:00 | INFO | RUN_MODE=deterministic_smoke_test | dataset=PlantVillage | method=Swin-Tiny | stage=train | lr=0.00007089 | val_macro_f1=86.5147 | prototype_update=no
2026-06-15 13:50:00 | INFO | RUN_MODE=deterministic_smoke_test | dataset=PlantVillage | method=Swin-Tiny | stage=eval | lr=0.00005269 | val_macro_f1=89.3209 | prototype_update=no
2026-06-15 08:55:00 | INFO | RUN_MODE=deterministic_smoke_test | dataset=PlantVillage | method=ConvNeXt+ARM | stage=loader | lr=0.00009402 | val_macro_f1=85.3887 | prototype_update=no
2026-06-15 10:22:00 | INFO | RUN_MODE=deterministic_smoke_test | dataset=PlantVillage | method=ConvNeXt+ARM | stage=train | lr=0.00005897 | val_macro_f1=89.2504 | prototype_update=no
2026-06-15 13:24:00 | INFO | RUN_MODE=deterministic_smoke_test | dataset=PlantVillage | method=ConvNeXt+ARM | stage=eval | lr=0.00008095 | val_macro_f1=86.4161 | prototype_update=no
2026-06-15 08:49:00 | INFO | RUN_MODE=deterministic_smoke_test | dataset=PlantVillage | method=UAMP-Net | stage=loader | lr=0.00007997 | val_macro_f1=87.1602 | prototype_update=no
2026-06-15 11:09:00 | INFO | RUN_MODE=deterministic_smoke_test | dataset=PlantVillage | method=UAMP-Net | stage=train | lr=0.00007035 | val_macro_f1=86.9677 | prototype_update=yes
2026-06-15 13:23:00 | INFO | RUN_MODE=deterministic_smoke_test | dataset=PlantVillage | method=UAMP-Net | stage=eval | lr=0.00005332 | val_macro_f1=86.9749 | prototype_update=no
2026-06-15 09:33:00 | INFO | RUN_MODE=deterministic_smoke_test | dataset=PlantDoc | method=ResNet-50 | stage=loader | lr=0.00006085 | val_macro_f1=87.1527 | prototype_update=no
2026-06-15 11:07:00 | INFO | RUN_MODE=deterministic_smoke_test | dataset=PlantDoc | method=ResNet-50 | stage=train | lr=0.00008536 | val_macro_f1=84.7286 | prototype_update=no
2026-06-15 13:03:00 | INFO | RUN_MODE=deterministic_smoke_test | dataset=PlantDoc | method=ResNet-50 | stage=eval | lr=0.00009515 | val_macro_f1=91.2348 | prototype_update=no
2026-06-15 10:01:00 | INFO | RUN_MODE=deterministic_smoke_test | dataset=PlantDoc | method=EfficientNet-B3 | stage=loader | lr=0.00006326 | val_macro_f1=88.1344 | prototype_update=no
2026-06-15 11:56:00 | INFO | RUN_MODE=deterministic_smoke_test | dataset=PlantDoc | method=EfficientNet-B3 | stage=train | lr=0.00008376 | val_macro_f1=84.8518 | prototype_update=no
2026-06-15 12:48:00 | INFO | RUN_MODE=deterministic_smoke_test | dataset=PlantDoc | method=EfficientNet-B3 | stage=eval | lr=0.00005790 | val_macro_f1=86.4950 | prototype_update=no
2026-06-15 08:25:00 | INFO | RUN_MODE=deterministic_smoke_test | dataset=PlantDoc | method=ConvNeXt-Tiny | stage=loader | lr=0.00008266 | val_macro_f1=89.2040 | prototype_update=no
2026-06-15 11:51:00 | INFO | RUN_MODE=deterministic_smoke_test | dataset=PlantDoc | method=ConvNeXt-Tiny | stage=train | lr=0.00009921 | val_macro_f1=86.5239 | prototype_update=no
2026-06-15 13:16:00 | INFO | RUN_MODE=deterministic_smoke_test | dataset=PlantDoc | method=ConvNeXt-Tiny | stage=eval | lr=0.00009491 | val_macro_f1=90.6841 | prototype_update=no
2026-06-15 09:32:00 | INFO | RUN_MODE=deterministic_smoke_test | dataset=PlantDoc | method=Swin-Tiny | stage=loader | lr=0.00005293 | val_macro_f1=91.3396 | prototype_update=no
2026-06-15 10:40:00 | INFO | RUN_MODE=deterministic_smoke_test | dataset=PlantDoc | method=Swin-Tiny | stage=train | lr=0.00008634 | val_macro_f1=86.1299 | prototype_update=no
2026-06-15 13:17:00 | INFO | RUN_MODE=deterministic_smoke_test | dataset=PlantDoc | method=Swin-Tiny | stage=eval | lr=0.00008587 | val_macro_f1=90.7601 | prototype_update=no
2026-06-15 08:50:00 | INFO | RUN_MODE=deterministic_smoke_test | dataset=PlantDoc | method=ConvNeXt+ARM | stage=loader | lr=0.00008503 | val_macro_f1=84.1972 | prototype_update=no
2026-06-15 10:43:00 | INFO | RUN_MODE=deterministic_smoke_test | dataset=PlantDoc | method=ConvNeXt+ARM | stage=train | lr=0.00009049 | val_macro_f1=85.7904 | prototype_update=no
2026-06-15 12:27:00 | INFO | RUN_MODE=deterministic_smoke_test | dataset=PlantDoc | method=ConvNeXt+ARM | stage=eval | lr=0.00007417 | val_macro_f1=90.2669 | prototype_update=no
2026-06-15 09:56:00 | INFO | RUN_MODE=deterministic_smoke_test | dataset=PlantDoc | method=UAMP-Net | stage=loader | lr=0.00006721 | val_macro_f1=92.5622 | prototype_update=no
2026-06-15 12:13:00 | INFO | RUN_MODE=deterministic_smoke_test | dataset=PlantDoc | method=UAMP-Net | stage=train | lr=0.00009897 | val_macro_f1=87.2546 | prototype_update=yes
2026-06-15 12:58:00 | INFO | RUN_MODE=deterministic_smoke_test | dataset=PlantDoc | method=UAMP-Net | stage=eval | lr=0.00005806 | val_macro_f1=87.2759 | prototype_update=no
2026-06-15 08:44:00 | INFO | RUN_MODE=deterministic_smoke_test | dataset=CUB-200-2011 | method=ResNet-50 | stage=loader | lr=0.00007428 | val_macro_f1=84.0489 | prototype_update=no
2026-06-15 11:17:00 | INFO | RUN_MODE=deterministic_smoke_test | dataset=CUB-200-2011 | method=ResNet-50 | stage=train | lr=0.00006565 | val_macro_f1=86.7202 | prototype_update=no
2026-06-15 13:53:00 | INFO | RUN_MODE=deterministic_smoke_test | dataset=CUB-200-2011 | method=ResNet-50 | stage=eval | lr=0.00006132 | val_macro_f1=85.0474 | prototype_update=no
2026-06-15 10:03:00 | INFO | RUN_MODE=deterministic_smoke_test | dataset=CUB-200-2011 | method=EfficientNet-B3 | stage=loader | lr=0.00005038 | val_macro_f1=88.4046 | prototype_update=no
2026-06-15 11:18:00 | INFO | RUN_MODE=deterministic_smoke_test | dataset=CUB-200-2011 | method=EfficientNet-B3 | stage=train | lr=0.00007960 | val_macro_f1=89.4522 | prototype_update=no
2026-06-15 12:26:00 | INFO | RUN_MODE=deterministic_smoke_test | dataset=CUB-200-2011 | method=EfficientNet-B3 | stage=eval | lr=0.00009559 | val_macro_f1=90.8939 | prototype_update=no
2026-06-15 09:04:00 | INFO | RUN_MODE=deterministic_smoke_test | dataset=CUB-200-2011 | method=ConvNeXt-Tiny | stage=loader | lr=0.00009576 | val_macro_f1=85.4749 | prototype_update=no
2026-06-15 10:20:00 | INFO | RUN_MODE=deterministic_smoke_test | dataset=CUB-200-2011 | method=ConvNeXt-Tiny | stage=train | lr=0.00008939 | val_macro_f1=85.3854 | prototype_update=no
2026-06-15 13:05:00 | INFO | RUN_MODE=deterministic_smoke_test | dataset=CUB-200-2011 | method=ConvNeXt-Tiny | stage=eval | lr=0.00005046 | val_macro_f1=84.9035 | prototype_update=no
2026-06-15 08:25:00 | INFO | RUN_MODE=deterministic_smoke_test | dataset=CUB-200-2011 | method=Swin-Tiny | stage=loader | lr=0.00008427 | val_macro_f1=84.3186 | prototype_update=no
2026-06-15 10:38:00 | INFO | RUN_MODE=deterministic_smoke_test | dataset=CUB-200-2011 | method=Swin-Tiny | stage=train | lr=0.00008312 | val_macro_f1=91.0336 | prototype_update=no
2026-06-15 12:22:00 | INFO | RUN_MODE=deterministic_smoke_test | dataset=CUB-200-2011 | method=Swin-Tiny | stage=eval | lr=0.00009546 | val_macro_f1=91.5499 | prototype_update=no
2026-06-15 10:13:00 | INFO | RUN_MODE=deterministic_smoke_test | dataset=CUB-200-2011 | method=ConvNeXt+ARM | stage=loader | lr=0.00007648 | val_macro_f1=90.7726 | prototype_update=no
2026-06-15 10:59:00 | INFO | RUN_MODE=deterministic_smoke_test | dataset=CUB-200-2011 | method=ConvNeXt+ARM | stage=train | lr=0.00005121 | val_macro_f1=85.7430 | prototype_update=no
2026-06-15 12:31:00 | INFO | RUN_MODE=deterministic_smoke_test | dataset=CUB-200-2011 | method=ConvNeXt+ARM | stage=eval | lr=0.00005018 | val_macro_f1=89.3840 | prototype_update=no
2026-06-15 09:34:00 | INFO | RUN_MODE=deterministic_smoke_test | dataset=CUB-200-2011 | method=UAMP-Net | stage=loader | lr=0.00005176 | val_macro_f1=86.2600 | prototype_update=no
2026-06-15 11:00:00 | INFO | RUN_MODE=deterministic_smoke_test | dataset=CUB-200-2011 | method=UAMP-Net | stage=train | lr=0.00007192 | val_macro_f1=87.9063 | prototype_update=yes
2026-06-15 12:34:00 | INFO | RUN_MODE=deterministic_smoke_test | dataset=CUB-200-2011 | method=UAMP-Net | stage=eval | lr=0.00005470 | val_macro_f1=92.2322 | prototype_update=no
2026-06-16 09:00:00 | INFO | RUN_MODE=deterministic_smoke_test | dataset=PlantVillage | method=ResNet-50 | stage=loader | lr=0.00005882 | val_macro_f1=89.0901 | prototype_update=no
2026-06-16 11:27:00 | INFO | RUN_MODE=deterministic_smoke_test | dataset=PlantVillage | method=ResNet-50 | stage=train | lr=0.00008429 | val_macro_f1=84.9779 | prototype_update=no
2026-06-16 14:01:00 | INFO | RUN_MODE=deterministic_smoke_test | dataset=PlantVillage | method=ResNet-50 | stage=eval | lr=0.00005743 | val_macro_f1=89.0082 | prototype_update=no
2026-06-16 09:12:00 | INFO | RUN_MODE=deterministic_smoke_test | dataset=PlantVillage | method=EfficientNet-B3 | stage=loader | lr=0.00005040 | val_macro_f1=88.0145 | prototype_update=no
2026-06-16 11:46:00 | INFO | RUN_MODE=deterministic_smoke_test | dataset=PlantVillage | method=EfficientNet-B3 | stage=train | lr=0.00008750 | val_macro_f1=88.9956 | prototype_update=no
2026-06-16 12:32:00 | INFO | RUN_MODE=deterministic_smoke_test | dataset=PlantVillage | method=EfficientNet-B3 | stage=eval | lr=0.00007934 | val_macro_f1=91.2213 | prototype_update=no
2026-06-16 09:07:00 | INFO | RUN_MODE=deterministic_smoke_test | dataset=PlantVillage | method=ConvNeXt-Tiny | stage=loader | lr=0.00006476 | val_macro_f1=89.4645 | prototype_update=no
2026-06-16 10:40:00 | INFO | RUN_MODE=deterministic_smoke_test | dataset=PlantVillage | method=ConvNeXt-Tiny | stage=train | lr=0.00006746 | val_macro_f1=90.8246 | prototype_update=no
2026-06-16 12:44:00 | INFO | RUN_MODE=deterministic_smoke_test | dataset=PlantVillage | method=ConvNeXt-Tiny | stage=eval | lr=0.00005646 | val_macro_f1=89.6109 | prototype_update=no
2026-06-16 10:13:00 | INFO | RUN_MODE=deterministic_smoke_test | dataset=PlantVillage | method=Swin-Tiny | stage=loader | lr=0.00007711 | val_macro_f1=88.7756 | prototype_update=no
2026-06-16 11:04:00 | INFO | RUN_MODE=deterministic_smoke_test | dataset=PlantVillage | method=Swin-Tiny | stage=train | lr=0.00009216 | val_macro_f1=88.2405 | prototype_update=no
2026-06-16 13:26:00 | INFO | RUN_MODE=deterministic_smoke_test | dataset=PlantVillage | method=Swin-Tiny | stage=eval | lr=0.00005645 | val_macro_f1=88.4640 | prototype_update=no
2026-06-16 09:03:00 | INFO | RUN_MODE=deterministic_smoke_test | dataset=PlantVillage | method=ConvNeXt+ARM | stage=loader | lr=0.00009121 | val_macro_f1=86.4492 | prototype_update=no
2026-06-16 10:57:00 | INFO | RUN_MODE=deterministic_smoke_test | dataset=PlantVillage | method=ConvNeXt+ARM | stage=train | lr=0.00008693 | val_macro_f1=91.4653 | prototype_update=no
2026-06-16 13:39:00 | INFO | RUN_MODE=deterministic_smoke_test | dataset=PlantVillage | method=ConvNeXt+ARM | stage=eval | lr=0.00007176 | val_macro_f1=91.6867 | prototype_update=no
2026-06-16 08:30:00 | INFO | RUN_MODE=deterministic_smoke_test | dataset=PlantVillage | method=UAMP-Net | stage=loader | lr=0.00006011 | val_macro_f1=86.6439 | prototype_update=no
2026-06-16 11:01:00 | INFO | RUN_MODE=deterministic_smoke_test | dataset=PlantVillage | method=UAMP-Net | stage=train | lr=0.00008712 | val_macro_f1=90.4233 | prototype_update=yes
2026-06-16 12:51:00 | INFO | RUN_MODE=deterministic_smoke_test | dataset=PlantVillage | method=UAMP-Net | stage=eval | lr=0.00009825 | val_macro_f1=88.8740 | prototype_update=no
2026-06-16 09:38:00 | INFO | RUN_MODE=deterministic_smoke_test | dataset=PlantDoc | method=ResNet-50 | stage=loader | lr=0.00006505 | val_macro_f1=85.9187 | prototype_update=no
2026-06-16 10:35:00 | INFO | RUN_MODE=deterministic_smoke_test | dataset=PlantDoc | method=ResNet-50 | stage=train | lr=0.00009389 | val_macro_f1=90.4706 | prototype_update=no
2026-06-16 12:50:00 | INFO | RUN_MODE=deterministic_smoke_test | dataset=PlantDoc | method=ResNet-50 | stage=eval | lr=0.00007058 | val_macro_f1=89.8513 | prototype_update=no
2026-06-16 09:05:00 | INFO | RUN_MODE=deterministic_smoke_test | dataset=PlantDoc | method=EfficientNet-B3 | stage=loader | lr=0.00009219 | val_macro_f1=84.1150 | prototype_update=no
2026-06-16 11:44:00 | INFO | RUN_MODE=deterministic_smoke_test | dataset=PlantDoc | method=EfficientNet-B3 | stage=train | lr=0.00005119 | val_macro_f1=88.2160 | prototype_update=no
2026-06-16 13:39:00 | INFO | RUN_MODE=deterministic_smoke_test | dataset=PlantDoc | method=EfficientNet-B3 | stage=eval | lr=0.00005979 | val_macro_f1=84.5136 | prototype_update=no
2026-06-16 09:35:00 | INFO | RUN_MODE=deterministic_smoke_test | dataset=PlantDoc | method=ConvNeXt-Tiny | stage=loader | lr=0.00008810 | val_macro_f1=84.7232 | prototype_update=no
2026-06-16 10:39:00 | INFO | RUN_MODE=deterministic_smoke_test | dataset=PlantDoc | method=ConvNeXt-Tiny | stage=train | lr=0.00009152 | val_macro_f1=89.9894 | prototype_update=no
2026-06-16 12:35:00 | INFO | RUN_MODE=deterministic_smoke_test | dataset=PlantDoc | method=ConvNeXt-Tiny | stage=eval | lr=0.00005380 | val_macro_f1=87.8486 | prototype_update=no
2026-06-16 09:39:00 | INFO | RUN_MODE=deterministic_smoke_test | dataset=PlantDoc | method=Swin-Tiny | stage=loader | lr=0.00008184 | val_macro_f1=87.0665 | prototype_update=no
2026-06-16 11:19:00 | INFO | RUN_MODE=deterministic_smoke_test | dataset=PlantDoc | method=Swin-Tiny | stage=train | lr=0.00007312 | val_macro_f1=87.9606 | prototype_update=no
2026-06-16 13:34:00 | INFO | RUN_MODE=deterministic_smoke_test | dataset=PlantDoc | method=Swin-Tiny | stage=eval | lr=0.00009641 | val_macro_f1=85.9463 | prototype_update=no
2026-06-16 09:12:00 | INFO | RUN_MODE=deterministic_smoke_test | dataset=PlantDoc | method=ConvNeXt+ARM | stage=loader | lr=0.00006491 | val_macro_f1=87.8268 | prototype_update=no
2026-06-16 10:16:00 | INFO | RUN_MODE=deterministic_smoke_test | dataset=PlantDoc | method=ConvNeXt+ARM | stage=train | lr=0.00007056 | val_macro_f1=87.2067 | prototype_update=no
2026-06-16 12:41:00 | INFO | RUN_MODE=deterministic_smoke_test | dataset=PlantDoc | method=ConvNeXt+ARM | stage=eval | lr=0.00007737 | val_macro_f1=85.9869 | prototype_update=no
2026-06-16 08:17:00 | INFO | RUN_MODE=deterministic_smoke_test | dataset=PlantDoc | method=UAMP-Net | stage=loader | lr=0.00006492 | val_macro_f1=89.0086 | prototype_update=no
2026-06-16 11:48:00 | INFO | RUN_MODE=deterministic_smoke_test | dataset=PlantDoc | method=UAMP-Net | stage=train | lr=0.00006868 | val_macro_f1=86.7120 | prototype_update=yes
2026-06-16 12:18:00 | INFO | RUN_MODE=deterministic_smoke_test | dataset=PlantDoc | method=UAMP-Net | stage=eval | lr=0.00006980 | val_macro_f1=91.8928 | prototype_update=no
2026-06-16 09:41:00 | INFO | RUN_MODE=deterministic_smoke_test | dataset=CUB-200-2011 | method=ResNet-50 | stage=loader | lr=0.00009980 | val_macro_f1=86.9748 | prototype_update=no
2026-06-16 10:29:00 | INFO | RUN_MODE=deterministic_smoke_test | dataset=CUB-200-2011 | method=ResNet-50 | stage=train | lr=0.00007813 | val_macro_f1=90.0976 | prototype_update=no
2026-06-16 13:58:00 | INFO | RUN_MODE=deterministic_smoke_test | dataset=CUB-200-2011 | method=ResNet-50 | stage=eval | lr=0.00005150 | val_macro_f1=88.1687 | prototype_update=no
2026-06-16 09:22:00 | INFO | RUN_MODE=deterministic_smoke_test | dataset=CUB-200-2011 | method=EfficientNet-B3 | stage=loader | lr=0.00008263 | val_macro_f1=86.4504 | prototype_update=no
2026-06-16 11:50:00 | INFO | RUN_MODE=deterministic_smoke_test | dataset=CUB-200-2011 | method=EfficientNet-B3 | stage=train | lr=0.00005849 | val_macro_f1=86.9791 | prototype_update=no
2026-06-16 13:57:00 | INFO | RUN_MODE=deterministic_smoke_test | dataset=CUB-200-2011 | method=EfficientNet-B3 | stage=eval | lr=0.00009661 | val_macro_f1=88.1988 | prototype_update=no
2026-06-16 08:20:00 | INFO | RUN_MODE=deterministic_smoke_test | dataset=CUB-200-2011 | method=ConvNeXt-Tiny | stage=loader | lr=0.00008570 | val_macro_f1=90.9556 | prototype_update=no
2026-06-16 10:43:00 | INFO | RUN_MODE=deterministic_smoke_test | dataset=CUB-200-2011 | method=ConvNeXt-Tiny | stage=train | lr=0.00005980 | val_macro_f1=86.1554 | prototype_update=no
2026-06-16 12:43:00 | INFO | RUN_MODE=deterministic_smoke_test | dataset=CUB-200-2011 | method=ConvNeXt-Tiny | stage=eval | lr=0.00007584 | val_macro_f1=85.3035 | prototype_update=no
2026-06-16 09:48:00 | INFO | RUN_MODE=deterministic_smoke_test | dataset=CUB-200-2011 | method=Swin-Tiny | stage=loader | lr=0.00007576 | val_macro_f1=91.3392 | prototype_update=no
2026-06-16 11:17:00 | INFO | RUN_MODE=deterministic_smoke_test | dataset=CUB-200-2011 | method=Swin-Tiny | stage=train | lr=0.00009173 | val_macro_f1=90.6994 | prototype_update=no
2026-06-16 12:24:00 | INFO | RUN_MODE=deterministic_smoke_test | dataset=CUB-200-2011 | method=Swin-Tiny | stage=eval | lr=0.00008631 | val_macro_f1=90.2187 | prototype_update=no
2026-06-16 08:51:00 | INFO | RUN_MODE=deterministic_smoke_test | dataset=CUB-200-2011 | method=ConvNeXt+ARM | stage=loader | lr=0.00006146 | val_macro_f1=84.0247 | prototype_update=no
2026-06-16 10:46:00 | INFO | RUN_MODE=deterministic_smoke_test | dataset=CUB-200-2011 | method=ConvNeXt+ARM | stage=train | lr=0.00009857 | val_macro_f1=87.6671 | prototype_update=no
2026-06-16 13:00:00 | INFO | RUN_MODE=deterministic_smoke_test | dataset=CUB-200-2011 | method=ConvNeXt+ARM | stage=eval | lr=0.00006750 | val_macro_f1=91.2869 | prototype_update=no
2026-06-16 09:44:00 | INFO | RUN_MODE=deterministic_smoke_test | dataset=CUB-200-2011 | method=UAMP-Net | stage=loader | lr=0.00006687 | val_macro_f1=92.9170 | prototype_update=no
2026-06-16 10:19:00 | INFO | RUN_MODE=deterministic_smoke_test | dataset=CUB-200-2011 | method=UAMP-Net | stage=train | lr=0.00006759 | val_macro_f1=87.3164 | prototype_update=yes
2026-06-16 12:18:00 | INFO | RUN_MODE=deterministic_smoke_test | dataset=CUB-200-2011 | method=UAMP-Net | stage=eval | lr=0.00007001 | val_macro_f1=92.2093 | prototype_update=no
2026-06-17 09:29:00 | INFO | RUN_MODE=deterministic_smoke_test | dataset=PlantVillage | method=ResNet-50 | stage=loader | lr=0.00009599 | val_macro_f1=89.0249 | prototype_update=no
2026-06-17 11:38:00 | INFO | RUN_MODE=deterministic_smoke_test | dataset=PlantVillage | method=ResNet-50 | stage=train | lr=0.00008978 | val_macro_f1=87.2431 | prototype_update=no
2026-06-17 14:09:00 | INFO | RUN_MODE=deterministic_smoke_test | dataset=PlantVillage | method=ResNet-50 | stage=eval | lr=0.00009719 | val_macro_f1=86.0794 | prototype_update=no
2026-06-17 09:31:00 | INFO | RUN_MODE=deterministic_smoke_test | dataset=PlantVillage | method=EfficientNet-B3 | stage=loader | lr=0.00009462 | val_macro_f1=84.9827 | prototype_update=no
2026-06-17 12:11:00 | INFO | RUN_MODE=deterministic_smoke_test | dataset=PlantVillage | method=EfficientNet-B3 | stage=train | lr=0.00005953 | val_macro_f1=87.6898 | prototype_update=no
2026-06-17 12:25:00 | INFO | RUN_MODE=deterministic_smoke_test | dataset=PlantVillage | method=EfficientNet-B3 | stage=eval | lr=0.00009980 | val_macro_f1=85.8903 | prototype_update=no
2026-06-17 08:25:00 | INFO | RUN_MODE=deterministic_smoke_test | dataset=PlantVillage | method=ConvNeXt-Tiny | stage=loader | lr=0.00005296 | val_macro_f1=88.1903 | prototype_update=no
2026-06-17 10:42:00 | INFO | RUN_MODE=deterministic_smoke_test | dataset=PlantVillage | method=ConvNeXt-Tiny | stage=train | lr=0.00007122 | val_macro_f1=87.3428 | prototype_update=no
2026-06-17 13:57:00 | INFO | RUN_MODE=deterministic_smoke_test | dataset=PlantVillage | method=ConvNeXt-Tiny | stage=eval | lr=0.00006026 | val_macro_f1=91.8001 | prototype_update=no
2026-06-17 09:49:00 | INFO | RUN_MODE=deterministic_smoke_test | dataset=PlantVillage | method=Swin-Tiny | stage=loader | lr=0.00005346 | val_macro_f1=91.8325 | prototype_update=no
2026-06-17 10:37:00 | INFO | RUN_MODE=deterministic_smoke_test | dataset=PlantVillage | method=Swin-Tiny | stage=train | lr=0.00005326 | val_macro_f1=91.5033 | prototype_update=no
2026-06-17 13:24:00 | INFO | RUN_MODE=deterministic_smoke_test | dataset=PlantVillage | method=Swin-Tiny | stage=eval | lr=0.00005721 | val_macro_f1=87.3837 | prototype_update=no
2026-06-17 09:20:00 | INFO | RUN_MODE=deterministic_smoke_test | dataset=PlantVillage | method=ConvNeXt+ARM | stage=loader | lr=0.00007924 | val_macro_f1=89.2681 | prototype_update=no
2026-06-17 11:55:00 | INFO | RUN_MODE=deterministic_smoke_test | dataset=PlantVillage | method=ConvNeXt+ARM | stage=train | lr=0.00006837 | val_macro_f1=88.6534 | prototype_update=no
2026-06-17 12:40:00 | INFO | RUN_MODE=deterministic_smoke_test | dataset=PlantVillage | method=ConvNeXt+ARM | stage=eval | lr=0.00008554 | val_macro_f1=86.7010 | prototype_update=no
2026-06-17 09:34:00 | INFO | RUN_MODE=deterministic_smoke_test | dataset=PlantVillage | method=UAMP-Net | stage=loader | lr=0.00007620 | val_macro_f1=93.4161 | prototype_update=no
2026-06-17 11:16:00 | INFO | RUN_MODE=deterministic_smoke_test | dataset=PlantVillage | method=UAMP-Net | stage=train | lr=0.00009707 | val_macro_f1=87.3788 | prototype_update=yes
2026-06-17 12:22:00 | INFO | RUN_MODE=deterministic_smoke_test | dataset=PlantVillage | method=UAMP-Net | stage=eval | lr=0.00006388 | val_macro_f1=91.4354 | prototype_update=no
2026-06-17 08:30:00 | INFO | RUN_MODE=deterministic_smoke_test | dataset=PlantDoc | method=ResNet-50 | stage=loader | lr=0.00009837 | val_macro_f1=90.6501 | prototype_update=no
2026-06-17 11:40:00 | INFO | RUN_MODE=deterministic_smoke_test | dataset=PlantDoc | method=ResNet-50 | stage=train | lr=0.00005190 | val_macro_f1=91.1170 | prototype_update=no
2026-06-17 13:07:00 | INFO | RUN_MODE=deterministic_smoke_test | dataset=PlantDoc | method=ResNet-50 | stage=eval | lr=0.00009581 | val_macro_f1=84.6666 | prototype_update=no
2026-06-17 08:59:00 | INFO | RUN_MODE=deterministic_smoke_test | dataset=PlantDoc | method=EfficientNet-B3 | stage=loader | lr=0.00009742 | val_macro_f1=85.1036 | prototype_update=no
2026-06-17 10:43:00 | INFO | RUN_MODE=deterministic_smoke_test | dataset=PlantDoc | method=EfficientNet-B3 | stage=train | lr=0.00008585 | val_macro_f1=84.6013 | prototype_update=no
2026-06-17 12:56:00 | INFO | RUN_MODE=deterministic_smoke_test | dataset=PlantDoc | method=EfficientNet-B3 | stage=eval | lr=0.00005229 | val_macro_f1=89.3320 | prototype_update=no
2026-06-17 08:26:00 | INFO | RUN_MODE=deterministic_smoke_test | dataset=PlantDoc | method=ConvNeXt-Tiny | stage=loader | lr=0.00006048 | val_macro_f1=87.5606 | prototype_update=no
2026-06-17 11:46:00 | INFO | RUN_MODE=deterministic_smoke_test | dataset=PlantDoc | method=ConvNeXt-Tiny | stage=train | lr=0.00009784 | val_macro_f1=87.7842 | prototype_update=no
2026-06-17 13:22:00 | INFO | RUN_MODE=deterministic_smoke_test | dataset=PlantDoc | method=ConvNeXt-Tiny | stage=eval | lr=0.00006022 | val_macro_f1=91.0227 | prototype_update=no
2026-06-17 09:26:00 | INFO | RUN_MODE=deterministic_smoke_test | dataset=PlantDoc | method=Swin-Tiny | stage=loader | lr=0.00008528 | val_macro_f1=87.3036 | prototype_update=no
2026-06-17 10:31:00 | INFO | RUN_MODE=deterministic_smoke_test | dataset=PlantDoc | method=Swin-Tiny | stage=train | lr=0.00008533 | val_macro_f1=85.6402 | prototype_update=no
2026-06-17 13:51:00 | INFO | RUN_MODE=deterministic_smoke_test | dataset=PlantDoc | method=Swin-Tiny | stage=eval | lr=0.00007089 | val_macro_f1=87.1103 | prototype_update=no
2026-06-17 10:13:00 | INFO | RUN_MODE=deterministic_smoke_test | dataset=PlantDoc | method=ConvNeXt+ARM | stage=loader | lr=0.00006672 | val_macro_f1=88.6230 | prototype_update=no
2026-06-17 10:41:00 | INFO | RUN_MODE=deterministic_smoke_test | dataset=PlantDoc | method=ConvNeXt+ARM | stage=train | lr=0.00009013 | val_macro_f1=84.5781 | prototype_update=no
2026-06-17 13:11:00 | INFO | RUN_MODE=deterministic_smoke_test | dataset=PlantDoc | method=ConvNeXt+ARM | stage=eval | lr=0.00007912 | val_macro_f1=88.3154 | prototype_update=no
2026-06-17 08:42:00 | INFO | RUN_MODE=deterministic_smoke_test | dataset=PlantDoc | method=UAMP-Net | stage=loader | lr=0.00005443 | val_macro_f1=93.0891 | prototype_update=no
2026-06-17 11:29:00 | INFO | RUN_MODE=deterministic_smoke_test | dataset=PlantDoc | method=UAMP-Net | stage=train | lr=0.00007164 | val_macro_f1=90.1225 | prototype_update=yes
2026-06-17 13:40:00 | INFO | RUN_MODE=deterministic_smoke_test | dataset=PlantDoc | method=UAMP-Net | stage=eval | lr=0.00007012 | val_macro_f1=93.4089 | prototype_update=no
2026-06-17 08:35:00 | INFO | RUN_MODE=deterministic_smoke_test | dataset=CUB-200-2011 | method=ResNet-50 | stage=loader | lr=0.00005126 | val_macro_f1=85.5074 | prototype_update=no
2026-06-17 11:24:00 | INFO | RUN_MODE=deterministic_smoke_test | dataset=CUB-200-2011 | method=ResNet-50 | stage=train | lr=0.00005953 | val_macro_f1=90.2688 | prototype_update=no
2026-06-17 12:59:00 | INFO | RUN_MODE=deterministic_smoke_test | dataset=CUB-200-2011 | method=ResNet-50 | stage=eval | lr=0.00009991 | val_macro_f1=89.4476 | prototype_update=no
2026-06-17 08:40:00 | INFO | RUN_MODE=deterministic_smoke_test | dataset=CUB-200-2011 | method=EfficientNet-B3 | stage=loader | lr=0.00005768 | val_macro_f1=85.1556 | prototype_update=no
2026-06-17 11:52:00 | INFO | RUN_MODE=deterministic_smoke_test | dataset=CUB-200-2011 | method=EfficientNet-B3 | stage=train | lr=0.00008950 | val_macro_f1=85.3536 | prototype_update=no
2026-06-17 13:23:00 | INFO | RUN_MODE=deterministic_smoke_test | dataset=CUB-200-2011 | method=EfficientNet-B3 | stage=eval | lr=0.00005763 | val_macro_f1=90.4743 | prototype_update=no
2026-06-17 08:17:00 | INFO | RUN_MODE=deterministic_smoke_test | dataset=CUB-200-2011 | method=ConvNeXt-Tiny | stage=loader | lr=0.00007699 | val_macro_f1=87.3668 | prototype_update=no
2026-06-17 10:56:00 | INFO | RUN_MODE=deterministic_smoke_test | dataset=CUB-200-2011 | method=ConvNeXt-Tiny | stage=train | lr=0.00005491 | val_macro_f1=88.6983 | prototype_update=no
2026-06-17 13:59:00 | INFO | RUN_MODE=deterministic_smoke_test | dataset=CUB-200-2011 | method=ConvNeXt-Tiny | stage=eval | lr=0.00005445 | val_macro_f1=86.9056 | prototype_update=no
2026-06-17 08:48:00 | INFO | RUN_MODE=deterministic_smoke_test | dataset=CUB-200-2011 | method=Swin-Tiny | stage=loader | lr=0.00006167 | val_macro_f1=87.7130 | prototype_update=no
2026-06-17 11:48:00 | INFO | RUN_MODE=deterministic_smoke_test | dataset=CUB-200-2011 | method=Swin-Tiny | stage=train | lr=0.00007535 | val_macro_f1=84.8047 | prototype_update=no
2026-06-17 13:40:00 | INFO | RUN_MODE=deterministic_smoke_test | dataset=CUB-200-2011 | method=Swin-Tiny | stage=eval | lr=0.00006047 | val_macro_f1=91.7272 | prototype_update=no
2026-06-17 09:29:00 | INFO | RUN_MODE=deterministic_smoke_test | dataset=CUB-200-2011 | method=ConvNeXt+ARM | stage=loader | lr=0.00005548 | val_macro_f1=85.1813 | prototype_update=no
2026-06-17 11:29:00 | INFO | RUN_MODE=deterministic_smoke_test | dataset=CUB-200-2011 | method=ConvNeXt+ARM | stage=train | lr=0.00008139 | val_macro_f1=89.2131 | prototype_update=no
2026-06-17 13:34:00 | INFO | RUN_MODE=deterministic_smoke_test | dataset=CUB-200-2011 | method=ConvNeXt+ARM | stage=eval | lr=0.00008809 | val_macro_f1=86.4522 | prototype_update=no
2026-06-17 08:19:00 | INFO | RUN_MODE=deterministic_smoke_test | dataset=CUB-200-2011 | method=UAMP-Net | stage=loader | lr=0.00008574 | val_macro_f1=91.5491 | prototype_update=no
2026-06-17 10:35:00 | INFO | RUN_MODE=deterministic_smoke_test | dataset=CUB-200-2011 | method=UAMP-Net | stage=train | lr=0.00007987 | val_macro_f1=87.3049 | prototype_update=yes
2026-06-17 12:31:00 | INFO | RUN_MODE=deterministic_smoke_test | dataset=CUB-200-2011 | method=UAMP-Net | stage=eval | lr=0.00009796 | val_macro_f1=87.3709 | prototype_update=no
2026-06-18 08:54:00 | INFO | RUN_MODE=deterministic_smoke_test | dataset=PlantVillage | method=ResNet-50 | stage=loader | lr=0.00009499 | val_macro_f1=85.7222 | prototype_update=no
2026-06-18 10:50:00 | INFO | RUN_MODE=deterministic_smoke_test | dataset=PlantVillage | method=ResNet-50 | stage=train | lr=0.00008515 | val_macro_f1=90.7983 | prototype_update=no
2026-06-18 12:43:00 | INFO | RUN_MODE=deterministic_smoke_test | dataset=PlantVillage | method=ResNet-50 | stage=eval | lr=0.00005728 | val_macro_f1=88.8231 | prototype_update=no
2026-06-18 09:55:00 | INFO | RUN_MODE=deterministic_smoke_test | dataset=PlantVillage | method=EfficientNet-B3 | stage=loader | lr=0.00009970 | val_macro_f1=91.6002 | prototype_update=no
2026-06-18 11:10:00 | INFO | RUN_MODE=deterministic_smoke_test | dataset=PlantVillage | method=EfficientNet-B3 | stage=train | lr=0.00005878 | val_macro_f1=91.2701 | prototype_update=no
2026-06-18 14:08:00 | INFO | RUN_MODE=deterministic_smoke_test | dataset=PlantVillage | method=EfficientNet-B3 | stage=eval | lr=0.00007308 | val_macro_f1=91.4410 | prototype_update=no
2026-06-18 08:43:00 | INFO | RUN_MODE=deterministic_smoke_test | dataset=PlantVillage | method=ConvNeXt-Tiny | stage=loader | lr=0.00007597 | val_macro_f1=84.9091 | prototype_update=no
2026-06-18 11:44:00 | INFO | RUN_MODE=deterministic_smoke_test | dataset=PlantVillage | method=ConvNeXt-Tiny | stage=train | lr=0.00009981 | val_macro_f1=90.2384 | prototype_update=no
2026-06-18 12:21:00 | INFO | RUN_MODE=deterministic_smoke_test | dataset=PlantVillage | method=ConvNeXt-Tiny | stage=eval | lr=0.00006314 | val_macro_f1=88.4283 | prototype_update=no
2026-06-18 09:47:00 | INFO | RUN_MODE=deterministic_smoke_test | dataset=PlantVillage | method=Swin-Tiny | stage=loader | lr=0.00007797 | val_macro_f1=85.5464 | prototype_update=no
2026-06-18 11:45:00 | INFO | RUN_MODE=deterministic_smoke_test | dataset=PlantVillage | method=Swin-Tiny | stage=train | lr=0.00009622 | val_macro_f1=84.2565 | prototype_update=no
2026-06-18 13:59:00 | INFO | RUN_MODE=deterministic_smoke_test | dataset=PlantVillage | method=Swin-Tiny | stage=eval | lr=0.00005940 | val_macro_f1=85.4539 | prototype_update=no
2026-06-18 08:21:00 | INFO | RUN_MODE=deterministic_smoke_test | dataset=PlantVillage | method=ConvNeXt+ARM | stage=loader | lr=0.00008555 | val_macro_f1=91.9916 | prototype_update=no
2026-06-18 12:05:00 | INFO | RUN_MODE=deterministic_smoke_test | dataset=PlantVillage | method=ConvNeXt+ARM | stage=train | lr=0.00008678 | val_macro_f1=90.4576 | prototype_update=no
2026-06-18 13:55:00 | INFO | RUN_MODE=deterministic_smoke_test | dataset=PlantVillage | method=ConvNeXt+ARM | stage=eval | lr=0.00007046 | val_macro_f1=88.6320 | prototype_update=no
2026-06-18 09:30:00 | INFO | RUN_MODE=deterministic_smoke_test | dataset=PlantVillage | method=UAMP-Net | stage=loader | lr=0.00008384 | val_macro_f1=88.3490 | prototype_update=no
2026-06-18 10:51:00 | INFO | RUN_MODE=deterministic_smoke_test | dataset=PlantVillage | method=UAMP-Net | stage=train | lr=0.00006485 | val_macro_f1=87.4770 | prototype_update=yes
2026-06-18 12:31:00 | INFO | RUN_MODE=deterministic_smoke_test | dataset=PlantVillage | method=UAMP-Net | stage=eval | lr=0.00006400 | val_macro_f1=90.5799 | prototype_update=no
2026-06-18 10:13:00 | INFO | RUN_MODE=deterministic_smoke_test | dataset=PlantDoc | method=ResNet-50 | stage=loader | lr=0.00007177 | val_macro_f1=90.0721 | prototype_update=no
2026-06-18 11:08:00 | INFO | RUN_MODE=deterministic_smoke_test | dataset=PlantDoc | method=ResNet-50 | stage=train | lr=0.00006938 | val_macro_f1=85.6709 | prototype_update=no
2026-06-18 13:25:00 | INFO | RUN_MODE=deterministic_smoke_test | dataset=PlantDoc | method=ResNet-50 | stage=eval | lr=0.00005162 | val_macro_f1=87.1895 | prototype_update=no
2026-06-18 09:23:00 | INFO | RUN_MODE=deterministic_smoke_test | dataset=PlantDoc | method=EfficientNet-B3 | stage=loader | lr=0.00006607 | val_macro_f1=86.8698 | prototype_update=no
2026-06-18 11:10:00 | INFO | RUN_MODE=deterministic_smoke_test | dataset=PlantDoc | method=EfficientNet-B3 | stage=train | lr=0.00008210 | val_macro_f1=89.6360 | prototype_update=no
2026-06-18 12:46:00 | INFO | RUN_MODE=deterministic_smoke_test | dataset=PlantDoc | method=EfficientNet-B3 | stage=eval | lr=0.00008341 | val_macro_f1=86.3955 | prototype_update=no
2026-06-18 09:45:00 | INFO | RUN_MODE=deterministic_smoke_test | dataset=PlantDoc | method=ConvNeXt-Tiny | stage=loader | lr=0.00009457 | val_macro_f1=87.6147 | prototype_update=no
2026-06-18 10:46:00 | INFO | RUN_MODE=deterministic_smoke_test | dataset=PlantDoc | method=ConvNeXt-Tiny | stage=train | lr=0.00006879 | val_macro_f1=86.7251 | prototype_update=no
2026-06-18 12:58:00 | INFO | RUN_MODE=deterministic_smoke_test | dataset=PlantDoc | method=ConvNeXt-Tiny | stage=eval | lr=0.00007091 | val_macro_f1=84.7045 | prototype_update=no
2026-06-18 09:44:00 | INFO | RUN_MODE=deterministic_smoke_test | dataset=PlantDoc | method=Swin-Tiny | stage=loader | lr=0.00005205 | val_macro_f1=90.8358 | prototype_update=no
2026-06-18 12:06:00 | INFO | RUN_MODE=deterministic_smoke_test | dataset=PlantDoc | method=Swin-Tiny | stage=train | lr=0.00009246 | val_macro_f1=88.4521 | prototype_update=no
2026-06-18 12:31:00 | INFO | RUN_MODE=deterministic_smoke_test | dataset=PlantDoc | method=Swin-Tiny | stage=eval | lr=0.00008492 | val_macro_f1=88.8577 | prototype_update=no
2026-06-18 09:18:00 | INFO | RUN_MODE=deterministic_smoke_test | dataset=PlantDoc | method=ConvNeXt+ARM | stage=loader | lr=0.00005252 | val_macro_f1=90.0390 | prototype_update=no
2026-06-18 10:33:00 | INFO | RUN_MODE=deterministic_smoke_test | dataset=PlantDoc | method=ConvNeXt+ARM | stage=train | lr=0.00006112 | val_macro_f1=89.2107 | prototype_update=no
2026-06-18 12:38:00 | INFO | RUN_MODE=deterministic_smoke_test | dataset=PlantDoc | method=ConvNeXt+ARM | stage=eval | lr=0.00007895 | val_macro_f1=87.3624 | prototype_update=no
2026-06-18 09:55:00 | INFO | RUN_MODE=deterministic_smoke_test | dataset=PlantDoc | method=UAMP-Net | stage=loader | lr=0.00008652 | val_macro_f1=93.6921 | prototype_update=no
2026-06-18 11:25:00 | INFO | RUN_MODE=deterministic_smoke_test | dataset=PlantDoc | method=UAMP-Net | stage=train | lr=0.00005460 | val_macro_f1=88.0078 | prototype_update=yes
2026-06-18 13:54:00 | INFO | RUN_MODE=deterministic_smoke_test | dataset=PlantDoc | method=UAMP-Net | stage=eval | lr=0.00006293 | val_macro_f1=90.1691 | prototype_update=no
2026-06-18 09:06:00 | INFO | RUN_MODE=deterministic_smoke_test | dataset=CUB-200-2011 | method=ResNet-50 | stage=loader | lr=0.00008313 | val_macro_f1=90.3403 | prototype_update=no
2026-06-18 11:38:00 | INFO | RUN_MODE=deterministic_smoke_test | dataset=CUB-200-2011 | method=ResNet-50 | stage=train | lr=0.00007000 | val_macro_f1=86.1236 | prototype_update=no
2026-06-18 12:41:00 | INFO | RUN_MODE=deterministic_smoke_test | dataset=CUB-200-2011 | method=ResNet-50 | stage=eval | lr=0.00005254 | val_macro_f1=85.3600 | prototype_update=no
2026-06-18 09:46:00 | INFO | RUN_MODE=deterministic_smoke_test | dataset=CUB-200-2011 | method=EfficientNet-B3 | stage=loader | lr=0.00009715 | val_macro_f1=90.7448 | prototype_update=no
2026-06-18 11:03:00 | INFO | RUN_MODE=deterministic_smoke_test | dataset=CUB-200-2011 | method=EfficientNet-B3 | stage=train | lr=0.00006579 | val_macro_f1=87.1463 | prototype_update=no
2026-06-18 13:35:00 | INFO | RUN_MODE=deterministic_smoke_test | dataset=CUB-200-2011 | method=EfficientNet-B3 | stage=eval | lr=0.00008519 | val_macro_f1=91.9000 | prototype_update=no
2026-06-18 08:20:00 | INFO | RUN_MODE=deterministic_smoke_test | dataset=CUB-200-2011 | method=ConvNeXt-Tiny | stage=loader | lr=0.00007773 | val_macro_f1=90.8265 | prototype_update=no
2026-06-18 11:27:00 | INFO | RUN_MODE=deterministic_smoke_test | dataset=CUB-200-2011 | method=ConvNeXt-Tiny | stage=train | lr=0.00005051 | val_macro_f1=85.1218 | prototype_update=no
2026-06-18 13:10:00 | INFO | RUN_MODE=deterministic_smoke_test | dataset=CUB-200-2011 | method=ConvNeXt-Tiny | stage=eval | lr=0.00009097 | val_macro_f1=87.6511 | prototype_update=no
2026-06-18 08:59:00 | INFO | RUN_MODE=deterministic_smoke_test | dataset=CUB-200-2011 | method=Swin-Tiny | stage=loader | lr=0.00005447 | val_macro_f1=91.6868 | prototype_update=no
2026-06-18 10:19:00 | INFO | RUN_MODE=deterministic_smoke_test | dataset=CUB-200-2011 | method=Swin-Tiny | stage=train | lr=0.00008355 | val_macro_f1=90.0300 | prototype_update=no
2026-06-18 13:13:00 | INFO | RUN_MODE=deterministic_smoke_test | dataset=CUB-200-2011 | method=Swin-Tiny | stage=eval | lr=0.00008317 | val_macro_f1=84.3979 | prototype_update=no
2026-06-18 09:37:00 | INFO | RUN_MODE=deterministic_smoke_test | dataset=CUB-200-2011 | method=ConvNeXt+ARM | stage=loader | lr=0.00006073 | val_macro_f1=90.6983 | prototype_update=no
2026-06-18 11:50:00 | INFO | RUN_MODE=deterministic_smoke_test | dataset=CUB-200-2011 | method=ConvNeXt+ARM | stage=train | lr=0.00006018 | val_macro_f1=87.6047 | prototype_update=no
2026-06-18 12:45:00 | INFO | RUN_MODE=deterministic_smoke_test | dataset=CUB-200-2011 | method=ConvNeXt+ARM | stage=eval | lr=0.00009918 | val_macro_f1=87.9529 | prototype_update=no
2026-06-18 09:02:00 | INFO | RUN_MODE=deterministic_smoke_test | dataset=CUB-200-2011 | method=UAMP-Net | stage=loader | lr=0.00006552 | val_macro_f1=86.4428 | prototype_update=no
2026-06-18 11:47:00 | INFO | RUN_MODE=deterministic_smoke_test | dataset=CUB-200-2011 | method=UAMP-Net | stage=train | lr=0.00005906 | val_macro_f1=93.2296 | prototype_update=yes
2026-06-18 12:29:00 | INFO | RUN_MODE=deterministic_smoke_test | dataset=CUB-200-2011 | method=UAMP-Net | stage=eval | lr=0.00006600 | val_macro_f1=91.4018 | prototype_update=no
2026-06-19 09:35:00 | INFO | RUN_MODE=deterministic_smoke_test | dataset=PlantVillage | method=ResNet-50 | stage=loader | lr=0.00007078 | val_macro_f1=90.1371 | prototype_update=no
2026-06-19 12:08:00 | INFO | RUN_MODE=deterministic_smoke_test | dataset=PlantVillage | method=ResNet-50 | stage=train | lr=0.00006449 | val_macro_f1=89.8040 | prototype_update=no
2026-06-19 13:22:00 | INFO | RUN_MODE=deterministic_smoke_test | dataset=PlantVillage | method=ResNet-50 | stage=eval | lr=0.00007407 | val_macro_f1=84.0701 | prototype_update=no
2026-06-19 08:32:00 | INFO | RUN_MODE=deterministic_smoke_test | dataset=PlantVillage | method=EfficientNet-B3 | stage=loader | lr=0.00008905 | val_macro_f1=85.0696 | prototype_update=no
2026-06-19 11:22:00 | INFO | RUN_MODE=deterministic_smoke_test | dataset=PlantVillage | method=EfficientNet-B3 | stage=train | lr=0.00008369 | val_macro_f1=86.0817 | prototype_update=no
2026-06-19 12:48:00 | INFO | RUN_MODE=deterministic_smoke_test | dataset=PlantVillage | method=EfficientNet-B3 | stage=eval | lr=0.00009890 | val_macro_f1=85.2493 | prototype_update=no
2026-06-19 10:01:00 | INFO | RUN_MODE=deterministic_smoke_test | dataset=PlantVillage | method=ConvNeXt-Tiny | stage=loader | lr=0.00008574 | val_macro_f1=90.4097 | prototype_update=no
2026-06-19 11:47:00 | INFO | RUN_MODE=deterministic_smoke_test | dataset=PlantVillage | method=ConvNeXt-Tiny | stage=train | lr=0.00007682 | val_macro_f1=87.1072 | prototype_update=no
2026-06-19 12:57:00 | INFO | RUN_MODE=deterministic_smoke_test | dataset=PlantVillage | method=ConvNeXt-Tiny | stage=eval | lr=0.00008798 | val_macro_f1=87.4283 | prototype_update=no
2026-06-19 09:00:00 | INFO | RUN_MODE=deterministic_smoke_test | dataset=PlantVillage | method=Swin-Tiny | stage=loader | lr=0.00009328 | val_macro_f1=91.7649 | prototype_update=no
2026-06-19 10:43:00 | INFO | RUN_MODE=deterministic_smoke_test | dataset=PlantVillage | method=Swin-Tiny | stage=train | lr=0.00008593 | val_macro_f1=84.8211 | prototype_update=no
2026-06-19 13:28:00 | INFO | RUN_MODE=deterministic_smoke_test | dataset=PlantVillage | method=Swin-Tiny | stage=eval | lr=0.00005053 | val_macro_f1=84.2213 | prototype_update=no
2026-06-19 08:57:00 | INFO | RUN_MODE=deterministic_smoke_test | dataset=PlantVillage | method=ConvNeXt+ARM | stage=loader | lr=0.00005679 | val_macro_f1=91.3772 | prototype_update=no
2026-06-19 10:56:00 | INFO | RUN_MODE=deterministic_smoke_test | dataset=PlantVillage | method=ConvNeXt+ARM | stage=train | lr=0.00005565 | val_macro_f1=86.7331 | prototype_update=no
2026-06-19 12:41:00 | INFO | RUN_MODE=deterministic_smoke_test | dataset=PlantVillage | method=ConvNeXt+ARM | stage=eval | lr=0.00005439 | val_macro_f1=90.8496 | prototype_update=no
2026-06-19 10:07:00 | INFO | RUN_MODE=deterministic_smoke_test | dataset=PlantVillage | method=UAMP-Net | stage=loader | lr=0.00007968 | val_macro_f1=91.4791 | prototype_update=no
2026-06-19 10:27:00 | INFO | RUN_MODE=deterministic_smoke_test | dataset=PlantVillage | method=UAMP-Net | stage=train | lr=0.00005210 | val_macro_f1=91.8394 | prototype_update=yes
2026-06-19 12:27:00 | INFO | RUN_MODE=deterministic_smoke_test | dataset=PlantVillage | method=UAMP-Net | stage=eval | lr=0.00006601 | val_macro_f1=89.6748 | prototype_update=no
2026-06-19 09:59:00 | INFO | RUN_MODE=deterministic_smoke_test | dataset=PlantDoc | method=ResNet-50 | stage=loader | lr=0.00009431 | val_macro_f1=90.7555 | prototype_update=no
2026-06-19 10:27:00 | INFO | RUN_MODE=deterministic_smoke_test | dataset=PlantDoc | method=ResNet-50 | stage=train | lr=0.00009679 | val_macro_f1=91.1556 | prototype_update=no
2026-06-19 13:28:00 | INFO | RUN_MODE=deterministic_smoke_test | dataset=PlantDoc | method=ResNet-50 | stage=eval | lr=0.00005515 | val_macro_f1=89.9555 | prototype_update=no
2026-06-19 09:06:00 | INFO | RUN_MODE=deterministic_smoke_test | dataset=PlantDoc | method=EfficientNet-B3 | stage=loader | lr=0.00008553 | val_macro_f1=90.8438 | prototype_update=no
2026-06-19 11:25:00 | INFO | RUN_MODE=deterministic_smoke_test | dataset=PlantDoc | method=EfficientNet-B3 | stage=train | lr=0.00009388 | val_macro_f1=88.2895 | prototype_update=no
2026-06-19 12:54:00 | INFO | RUN_MODE=deterministic_smoke_test | dataset=PlantDoc | method=EfficientNet-B3 | stage=eval | lr=0.00005688 | val_macro_f1=89.4181 | prototype_update=no
2026-06-19 08:31:00 | INFO | RUN_MODE=deterministic_smoke_test | dataset=PlantDoc | method=ConvNeXt-Tiny | stage=loader | lr=0.00006181 | val_macro_f1=86.3029 | prototype_update=no
2026-06-19 10:57:00 | INFO | RUN_MODE=deterministic_smoke_test | dataset=PlantDoc | method=ConvNeXt-Tiny | stage=train | lr=0.00009676 | val_macro_f1=84.2154 | prototype_update=no
2026-06-19 13:04:00 | INFO | RUN_MODE=deterministic_smoke_test | dataset=PlantDoc | method=ConvNeXt-Tiny | stage=eval | lr=0.00005467 | val_macro_f1=84.6462 | prototype_update=no
2026-06-19 10:02:00 | INFO | RUN_MODE=deterministic_smoke_test | dataset=PlantDoc | method=Swin-Tiny | stage=loader | lr=0.00006919 | val_macro_f1=85.1845 | prototype_update=no
2026-06-19 10:53:00 | INFO | RUN_MODE=deterministic_smoke_test | dataset=PlantDoc | method=Swin-Tiny | stage=train | lr=0.00006010 | val_macro_f1=85.9576 | prototype_update=no
2026-06-19 14:10:00 | INFO | RUN_MODE=deterministic_smoke_test | dataset=PlantDoc | method=Swin-Tiny | stage=eval | lr=0.00007919 | val_macro_f1=88.1983 | prototype_update=no
2026-06-19 08:57:00 | INFO | RUN_MODE=deterministic_smoke_test | dataset=PlantDoc | method=ConvNeXt+ARM | stage=loader | lr=0.00009376 | val_macro_f1=84.4417 | prototype_update=no
2026-06-19 12:03:00 | INFO | RUN_MODE=deterministic_smoke_test | dataset=PlantDoc | method=ConvNeXt+ARM | stage=train | lr=0.00009465 | val_macro_f1=84.0040 | prototype_update=no
2026-06-19 13:15:00 | INFO | RUN_MODE=deterministic_smoke_test | dataset=PlantDoc | method=ConvNeXt+ARM | stage=eval | lr=0.00006321 | val_macro_f1=88.5933 | prototype_update=no
2026-06-19 08:22:00 | INFO | RUN_MODE=deterministic_smoke_test | dataset=PlantDoc | method=UAMP-Net | stage=loader | lr=0.00005195 | val_macro_f1=87.0061 | prototype_update=no
2026-06-19 11:47:00 | INFO | RUN_MODE=deterministic_smoke_test | dataset=PlantDoc | method=UAMP-Net | stage=train | lr=0.00005797 | val_macro_f1=88.0412 | prototype_update=yes
2026-06-19 12:51:00 | INFO | RUN_MODE=deterministic_smoke_test | dataset=PlantDoc | method=UAMP-Net | stage=eval | lr=0.00008334 | val_macro_f1=93.0271 | prototype_update=no
2026-06-19 08:55:00 | INFO | RUN_MODE=deterministic_smoke_test | dataset=CUB-200-2011 | method=ResNet-50 | stage=loader | lr=0.00008531 | val_macro_f1=84.1130 | prototype_update=no
2026-06-19 11:18:00 | INFO | RUN_MODE=deterministic_smoke_test | dataset=CUB-200-2011 | method=ResNet-50 | stage=train | lr=0.00005436 | val_macro_f1=84.9507 | prototype_update=no
2026-06-19 13:51:00 | INFO | RUN_MODE=deterministic_smoke_test | dataset=CUB-200-2011 | method=ResNet-50 | stage=eval | lr=0.00006164 | val_macro_f1=89.5540 | prototype_update=no
2026-06-19 09:47:00 | INFO | RUN_MODE=deterministic_smoke_test | dataset=CUB-200-2011 | method=EfficientNet-B3 | stage=loader | lr=0.00009298 | val_macro_f1=84.3605 | prototype_update=no
2026-06-19 11:32:00 | INFO | RUN_MODE=deterministic_smoke_test | dataset=CUB-200-2011 | method=EfficientNet-B3 | stage=train | lr=0.00005347 | val_macro_f1=90.7676 | prototype_update=no
2026-06-19 13:01:00 | INFO | RUN_MODE=deterministic_smoke_test | dataset=CUB-200-2011 | method=EfficientNet-B3 | stage=eval | lr=0.00006291 | val_macro_f1=90.7319 | prototype_update=no
2026-06-19 10:03:00 | INFO | RUN_MODE=deterministic_smoke_test | dataset=CUB-200-2011 | method=ConvNeXt-Tiny | stage=loader | lr=0.00007638 | val_macro_f1=89.3905 | prototype_update=no
2026-06-19 11:49:00 | INFO | RUN_MODE=deterministic_smoke_test | dataset=CUB-200-2011 | method=ConvNeXt-Tiny | stage=train | lr=0.00007586 | val_macro_f1=89.2163 | prototype_update=no
2026-06-19 12:44:00 | INFO | RUN_MODE=deterministic_smoke_test | dataset=CUB-200-2011 | method=ConvNeXt-Tiny | stage=eval | lr=0.00009117 | val_macro_f1=86.6363 | prototype_update=no
2026-06-19 08:29:00 | INFO | RUN_MODE=deterministic_smoke_test | dataset=CUB-200-2011 | method=Swin-Tiny | stage=loader | lr=0.00007907 | val_macro_f1=91.1206 | prototype_update=no
2026-06-19 11:09:00 | INFO | RUN_MODE=deterministic_smoke_test | dataset=CUB-200-2011 | method=Swin-Tiny | stage=train | lr=0.00006210 | val_macro_f1=91.2656 | prototype_update=no
2026-06-19 14:11:00 | INFO | RUN_MODE=deterministic_smoke_test | dataset=CUB-200-2011 | method=Swin-Tiny | stage=eval | lr=0.00006784 | val_macro_f1=89.8751 | prototype_update=no
2026-06-19 08:38:00 | INFO | RUN_MODE=deterministic_smoke_test | dataset=CUB-200-2011 | method=ConvNeXt+ARM | stage=loader | lr=0.00009096 | val_macro_f1=91.7233 | prototype_update=no
2026-06-19 10:55:00 | INFO | RUN_MODE=deterministic_smoke_test | dataset=CUB-200-2011 | method=ConvNeXt+ARM | stage=train | lr=0.00005290 | val_macro_f1=85.1510 | prototype_update=no
2026-06-19 12:22:00 | INFO | RUN_MODE=deterministic_smoke_test | dataset=CUB-200-2011 | method=ConvNeXt+ARM | stage=eval | lr=0.00006090 | val_macro_f1=84.3212 | prototype_update=no
2026-06-19 08:22:00 | INFO | RUN_MODE=deterministic_smoke_test | dataset=CUB-200-2011 | method=UAMP-Net | stage=loader | lr=0.00005074 | val_macro_f1=86.0722 | prototype_update=no
2026-06-19 10:33:00 | INFO | RUN_MODE=deterministic_smoke_test | dataset=CUB-200-2011 | method=UAMP-Net | stage=train | lr=0.00009857 | val_macro_f1=92.9287 | prototype_update=yes
2026-06-19 13:57:00 | INFO | RUN_MODE=deterministic_smoke_test | dataset=CUB-200-2011 | method=UAMP-Net | stage=eval | lr=0.00005374 | val_macro_f1=86.7144 | prototype_update=no
2026-06-20 09:59:00 | INFO | RUN_MODE=deterministic_smoke_test | dataset=PlantVillage | method=ResNet-50 | stage=loader | lr=0.00006703 | val_macro_f1=89.3178 | prototype_update=no
2026-06-20 11:03:00 | INFO | RUN_MODE=deterministic_smoke_test | dataset=PlantVillage | method=ResNet-50 | stage=train | lr=0.00009849 | val_macro_f1=88.9746 | prototype_update=no
2026-06-20 12:31:00 | INFO | RUN_MODE=deterministic_smoke_test | dataset=PlantVillage | method=ResNet-50 | stage=eval | lr=0.00005056 | val_macro_f1=84.6824 | prototype_update=no
2026-06-20 08:38:00 | INFO | RUN_MODE=deterministic_smoke_test | dataset=PlantVillage | method=EfficientNet-B3 | stage=loader | lr=0.00008583 | val_macro_f1=89.9794 | prototype_update=no
2026-06-20 12:06:00 | INFO | RUN_MODE=deterministic_smoke_test | dataset=PlantVillage | method=EfficientNet-B3 | stage=train | lr=0.00009755 | val_macro_f1=90.4679 | prototype_update=no
2026-06-20 12:42:00 | INFO | RUN_MODE=deterministic_smoke_test | dataset=PlantVillage | method=EfficientNet-B3 | stage=eval | lr=0.00008038 | val_macro_f1=87.1367 | prototype_update=no
2026-06-20 08:50:00 | INFO | RUN_MODE=deterministic_smoke_test | dataset=PlantVillage | method=ConvNeXt-Tiny | stage=loader | lr=0.00006882 | val_macro_f1=84.6779 | prototype_update=no
2026-06-20 11:22:00 | INFO | RUN_MODE=deterministic_smoke_test | dataset=PlantVillage | method=ConvNeXt-Tiny | stage=train | lr=0.00008433 | val_macro_f1=91.9673 | prototype_update=no
2026-06-20 12:40:00 | INFO | RUN_MODE=deterministic_smoke_test | dataset=PlantVillage | method=ConvNeXt-Tiny | stage=eval | lr=0.00006394 | val_macro_f1=90.4552 | prototype_update=no
2026-06-20 08:50:00 | INFO | RUN_MODE=deterministic_smoke_test | dataset=PlantVillage | method=Swin-Tiny | stage=loader | lr=0.00007814 | val_macro_f1=90.0057 | prototype_update=no
2026-06-20 11:52:00 | INFO | RUN_MODE=deterministic_smoke_test | dataset=PlantVillage | method=Swin-Tiny | stage=train | lr=0.00005560 | val_macro_f1=85.5103 | prototype_update=no
2026-06-20 12:44:00 | INFO | RUN_MODE=deterministic_smoke_test | dataset=PlantVillage | method=Swin-Tiny | stage=eval | lr=0.00008540 | val_macro_f1=89.6849 | prototype_update=no
2026-06-20 09:23:00 | INFO | RUN_MODE=deterministic_smoke_test | dataset=PlantVillage | method=ConvNeXt+ARM | stage=loader | lr=0.00007320 | val_macro_f1=84.7740 | prototype_update=no
2026-06-20 11:34:00 | INFO | RUN_MODE=deterministic_smoke_test | dataset=PlantVillage | method=ConvNeXt+ARM | stage=train | lr=0.00009199 | val_macro_f1=84.4995 | prototype_update=no
2026-06-20 12:26:00 | INFO | RUN_MODE=deterministic_smoke_test | dataset=PlantVillage | method=ConvNeXt+ARM | stage=eval | lr=0.00008597 | val_macro_f1=88.1200 | prototype_update=no
2026-06-20 09:24:00 | INFO | RUN_MODE=deterministic_smoke_test | dataset=PlantVillage | method=UAMP-Net | stage=loader | lr=0.00006019 | val_macro_f1=92.9330 | prototype_update=no
2026-06-20 10:36:00 | INFO | RUN_MODE=deterministic_smoke_test | dataset=PlantVillage | method=UAMP-Net | stage=train | lr=0.00009847 | val_macro_f1=92.7601 | prototype_update=yes
2026-06-20 13:40:00 | INFO | RUN_MODE=deterministic_smoke_test | dataset=PlantVillage | method=UAMP-Net | stage=eval | lr=0.00006704 | val_macro_f1=88.4471 | prototype_update=no
2026-06-20 09:12:00 | INFO | RUN_MODE=deterministic_smoke_test | dataset=PlantDoc | method=ResNet-50 | stage=loader | lr=0.00007891 | val_macro_f1=86.0342 | prototype_update=no
2026-06-20 11:33:00 | INFO | RUN_MODE=deterministic_smoke_test | dataset=PlantDoc | method=ResNet-50 | stage=train | lr=0.00008593 | val_macro_f1=86.7894 | prototype_update=no
2026-06-20 13:10:00 | INFO | RUN_MODE=deterministic_smoke_test | dataset=PlantDoc | method=ResNet-50 | stage=eval | lr=0.00007732 | val_macro_f1=91.4642 | prototype_update=no
2026-06-20 10:11:00 | INFO | RUN_MODE=deterministic_smoke_test | dataset=PlantDoc | method=EfficientNet-B3 | stage=loader | lr=0.00009999 | val_macro_f1=87.0683 | prototype_update=no
2026-06-20 11:58:00 | INFO | RUN_MODE=deterministic_smoke_test | dataset=PlantDoc | method=EfficientNet-B3 | stage=train | lr=0.00007509 | val_macro_f1=88.2753 | prototype_update=no
2026-06-20 13:01:00 | INFO | RUN_MODE=deterministic_smoke_test | dataset=PlantDoc | method=EfficientNet-B3 | stage=eval | lr=0.00009828 | val_macro_f1=91.5104 | prototype_update=no
2026-06-20 09:47:00 | INFO | RUN_MODE=deterministic_smoke_test | dataset=PlantDoc | method=ConvNeXt-Tiny | stage=loader | lr=0.00008088 | val_macro_f1=91.1256 | prototype_update=no
2026-06-20 11:57:00 | INFO | RUN_MODE=deterministic_smoke_test | dataset=PlantDoc | method=ConvNeXt-Tiny | stage=train | lr=0.00009754 | val_macro_f1=84.6650 | prototype_update=no
2026-06-20 13:13:00 | INFO | RUN_MODE=deterministic_smoke_test | dataset=PlantDoc | method=ConvNeXt-Tiny | stage=eval | lr=0.00007648 | val_macro_f1=89.4152 | prototype_update=no
2026-06-20 09:58:00 | INFO | RUN_MODE=deterministic_smoke_test | dataset=PlantDoc | method=Swin-Tiny | stage=loader | lr=0.00007110 | val_macro_f1=85.9658 | prototype_update=no
2026-06-20 10:24:00 | INFO | RUN_MODE=deterministic_smoke_test | dataset=PlantDoc | method=Swin-Tiny | stage=train | lr=0.00005282 | val_macro_f1=91.6826 | prototype_update=no
2026-06-20 13:12:00 | INFO | RUN_MODE=deterministic_smoke_test | dataset=PlantDoc | method=Swin-Tiny | stage=eval | lr=0.00005259 | val_macro_f1=91.9491 | prototype_update=no
2026-06-20 09:05:00 | INFO | RUN_MODE=deterministic_smoke_test | dataset=PlantDoc | method=ConvNeXt+ARM | stage=loader | lr=0.00009702 | val_macro_f1=87.9897 | prototype_update=no
2026-06-20 10:21:00 | INFO | RUN_MODE=deterministic_smoke_test | dataset=PlantDoc | method=ConvNeXt+ARM | stage=train | lr=0.00005847 | val_macro_f1=87.3703 | prototype_update=no
2026-06-20 13:49:00 | INFO | RUN_MODE=deterministic_smoke_test | dataset=PlantDoc | method=ConvNeXt+ARM | stage=eval | lr=0.00008618 | val_macro_f1=91.9224 | prototype_update=no
2026-06-20 09:19:00 | INFO | RUN_MODE=deterministic_smoke_test | dataset=PlantDoc | method=UAMP-Net | stage=loader | lr=0.00006947 | val_macro_f1=88.6980 | prototype_update=no
2026-06-20 11:53:00 | INFO | RUN_MODE=deterministic_smoke_test | dataset=PlantDoc | method=UAMP-Net | stage=train | lr=0.00009405 | val_macro_f1=93.7616 | prototype_update=yes
2026-06-20 12:24:00 | INFO | RUN_MODE=deterministic_smoke_test | dataset=PlantDoc | method=UAMP-Net | stage=eval | lr=0.00007982 | val_macro_f1=90.3383 | prototype_update=no
2026-06-20 08:26:00 | INFO | RUN_MODE=deterministic_smoke_test | dataset=CUB-200-2011 | method=ResNet-50 | stage=loader | lr=0.00006864 | val_macro_f1=89.4639 | prototype_update=no
2026-06-20 10:58:00 | INFO | RUN_MODE=deterministic_smoke_test | dataset=CUB-200-2011 | method=ResNet-50 | stage=train | lr=0.00009383 | val_macro_f1=91.9926 | prototype_update=no
2026-06-20 12:54:00 | INFO | RUN_MODE=deterministic_smoke_test | dataset=CUB-200-2011 | method=ResNet-50 | stage=eval | lr=0.00007031 | val_macro_f1=86.4146 | prototype_update=no
2026-06-20 09:26:00 | INFO | RUN_MODE=deterministic_smoke_test | dataset=CUB-200-2011 | method=EfficientNet-B3 | stage=loader | lr=0.00007387 | val_macro_f1=86.5544 | prototype_update=no
2026-06-20 10:15:00 | INFO | RUN_MODE=deterministic_smoke_test | dataset=CUB-200-2011 | method=EfficientNet-B3 | stage=train | lr=0.00005860 | val_macro_f1=85.9233 | prototype_update=no
2026-06-20 14:10:00 | INFO | RUN_MODE=deterministic_smoke_test | dataset=CUB-200-2011 | method=EfficientNet-B3 | stage=eval | lr=0.00008271 | val_macro_f1=85.5066 | prototype_update=no
2026-06-20 09:28:00 | INFO | RUN_MODE=deterministic_smoke_test | dataset=CUB-200-2011 | method=ConvNeXt-Tiny | stage=loader | lr=0.00006876 | val_macro_f1=86.2342 | prototype_update=no
2026-06-20 12:04:00 | INFO | RUN_MODE=deterministic_smoke_test | dataset=CUB-200-2011 | method=ConvNeXt-Tiny | stage=train | lr=0.00007481 | val_macro_f1=90.4346 | prototype_update=no
2026-06-20 13:56:00 | INFO | RUN_MODE=deterministic_smoke_test | dataset=CUB-200-2011 | method=ConvNeXt-Tiny | stage=eval | lr=0.00006126 | val_macro_f1=84.1335 | prototype_update=no
2026-06-20 09:16:00 | INFO | RUN_MODE=deterministic_smoke_test | dataset=CUB-200-2011 | method=Swin-Tiny | stage=loader | lr=0.00006028 | val_macro_f1=90.5952 | prototype_update=no
2026-06-20 11:32:00 | INFO | RUN_MODE=deterministic_smoke_test | dataset=CUB-200-2011 | method=Swin-Tiny | stage=train | lr=0.00007443 | val_macro_f1=91.5097 | prototype_update=no
2026-06-20 13:28:00 | INFO | RUN_MODE=deterministic_smoke_test | dataset=CUB-200-2011 | method=Swin-Tiny | stage=eval | lr=0.00009203 | val_macro_f1=91.1895 | prototype_update=no
2026-06-20 08:56:00 | INFO | RUN_MODE=deterministic_smoke_test | dataset=CUB-200-2011 | method=ConvNeXt+ARM | stage=loader | lr=0.00006105 | val_macro_f1=86.9769 | prototype_update=no
2026-06-20 10:43:00 | INFO | RUN_MODE=deterministic_smoke_test | dataset=CUB-200-2011 | method=ConvNeXt+ARM | stage=train | lr=0.00005951 | val_macro_f1=90.1868 | prototype_update=no
2026-06-20 13:35:00 | INFO | RUN_MODE=deterministic_smoke_test | dataset=CUB-200-2011 | method=ConvNeXt+ARM | stage=eval | lr=0.00006756 | val_macro_f1=87.5068 | prototype_update=no
2026-06-20 08:50:00 | INFO | RUN_MODE=deterministic_smoke_test | dataset=CUB-200-2011 | method=UAMP-Net | stage=loader | lr=0.00005200 | val_macro_f1=90.1917 | prototype_update=no
2026-06-20 11:19:00 | INFO | RUN_MODE=deterministic_smoke_test | dataset=CUB-200-2011 | method=UAMP-Net | stage=train | lr=0.00009014 | val_macro_f1=88.5874 | prototype_update=yes
2026-06-20 12:46:00 | INFO | RUN_MODE=deterministic_smoke_test | dataset=CUB-200-2011 | method=UAMP-Net | stage=eval | lr=0.00007782 | val_macro_f1=88.1235 | prototype_update=no
2026-06-21 08:41:00 | INFO | RUN_MODE=deterministic_smoke_test | dataset=PlantVillage | method=ResNet-50 | stage=loader | lr=0.00007440 | val_macro_f1=89.9434 | prototype_update=no
2026-06-21 10:19:00 | INFO | RUN_MODE=deterministic_smoke_test | dataset=PlantVillage | method=ResNet-50 | stage=train | lr=0.00008527 | val_macro_f1=87.3445 | prototype_update=no
2026-06-21 13:33:00 | INFO | RUN_MODE=deterministic_smoke_test | dataset=PlantVillage | method=ResNet-50 | stage=eval | lr=0.00006439 | val_macro_f1=86.4775 | prototype_update=no
2026-06-21 09:41:00 | INFO | RUN_MODE=deterministic_smoke_test | dataset=PlantVillage | method=EfficientNet-B3 | stage=loader | lr=0.00009548 | val_macro_f1=84.7160 | prototype_update=no
2026-06-21 11:34:00 | INFO | RUN_MODE=deterministic_smoke_test | dataset=PlantVillage | method=EfficientNet-B3 | stage=train | lr=0.00005869 | val_macro_f1=84.4494 | prototype_update=no
2026-06-21 12:47:00 | INFO | RUN_MODE=deterministic_smoke_test | dataset=PlantVillage | method=EfficientNet-B3 | stage=eval | lr=0.00008886 | val_macro_f1=89.2874 | prototype_update=no
2026-06-21 09:39:00 | INFO | RUN_MODE=deterministic_smoke_test | dataset=PlantVillage | method=ConvNeXt-Tiny | stage=loader | lr=0.00006242 | val_macro_f1=86.0957 | prototype_update=no
2026-06-21 11:32:00 | INFO | RUN_MODE=deterministic_smoke_test | dataset=PlantVillage | method=ConvNeXt-Tiny | stage=train | lr=0.00005749 | val_macro_f1=85.4692 | prototype_update=no
2026-06-21 13:44:00 | INFO | RUN_MODE=deterministic_smoke_test | dataset=PlantVillage | method=ConvNeXt-Tiny | stage=eval | lr=0.00005468 | val_macro_f1=85.2735 | prototype_update=no
2026-06-21 08:44:00 | INFO | RUN_MODE=deterministic_smoke_test | dataset=PlantVillage | method=Swin-Tiny | stage=loader | lr=0.00006958 | val_macro_f1=90.9197 | prototype_update=no
2026-06-21 10:31:00 | INFO | RUN_MODE=deterministic_smoke_test | dataset=PlantVillage | method=Swin-Tiny | stage=train | lr=0.00007086 | val_macro_f1=87.8225 | prototype_update=no
2026-06-21 13:44:00 | INFO | RUN_MODE=deterministic_smoke_test | dataset=PlantVillage | method=Swin-Tiny | stage=eval | lr=0.00005271 | val_macro_f1=85.4512 | prototype_update=no
2026-06-21 09:42:00 | INFO | RUN_MODE=deterministic_smoke_test | dataset=PlantVillage | method=ConvNeXt+ARM | stage=loader | lr=0.00006753 | val_macro_f1=86.7905 | prototype_update=no
2026-06-21 11:09:00 | INFO | RUN_MODE=deterministic_smoke_test | dataset=PlantVillage | method=ConvNeXt+ARM | stage=train | lr=0.00008897 | val_macro_f1=87.0248 | prototype_update=no
2026-06-21 12:55:00 | INFO | RUN_MODE=deterministic_smoke_test | dataset=PlantVillage | method=ConvNeXt+ARM | stage=eval | lr=0.00006912 | val_macro_f1=84.3459 | prototype_update=no
2026-06-21 10:05:00 | INFO | RUN_MODE=deterministic_smoke_test | dataset=PlantVillage | method=UAMP-Net | stage=loader | lr=0.00005056 | val_macro_f1=89.2502 | prototype_update=no
2026-06-21 11:22:00 | INFO | RUN_MODE=deterministic_smoke_test | dataset=PlantVillage | method=UAMP-Net | stage=train | lr=0.00008432 | val_macro_f1=86.4300 | prototype_update=yes
2026-06-21 13:55:00 | INFO | RUN_MODE=deterministic_smoke_test | dataset=PlantVillage | method=UAMP-Net | stage=eval | lr=0.00009706 | val_macro_f1=88.2296 | prototype_update=no
2026-06-21 08:49:00 | INFO | RUN_MODE=deterministic_smoke_test | dataset=PlantDoc | method=ResNet-50 | stage=loader | lr=0.00008158 | val_macro_f1=90.9482 | prototype_update=no
2026-06-21 11:34:00 | INFO | RUN_MODE=deterministic_smoke_test | dataset=PlantDoc | method=ResNet-50 | stage=train | lr=0.00008657 | val_macro_f1=90.6164 | prototype_update=no
2026-06-21 12:40:00 | INFO | RUN_MODE=deterministic_smoke_test | dataset=PlantDoc | method=ResNet-50 | stage=eval | lr=0.00008449 | val_macro_f1=85.5992 | prototype_update=no
2026-06-21 09:50:00 | INFO | RUN_MODE=deterministic_smoke_test | dataset=PlantDoc | method=EfficientNet-B3 | stage=loader | lr=0.00007280 | val_macro_f1=84.3539 | prototype_update=no
2026-06-21 10:15:00 | INFO | RUN_MODE=deterministic_smoke_test | dataset=PlantDoc | method=EfficientNet-B3 | stage=train | lr=0.00009204 | val_macro_f1=87.6827 | prototype_update=no
2026-06-21 13:31:00 | INFO | RUN_MODE=deterministic_smoke_test | dataset=PlantDoc | method=EfficientNet-B3 | stage=eval | lr=0.00007631 | val_macro_f1=86.1000 | prototype_update=no
2026-06-21 08:29:00 | INFO | RUN_MODE=deterministic_smoke_test | dataset=PlantDoc | method=ConvNeXt-Tiny | stage=loader | lr=0.00009726 | val_macro_f1=89.8568 | prototype_update=no
2026-06-21 11:53:00 | INFO | RUN_MODE=deterministic_smoke_test | dataset=PlantDoc | method=ConvNeXt-Tiny | stage=train | lr=0.00009779 | val_macro_f1=91.7624 | prototype_update=no
2026-06-21 12:20:00 | INFO | RUN_MODE=deterministic_smoke_test | dataset=PlantDoc | method=ConvNeXt-Tiny | stage=eval | lr=0.00005413 | val_macro_f1=87.7153 | prototype_update=no
2026-06-21 08:53:00 | INFO | RUN_MODE=deterministic_smoke_test | dataset=PlantDoc | method=Swin-Tiny | stage=loader | lr=0.00006386 | val_macro_f1=85.3007 | prototype_update=no
2026-06-21 10:19:00 | INFO | RUN_MODE=deterministic_smoke_test | dataset=PlantDoc | method=Swin-Tiny | stage=train | lr=0.00007918 | val_macro_f1=90.4935 | prototype_update=no
2026-06-21 13:53:00 | INFO | RUN_MODE=deterministic_smoke_test | dataset=PlantDoc | method=Swin-Tiny | stage=eval | lr=0.00009803 | val_macro_f1=84.8846 | prototype_update=no
2026-06-21 08:50:00 | INFO | RUN_MODE=deterministic_smoke_test | dataset=PlantDoc | method=ConvNeXt+ARM | stage=loader | lr=0.00007671 | val_macro_f1=90.8080 | prototype_update=no
2026-06-21 10:39:00 | INFO | RUN_MODE=deterministic_smoke_test | dataset=PlantDoc | method=ConvNeXt+ARM | stage=train | lr=0.00009024 | val_macro_f1=85.5515 | prototype_update=no
2026-06-21 12:45:00 | INFO | RUN_MODE=deterministic_smoke_test | dataset=PlantDoc | method=ConvNeXt+ARM | stage=eval | lr=0.00005827 | val_macro_f1=88.1383 | prototype_update=no
2026-06-21 09:00:00 | INFO | RUN_MODE=deterministic_smoke_test | dataset=PlantDoc | method=UAMP-Net | stage=loader | lr=0.00006645 | val_macro_f1=88.1259 | prototype_update=no
2026-06-21 10:46:00 | INFO | RUN_MODE=deterministic_smoke_test | dataset=PlantDoc | method=UAMP-Net | stage=train | lr=0.00005115 | val_macro_f1=86.0159 | prototype_update=yes
2026-06-21 12:23:00 | INFO | RUN_MODE=deterministic_smoke_test | dataset=PlantDoc | method=UAMP-Net | stage=eval | lr=0.00009304 | val_macro_f1=92.9535 | prototype_update=no
2026-06-21 09:29:00 | INFO | RUN_MODE=deterministic_smoke_test | dataset=CUB-200-2011 | method=ResNet-50 | stage=loader | lr=0.00007871 | val_macro_f1=89.7399 | prototype_update=no
2026-06-21 10:56:00 | INFO | RUN_MODE=deterministic_smoke_test | dataset=CUB-200-2011 | method=ResNet-50 | stage=train | lr=0.00009101 | val_macro_f1=91.1068 | prototype_update=no
2026-06-21 12:42:00 | INFO | RUN_MODE=deterministic_smoke_test | dataset=CUB-200-2011 | method=ResNet-50 | stage=eval | lr=0.00009180 | val_macro_f1=89.5142 | prototype_update=no
2026-06-21 08:28:00 | INFO | RUN_MODE=deterministic_smoke_test | dataset=CUB-200-2011 | method=EfficientNet-B3 | stage=loader | lr=0.00006807 | val_macro_f1=86.9161 | prototype_update=no
2026-06-21 10:57:00 | INFO | RUN_MODE=deterministic_smoke_test | dataset=CUB-200-2011 | method=EfficientNet-B3 | stage=train | lr=0.00008622 | val_macro_f1=89.5625 | prototype_update=no
2026-06-21 12:48:00 | INFO | RUN_MODE=deterministic_smoke_test | dataset=CUB-200-2011 | method=EfficientNet-B3 | stage=eval | lr=0.00006059 | val_macro_f1=84.9532 | prototype_update=no
2026-06-21 09:28:00 | INFO | RUN_MODE=deterministic_smoke_test | dataset=CUB-200-2011 | method=ConvNeXt-Tiny | stage=loader | lr=0.00008346 | val_macro_f1=87.4474 | prototype_update=no
2026-06-21 10:17:00 | INFO | RUN_MODE=deterministic_smoke_test | dataset=CUB-200-2011 | method=ConvNeXt-Tiny | stage=train | lr=0.00009017 | val_macro_f1=87.0626 | prototype_update=no
2026-06-21 12:19:00 | INFO | RUN_MODE=deterministic_smoke_test | dataset=CUB-200-2011 | method=ConvNeXt-Tiny | stage=eval | lr=0.00006477 | val_macro_f1=87.1774 | prototype_update=no
2026-06-21 10:13:00 | INFO | RUN_MODE=deterministic_smoke_test | dataset=CUB-200-2011 | method=Swin-Tiny | stage=loader | lr=0.00008308 | val_macro_f1=87.2119 | prototype_update=no
2026-06-21 10:27:00 | INFO | RUN_MODE=deterministic_smoke_test | dataset=CUB-200-2011 | method=Swin-Tiny | stage=train | lr=0.00009518 | val_macro_f1=85.2260 | prototype_update=no
2026-06-21 14:00:00 | INFO | RUN_MODE=deterministic_smoke_test | dataset=CUB-200-2011 | method=Swin-Tiny | stage=eval | lr=0.00009613 | val_macro_f1=88.5750 | prototype_update=no
2026-06-21 09:17:00 | INFO | RUN_MODE=deterministic_smoke_test | dataset=CUB-200-2011 | method=ConvNeXt+ARM | stage=loader | lr=0.00007549 | val_macro_f1=87.1503 | prototype_update=no
2026-06-21 11:58:00 | INFO | RUN_MODE=deterministic_smoke_test | dataset=CUB-200-2011 | method=ConvNeXt+ARM | stage=train | lr=0.00007035 | val_macro_f1=86.2619 | prototype_update=no
2026-06-21 12:16:00 | INFO | RUN_MODE=deterministic_smoke_test | dataset=CUB-200-2011 | method=ConvNeXt+ARM | stage=eval | lr=0.00006803 | val_macro_f1=85.3877 | prototype_update=no
2026-06-21 09:49:00 | INFO | RUN_MODE=deterministic_smoke_test | dataset=CUB-200-2011 | method=UAMP-Net | stage=loader | lr=0.00007392 | val_macro_f1=88.6698 | prototype_update=no
2026-06-21 10:59:00 | INFO | RUN_MODE=deterministic_smoke_test | dataset=CUB-200-2011 | method=UAMP-Net | stage=train | lr=0.00007702 | val_macro_f1=92.5347 | prototype_update=yes
2026-06-21 14:06:00 | INFO | RUN_MODE=deterministic_smoke_test | dataset=CUB-200-2011 | method=UAMP-Net | stage=eval | lr=0.00005134 | val_macro_f1=93.9297 | prototype_update=no
2026-06-22 09:29:00 | INFO | RUN_MODE=deterministic_smoke_test | dataset=PlantVillage | method=ResNet-50 | stage=loader | lr=0.00009817 | val_macro_f1=86.4554 | prototype_update=no
2026-06-22 10:48:00 | INFO | RUN_MODE=deterministic_smoke_test | dataset=PlantVillage | method=ResNet-50 | stage=train | lr=0.00009791 | val_macro_f1=91.5054 | prototype_update=no
2026-06-22 13:11:00 | INFO | RUN_MODE=deterministic_smoke_test | dataset=PlantVillage | method=ResNet-50 | stage=eval | lr=0.00005256 | val_macro_f1=90.8980 | prototype_update=no
2026-06-22 10:12:00 | INFO | RUN_MODE=deterministic_smoke_test | dataset=PlantVillage | method=EfficientNet-B3 | stage=loader | lr=0.00006639 | val_macro_f1=90.5090 | prototype_update=no
2026-06-22 10:26:00 | INFO | RUN_MODE=deterministic_smoke_test | dataset=PlantVillage | method=EfficientNet-B3 | stage=train | lr=0.00007696 | val_macro_f1=85.1869 | prototype_update=no
2026-06-22 13:37:00 | INFO | RUN_MODE=deterministic_smoke_test | dataset=PlantVillage | method=EfficientNet-B3 | stage=eval | lr=0.00008614 | val_macro_f1=85.1403 | prototype_update=no
2026-06-22 08:48:00 | INFO | RUN_MODE=deterministic_smoke_test | dataset=PlantVillage | method=ConvNeXt-Tiny | stage=loader | lr=0.00007533 | val_macro_f1=84.7257 | prototype_update=no
2026-06-22 10:47:00 | INFO | RUN_MODE=deterministic_smoke_test | dataset=PlantVillage | method=ConvNeXt-Tiny | stage=train | lr=0.00005894 | val_macro_f1=86.2087 | prototype_update=no
2026-06-22 14:09:00 | INFO | RUN_MODE=deterministic_smoke_test | dataset=PlantVillage | method=ConvNeXt-Tiny | stage=eval | lr=0.00007738 | val_macro_f1=86.7484 | prototype_update=no
2026-06-22 08:53:00 | INFO | RUN_MODE=deterministic_smoke_test | dataset=PlantVillage | method=Swin-Tiny | stage=loader | lr=0.00006113 | val_macro_f1=85.2134 | prototype_update=no
2026-06-22 11:11:00 | INFO | RUN_MODE=deterministic_smoke_test | dataset=PlantVillage | method=Swin-Tiny | stage=train | lr=0.00008301 | val_macro_f1=85.9634 | prototype_update=no
2026-06-22 13:24:00 | INFO | RUN_MODE=deterministic_smoke_test | dataset=PlantVillage | method=Swin-Tiny | stage=eval | lr=0.00007617 | val_macro_f1=89.2194 | prototype_update=no
2026-06-22 08:23:00 | INFO | RUN_MODE=deterministic_smoke_test | dataset=PlantVillage | method=ConvNeXt+ARM | stage=loader | lr=0.00007585 | val_macro_f1=87.8800 | prototype_update=no
2026-06-22 11:56:00 | INFO | RUN_MODE=deterministic_smoke_test | dataset=PlantVillage | method=ConvNeXt+ARM | stage=train | lr=0.00008277 | val_macro_f1=84.6103 | prototype_update=no
2026-06-22 13:52:00 | INFO | RUN_MODE=deterministic_smoke_test | dataset=PlantVillage | method=ConvNeXt+ARM | stage=eval | lr=0.00007266 | val_macro_f1=87.7864 | prototype_update=no
2026-06-22 08:45:00 | INFO | RUN_MODE=deterministic_smoke_test | dataset=PlantVillage | method=UAMP-Net | stage=loader | lr=0.00009994 | val_macro_f1=91.3418 | prototype_update=no
2026-06-22 11:24:00 | INFO | RUN_MODE=deterministic_smoke_test | dataset=PlantVillage | method=UAMP-Net | stage=train | lr=0.00006371 | val_macro_f1=92.9670 | prototype_update=yes
2026-06-22 13:03:00 | INFO | RUN_MODE=deterministic_smoke_test | dataset=PlantVillage | method=UAMP-Net | stage=eval | lr=0.00006064 | val_macro_f1=87.4267 | prototype_update=no
2026-06-22 09:35:00 | INFO | RUN_MODE=deterministic_smoke_test | dataset=PlantDoc | method=ResNet-50 | stage=loader | lr=0.00006688 | val_macro_f1=84.4097 | prototype_update=no
2026-06-22 11:10:00 | INFO | RUN_MODE=deterministic_smoke_test | dataset=PlantDoc | method=ResNet-50 | stage=train | lr=0.00006741 | val_macro_f1=84.3480 | prototype_update=no
2026-06-22 13:37:00 | INFO | RUN_MODE=deterministic_smoke_test | dataset=PlantDoc | method=ResNet-50 | stage=eval | lr=0.00009749 | val_macro_f1=88.5895 | prototype_update=no
2026-06-22 09:31:00 | INFO | RUN_MODE=deterministic_smoke_test | dataset=PlantDoc | method=EfficientNet-B3 | stage=loader | lr=0.00006637 | val_macro_f1=88.4557 | prototype_update=no
2026-06-22 10:15:00 | INFO | RUN_MODE=deterministic_smoke_test | dataset=PlantDoc | method=EfficientNet-B3 | stage=train | lr=0.00007526 | val_macro_f1=90.9624 | prototype_update=no
2026-06-22 14:02:00 | INFO | RUN_MODE=deterministic_smoke_test | dataset=PlantDoc | method=EfficientNet-B3 | stage=eval | lr=0.00005556 | val_macro_f1=84.4279 | prototype_update=no
2026-06-22 09:04:00 | INFO | RUN_MODE=deterministic_smoke_test | dataset=PlantDoc | method=ConvNeXt-Tiny | stage=loader | lr=0.00009646 | val_macro_f1=84.0860 | prototype_update=no
2026-06-22 10:59:00 | INFO | RUN_MODE=deterministic_smoke_test | dataset=PlantDoc | method=ConvNeXt-Tiny | stage=train | lr=0.00006124 | val_macro_f1=91.1174 | prototype_update=no
2026-06-22 14:08:00 | INFO | RUN_MODE=deterministic_smoke_test | dataset=PlantDoc | method=ConvNeXt-Tiny | stage=eval | lr=0.00008071 | val_macro_f1=90.8538 | prototype_update=no
2026-06-22 08:21:00 | INFO | RUN_MODE=deterministic_smoke_test | dataset=PlantDoc | method=Swin-Tiny | stage=loader | lr=0.00007846 | val_macro_f1=88.4439 | prototype_update=no
2026-06-22 11:10:00 | INFO | RUN_MODE=deterministic_smoke_test | dataset=PlantDoc | method=Swin-Tiny | stage=train | lr=0.00009813 | val_macro_f1=85.7758 | prototype_update=no
2026-06-22 14:06:00 | INFO | RUN_MODE=deterministic_smoke_test | dataset=PlantDoc | method=Swin-Tiny | stage=eval | lr=0.00007200 | val_macro_f1=87.6635 | prototype_update=no
2026-06-22 09:55:00 | INFO | RUN_MODE=deterministic_smoke_test | dataset=PlantDoc | method=ConvNeXt+ARM | stage=loader | lr=0.00006720 | val_macro_f1=87.7504 | prototype_update=no
2026-06-22 10:50:00 | INFO | RUN_MODE=deterministic_smoke_test | dataset=PlantDoc | method=ConvNeXt+ARM | stage=train | lr=0.00005185 | val_macro_f1=86.8466 | prototype_update=no
2026-06-22 13:56:00 | INFO | RUN_MODE=deterministic_smoke_test | dataset=PlantDoc | method=ConvNeXt+ARM | stage=eval | lr=0.00005895 | val_macro_f1=88.6699 | prototype_update=no
2026-06-22 09:40:00 | INFO | RUN_MODE=deterministic_smoke_test | dataset=PlantDoc | method=UAMP-Net | stage=loader | lr=0.00007553 | val_macro_f1=86.2109 | prototype_update=no
2026-06-22 12:08:00 | INFO | RUN_MODE=deterministic_smoke_test | dataset=PlantDoc | method=UAMP-Net | stage=train | lr=0.00005279 | val_macro_f1=89.9111 | prototype_update=yes
2026-06-22 13:41:00 | INFO | RUN_MODE=deterministic_smoke_test | dataset=PlantDoc | method=UAMP-Net | stage=eval | lr=0.00006943 | val_macro_f1=87.5236 | prototype_update=no
2026-06-22 08:53:00 | INFO | RUN_MODE=deterministic_smoke_test | dataset=CUB-200-2011 | method=ResNet-50 | stage=loader | lr=0.00009358 | val_macro_f1=89.4134 | prototype_update=no
2026-06-22 11:44:00 | INFO | RUN_MODE=deterministic_smoke_test | dataset=CUB-200-2011 | method=ResNet-50 | stage=train | lr=0.00008790 | val_macro_f1=88.7518 | prototype_update=no
2026-06-22 12:48:00 | INFO | RUN_MODE=deterministic_smoke_test | dataset=CUB-200-2011 | method=ResNet-50 | stage=eval | lr=0.00009119 | val_macro_f1=84.3470 | prototype_update=no
2026-06-22 10:13:00 | INFO | RUN_MODE=deterministic_smoke_test | dataset=CUB-200-2011 | method=EfficientNet-B3 | stage=loader | lr=0.00009215 | val_macro_f1=91.2095 | prototype_update=no
2026-06-22 10:21:00 | INFO | RUN_MODE=deterministic_smoke_test | dataset=CUB-200-2011 | method=EfficientNet-B3 | stage=train | lr=0.00005080 | val_macro_f1=86.5601 | prototype_update=no
2026-06-22 12:24:00 | INFO | RUN_MODE=deterministic_smoke_test | dataset=CUB-200-2011 | method=EfficientNet-B3 | stage=eval | lr=0.00005733 | val_macro_f1=86.4996 | prototype_update=no
2026-06-22 10:13:00 | INFO | RUN_MODE=deterministic_smoke_test | dataset=CUB-200-2011 | method=ConvNeXt-Tiny | stage=loader | lr=0.00006005 | val_macro_f1=84.4655 | prototype_update=no
2026-06-22 11:11:00 | INFO | RUN_MODE=deterministic_smoke_test | dataset=CUB-200-2011 | method=ConvNeXt-Tiny | stage=train | lr=0.00005498 | val_macro_f1=90.8284 | prototype_update=no
2026-06-22 13:01:00 | INFO | RUN_MODE=deterministic_smoke_test | dataset=CUB-200-2011 | method=ConvNeXt-Tiny | stage=eval | lr=0.00006746 | val_macro_f1=91.4794 | prototype_update=no
2026-06-22 09:57:00 | INFO | RUN_MODE=deterministic_smoke_test | dataset=CUB-200-2011 | method=Swin-Tiny | stage=loader | lr=0.00007966 | val_macro_f1=88.3035 | prototype_update=no
2026-06-22 11:26:00 | INFO | RUN_MODE=deterministic_smoke_test | dataset=CUB-200-2011 | method=Swin-Tiny | stage=train | lr=0.00008008 | val_macro_f1=89.3063 | prototype_update=no
2026-06-22 13:37:00 | INFO | RUN_MODE=deterministic_smoke_test | dataset=CUB-200-2011 | method=Swin-Tiny | stage=eval | lr=0.00006652 | val_macro_f1=84.4977 | prototype_update=no
2026-06-22 10:08:00 | INFO | RUN_MODE=deterministic_smoke_test | dataset=CUB-200-2011 | method=ConvNeXt+ARM | stage=loader | lr=0.00006365 | val_macro_f1=91.5160 | prototype_update=no
2026-06-22 11:57:00 | INFO | RUN_MODE=deterministic_smoke_test | dataset=CUB-200-2011 | method=ConvNeXt+ARM | stage=train | lr=0.00007555 | val_macro_f1=86.7069 | prototype_update=no
2026-06-22 14:00:00 | INFO | RUN_MODE=deterministic_smoke_test | dataset=CUB-200-2011 | method=ConvNeXt+ARM | stage=eval | lr=0.00006679 | val_macro_f1=90.4882 | prototype_update=no
2026-06-22 08:18:00 | INFO | RUN_MODE=deterministic_smoke_test | dataset=CUB-200-2011 | method=UAMP-Net | stage=loader | lr=0.00009935 | val_macro_f1=88.1557 | prototype_update=no
2026-06-22 10:46:00 | INFO | RUN_MODE=deterministic_smoke_test | dataset=CUB-200-2011 | method=UAMP-Net | stage=train | lr=0.00005456 | val_macro_f1=87.3789 | prototype_update=yes
2026-06-22 14:12:00 | INFO | RUN_MODE=deterministic_smoke_test | dataset=CUB-200-2011 | method=UAMP-Net | stage=eval | lr=0.00008961 | val_macro_f1=86.5151 | prototype_update=no
2026-06-23 09:22:00 | INFO | RUN_MODE=deterministic_smoke_test | dataset=PlantVillage | method=ResNet-50 | stage=loader | lr=0.00008001 | val_macro_f1=91.5039 | prototype_update=no
2026-06-23 10:42:00 | INFO | RUN_MODE=deterministic_smoke_test | dataset=PlantVillage | method=ResNet-50 | stage=train | lr=0.00005856 | val_macro_f1=85.9958 | prototype_update=no
2026-06-23 13:34:00 | INFO | RUN_MODE=deterministic_smoke_test | dataset=PlantVillage | method=ResNet-50 | stage=eval | lr=0.00007093 | val_macro_f1=91.4575 | prototype_update=no
2026-06-23 08:56:00 | INFO | RUN_MODE=deterministic_smoke_test | dataset=PlantVillage | method=EfficientNet-B3 | stage=loader | lr=0.00005496 | val_macro_f1=88.5127 | prototype_update=no
2026-06-23 11:19:00 | INFO | RUN_MODE=deterministic_smoke_test | dataset=PlantVillage | method=EfficientNet-B3 | stage=train | lr=0.00008774 | val_macro_f1=88.8951 | prototype_update=no
2026-06-23 13:19:00 | INFO | RUN_MODE=deterministic_smoke_test | dataset=PlantVillage | method=EfficientNet-B3 | stage=eval | lr=0.00009478 | val_macro_f1=84.2598 | prototype_update=no
2026-06-23 09:49:00 | INFO | RUN_MODE=deterministic_smoke_test | dataset=PlantVillage | method=ConvNeXt-Tiny | stage=loader | lr=0.00006590 | val_macro_f1=89.8141 | prototype_update=no
2026-06-23 11:02:00 | INFO | RUN_MODE=deterministic_smoke_test | dataset=PlantVillage | method=ConvNeXt-Tiny | stage=train | lr=0.00005312 | val_macro_f1=89.6363 | prototype_update=no
2026-06-23 13:19:00 | INFO | RUN_MODE=deterministic_smoke_test | dataset=PlantVillage | method=ConvNeXt-Tiny | stage=eval | lr=0.00007815 | val_macro_f1=87.4776 | prototype_update=no
2026-06-23 09:48:00 | INFO | RUN_MODE=deterministic_smoke_test | dataset=PlantVillage | method=Swin-Tiny | stage=loader | lr=0.00005766 | val_macro_f1=88.8990 | prototype_update=no
2026-06-23 10:55:00 | INFO | RUN_MODE=deterministic_smoke_test | dataset=PlantVillage | method=Swin-Tiny | stage=train | lr=0.00007842 | val_macro_f1=90.2742 | prototype_update=no
2026-06-23 12:30:00 | INFO | RUN_MODE=deterministic_smoke_test | dataset=PlantVillage | method=Swin-Tiny | stage=eval | lr=0.00009428 | val_macro_f1=84.6862 | prototype_update=no
2026-06-23 09:27:00 | INFO | RUN_MODE=deterministic_smoke_test | dataset=PlantVillage | method=ConvNeXt+ARM | stage=loader | lr=0.00008687 | val_macro_f1=91.0705 | prototype_update=no
2026-06-23 11:57:00 | INFO | RUN_MODE=deterministic_smoke_test | dataset=PlantVillage | method=ConvNeXt+ARM | stage=train | lr=0.00008296 | val_macro_f1=91.4809 | prototype_update=no
2026-06-23 12:39:00 | INFO | RUN_MODE=deterministic_smoke_test | dataset=PlantVillage | method=ConvNeXt+ARM | stage=eval | lr=0.00005212 | val_macro_f1=89.2562 | prototype_update=no
2026-06-23 09:07:00 | INFO | RUN_MODE=deterministic_smoke_test | dataset=PlantVillage | method=UAMP-Net | stage=loader | lr=0.00005845 | val_macro_f1=93.5523 | prototype_update=no
2026-06-23 11:42:00 | INFO | RUN_MODE=deterministic_smoke_test | dataset=PlantVillage | method=UAMP-Net | stage=train | lr=0.00009522 | val_macro_f1=91.3356 | prototype_update=yes
2026-06-23 13:35:00 | INFO | RUN_MODE=deterministic_smoke_test | dataset=PlantVillage | method=UAMP-Net | stage=eval | lr=0.00008508 | val_macro_f1=88.3564 | prototype_update=no
2026-06-23 09:51:00 | INFO | RUN_MODE=deterministic_smoke_test | dataset=PlantDoc | method=ResNet-50 | stage=loader | lr=0.00009628 | val_macro_f1=88.3438 | prototype_update=no
2026-06-23 10:32:00 | INFO | RUN_MODE=deterministic_smoke_test | dataset=PlantDoc | method=ResNet-50 | stage=train | lr=0.00008419 | val_macro_f1=91.5362 | prototype_update=no
2026-06-23 13:29:00 | INFO | RUN_MODE=deterministic_smoke_test | dataset=PlantDoc | method=ResNet-50 | stage=eval | lr=0.00007446 | val_macro_f1=91.1380 | prototype_update=no
2026-06-23 09:25:00 | INFO | RUN_MODE=deterministic_smoke_test | dataset=PlantDoc | method=EfficientNet-B3 | stage=loader | lr=0.00009115 | val_macro_f1=88.1298 | prototype_update=no
2026-06-23 11:45:00 | INFO | RUN_MODE=deterministic_smoke_test | dataset=PlantDoc | method=EfficientNet-B3 | stage=train | lr=0.00009366 | val_macro_f1=87.8919 | prototype_update=no
2026-06-23 13:36:00 | INFO | RUN_MODE=deterministic_smoke_test | dataset=PlantDoc | method=EfficientNet-B3 | stage=eval | lr=0.00009194 | val_macro_f1=85.8749 | prototype_update=no
2026-06-23 09:20:00 | INFO | RUN_MODE=deterministic_smoke_test | dataset=PlantDoc | method=ConvNeXt-Tiny | stage=loader | lr=0.00006587 | val_macro_f1=88.3365 | prototype_update=no
2026-06-23 10:15:00 | INFO | RUN_MODE=deterministic_smoke_test | dataset=PlantDoc | method=ConvNeXt-Tiny | stage=train | lr=0.00006154 | val_macro_f1=88.3513 | prototype_update=no
2026-06-23 13:43:00 | INFO | RUN_MODE=deterministic_smoke_test | dataset=PlantDoc | method=ConvNeXt-Tiny | stage=eval | lr=0.00007182 | val_macro_f1=85.1056 | prototype_update=no
2026-06-23 09:05:00 | INFO | RUN_MODE=deterministic_smoke_test | dataset=PlantDoc | method=Swin-Tiny | stage=loader | lr=0.00009781 | val_macro_f1=90.4109 | prototype_update=no
2026-06-23 10:31:00 | INFO | RUN_MODE=deterministic_smoke_test | dataset=PlantDoc | method=Swin-Tiny | stage=train | lr=0.00007731 | val_macro_f1=88.4812 | prototype_update=no
2026-06-23 14:09:00 | INFO | RUN_MODE=deterministic_smoke_test | dataset=PlantDoc | method=Swin-Tiny | stage=eval | lr=0.00007239 | val_macro_f1=91.4168 | prototype_update=no
2026-06-23 09:04:00 | INFO | RUN_MODE=deterministic_smoke_test | dataset=PlantDoc | method=ConvNeXt+ARM | stage=loader | lr=0.00007814 | val_macro_f1=87.8034 | prototype_update=no
2026-06-23 10:26:00 | INFO | RUN_MODE=deterministic_smoke_test | dataset=PlantDoc | method=ConvNeXt+ARM | stage=train | lr=0.00006349 | val_macro_f1=85.9411 | prototype_update=no
2026-06-23 13:33:00 | INFO | RUN_MODE=deterministic_smoke_test | dataset=PlantDoc | method=ConvNeXt+ARM | stage=eval | lr=0.00005672 | val_macro_f1=88.6528 | prototype_update=no
2026-06-23 10:01:00 | INFO | RUN_MODE=deterministic_smoke_test | dataset=PlantDoc | method=UAMP-Net | stage=loader | lr=0.00008452 | val_macro_f1=88.9343 | prototype_update=no
2026-06-23 10:38:00 | INFO | RUN_MODE=deterministic_smoke_test | dataset=PlantDoc | method=UAMP-Net | stage=train | lr=0.00006891 | val_macro_f1=93.2868 | prototype_update=yes
2026-06-23 14:04:00 | INFO | RUN_MODE=deterministic_smoke_test | dataset=PlantDoc | method=UAMP-Net | stage=eval | lr=0.00008588 | val_macro_f1=90.7208 | prototype_update=no
2026-06-23 09:45:00 | INFO | RUN_MODE=deterministic_smoke_test | dataset=CUB-200-2011 | method=ResNet-50 | stage=loader | lr=0.00006672 | val_macro_f1=87.0381 | prototype_update=no
2026-06-23 12:04:00 | INFO | RUN_MODE=deterministic_smoke_test | dataset=CUB-200-2011 | method=ResNet-50 | stage=train | lr=0.00006517 | val_macro_f1=87.5552 | prototype_update=no
2026-06-23 13:44:00 | INFO | RUN_MODE=deterministic_smoke_test | dataset=CUB-200-2011 | method=ResNet-50 | stage=eval | lr=0.00008940 | val_macro_f1=85.9858 | prototype_update=no
2026-06-23 09:08:00 | INFO | RUN_MODE=deterministic_smoke_test | dataset=CUB-200-2011 | method=EfficientNet-B3 | stage=loader | lr=0.00005034 | val_macro_f1=89.8158 | prototype_update=no
2026-06-23 11:19:00 | INFO | RUN_MODE=deterministic_smoke_test | dataset=CUB-200-2011 | method=EfficientNet-B3 | stage=train | lr=0.00008479 | val_macro_f1=84.8672 | prototype_update=no
2026-06-23 13:25:00 | INFO | RUN_MODE=deterministic_smoke_test | dataset=CUB-200-2011 | method=EfficientNet-B3 | stage=eval | lr=0.00006189 | val_macro_f1=87.1440 | prototype_update=no
2026-06-23 09:48:00 | INFO | RUN_MODE=deterministic_smoke_test | dataset=CUB-200-2011 | method=ConvNeXt-Tiny | stage=loader | lr=0.00005448 | val_macro_f1=91.6594 | prototype_update=no
2026-06-23 11:48:00 | INFO | RUN_MODE=deterministic_smoke_test | dataset=CUB-200-2011 | method=ConvNeXt-Tiny | stage=train | lr=0.00006033 | val_macro_f1=86.8113 | prototype_update=no
2026-06-23 12:46:00 | INFO | RUN_MODE=deterministic_smoke_test | dataset=CUB-200-2011 | method=ConvNeXt-Tiny | stage=eval | lr=0.00006685 | val_macro_f1=91.5874 | prototype_update=no
2026-06-23 09:39:00 | INFO | RUN_MODE=deterministic_smoke_test | dataset=CUB-200-2011 | method=Swin-Tiny | stage=loader | lr=0.00006938 | val_macro_f1=90.8148 | prototype_update=no
2026-06-23 11:35:00 | INFO | RUN_MODE=deterministic_smoke_test | dataset=CUB-200-2011 | method=Swin-Tiny | stage=train | lr=0.00009440 | val_macro_f1=91.3295 | prototype_update=no
2026-06-23 14:02:00 | INFO | RUN_MODE=deterministic_smoke_test | dataset=CUB-200-2011 | method=Swin-Tiny | stage=eval | lr=0.00008820 | val_macro_f1=89.9303 | prototype_update=no
2026-06-23 08:54:00 | INFO | RUN_MODE=deterministic_smoke_test | dataset=CUB-200-2011 | method=ConvNeXt+ARM | stage=loader | lr=0.00009769 | val_macro_f1=89.4134 | prototype_update=no
2026-06-23 10:52:00 | INFO | RUN_MODE=deterministic_smoke_test | dataset=CUB-200-2011 | method=ConvNeXt+ARM | stage=train | lr=0.00005989 | val_macro_f1=91.0460 | prototype_update=no
2026-06-23 12:18:00 | INFO | RUN_MODE=deterministic_smoke_test | dataset=CUB-200-2011 | method=ConvNeXt+ARM | stage=eval | lr=0.00009019 | val_macro_f1=87.4568 | prototype_update=no
2026-06-23 10:02:00 | INFO | RUN_MODE=deterministic_smoke_test | dataset=CUB-200-2011 | method=UAMP-Net | stage=loader | lr=0.00009640 | val_macro_f1=91.7694 | prototype_update=no
2026-06-23 11:41:00 | INFO | RUN_MODE=deterministic_smoke_test | dataset=CUB-200-2011 | method=UAMP-Net | stage=train | lr=0.00005074 | val_macro_f1=90.3248 | prototype_update=yes
2026-06-23 12:54:00 | INFO | RUN_MODE=deterministic_smoke_test | dataset=CUB-200-2011 | method=UAMP-Net | stage=eval | lr=0.00007590 | val_macro_f1=90.5788 | prototype_update=no
2026-06-24 08:26:00 | INFO | RUN_MODE=deterministic_smoke_test | dataset=PlantVillage | method=ResNet-50 | stage=loader | lr=0.00005852 | val_macro_f1=88.7823 | prototype_update=no
2026-06-24 11:54:00 | INFO | RUN_MODE=deterministic_smoke_test | dataset=PlantVillage | method=ResNet-50 | stage=train | lr=0.00009272 | val_macro_f1=91.2221 | prototype_update=no
2026-06-24 14:00:00 | INFO | RUN_MODE=deterministic_smoke_test | dataset=PlantVillage | method=ResNet-50 | stage=eval | lr=0.00007301 | val_macro_f1=84.7570 | prototype_update=no
2026-06-24 09:56:00 | INFO | RUN_MODE=deterministic_smoke_test | dataset=PlantVillage | method=EfficientNet-B3 | stage=loader | lr=0.00009728 | val_macro_f1=87.6139 | prototype_update=no
2026-06-24 10:39:00 | INFO | RUN_MODE=deterministic_smoke_test | dataset=PlantVillage | method=EfficientNet-B3 | stage=train | lr=0.00005548 | val_macro_f1=84.7255 | prototype_update=no
2026-06-24 13:43:00 | INFO | RUN_MODE=deterministic_smoke_test | dataset=PlantVillage | method=EfficientNet-B3 | stage=eval | lr=0.00009467 | val_macro_f1=90.0737 | prototype_update=no
2026-06-24 09:45:00 | INFO | RUN_MODE=deterministic_smoke_test | dataset=PlantVillage | method=ConvNeXt-Tiny | stage=loader | lr=0.00008163 | val_macro_f1=84.2073 | prototype_update=no
2026-06-24 11:52:00 | INFO | RUN_MODE=deterministic_smoke_test | dataset=PlantVillage | method=ConvNeXt-Tiny | stage=train | lr=0.00007098 | val_macro_f1=89.1291 | prototype_update=no
2026-06-24 13:52:00 | INFO | RUN_MODE=deterministic_smoke_test | dataset=PlantVillage | method=ConvNeXt-Tiny | stage=eval | lr=0.00008534 | val_macro_f1=91.6638 | prototype_update=no
2026-06-24 10:04:00 | INFO | RUN_MODE=deterministic_smoke_test | dataset=PlantVillage | method=Swin-Tiny | stage=loader | lr=0.00007710 | val_macro_f1=90.8566 | prototype_update=no
2026-06-24 10:22:00 | INFO | RUN_MODE=deterministic_smoke_test | dataset=PlantVillage | method=Swin-Tiny | stage=train | lr=0.00006698 | val_macro_f1=87.3132 | prototype_update=no
2026-06-24 13:00:00 | INFO | RUN_MODE=deterministic_smoke_test | dataset=PlantVillage | method=Swin-Tiny | stage=eval | lr=0.00007439 | val_macro_f1=84.8665 | prototype_update=no
2026-06-24 09:25:00 | INFO | RUN_MODE=deterministic_smoke_test | dataset=PlantVillage | method=ConvNeXt+ARM | stage=loader | lr=0.00005437 | val_macro_f1=87.1003 | prototype_update=no
2026-06-24 10:37:00 | INFO | RUN_MODE=deterministic_smoke_test | dataset=PlantVillage | method=ConvNeXt+ARM | stage=train | lr=0.00007879 | val_macro_f1=90.0402 | prototype_update=no
2026-06-24 12:19:00 | INFO | RUN_MODE=deterministic_smoke_test | dataset=PlantVillage | method=ConvNeXt+ARM | stage=eval | lr=0.00009073 | val_macro_f1=85.1776 | prototype_update=no
2026-06-24 09:45:00 | INFO | RUN_MODE=deterministic_smoke_test | dataset=PlantVillage | method=UAMP-Net | stage=loader | lr=0.00009148 | val_macro_f1=90.4974 | prototype_update=no
2026-06-24 11:09:00 | INFO | RUN_MODE=deterministic_smoke_test | dataset=PlantVillage | method=UAMP-Net | stage=train | lr=0.00007055 | val_macro_f1=91.7977 | prototype_update=yes
2026-06-24 13:23:00 | INFO | RUN_MODE=deterministic_smoke_test | dataset=PlantVillage | method=UAMP-Net | stage=eval | lr=0.00007754 | val_macro_f1=86.9413 | prototype_update=no
2026-06-24 09:09:00 | INFO | RUN_MODE=deterministic_smoke_test | dataset=PlantDoc | method=ResNet-50 | stage=loader | lr=0.00008029 | val_macro_f1=90.7948 | prototype_update=no
2026-06-24 10:24:00 | INFO | RUN_MODE=deterministic_smoke_test | dataset=PlantDoc | method=ResNet-50 | stage=train | lr=0.00005915 | val_macro_f1=85.7479 | prototype_update=no
2026-06-24 14:11:00 | INFO | RUN_MODE=deterministic_smoke_test | dataset=PlantDoc | method=ResNet-50 | stage=eval | lr=0.00006677 | val_macro_f1=90.2085 | prototype_update=no
2026-06-24 08:58:00 | INFO | RUN_MODE=deterministic_smoke_test | dataset=PlantDoc | method=EfficientNet-B3 | stage=loader | lr=0.00006668 | val_macro_f1=87.9659 | prototype_update=no
2026-06-24 10:36:00 | INFO | RUN_MODE=deterministic_smoke_test | dataset=PlantDoc | method=EfficientNet-B3 | stage=train | lr=0.00005565 | val_macro_f1=90.9119 | prototype_update=no
2026-06-24 12:18:00 | INFO | RUN_MODE=deterministic_smoke_test | dataset=PlantDoc | method=EfficientNet-B3 | stage=eval | lr=0.00007520 | val_macro_f1=87.7805 | prototype_update=no
2026-06-24 08:58:00 | INFO | RUN_MODE=deterministic_smoke_test | dataset=PlantDoc | method=ConvNeXt-Tiny | stage=loader | lr=0.00008643 | val_macro_f1=90.1342 | prototype_update=no
2026-06-24 11:00:00 | INFO | RUN_MODE=deterministic_smoke_test | dataset=PlantDoc | method=ConvNeXt-Tiny | stage=train | lr=0.00006148 | val_macro_f1=91.8038 | prototype_update=no
2026-06-24 12:34:00 | INFO | RUN_MODE=deterministic_smoke_test | dataset=PlantDoc | method=ConvNeXt-Tiny | stage=eval | lr=0.00009159 | val_macro_f1=86.7014 | prototype_update=no
2026-06-24 09:38:00 | INFO | RUN_MODE=deterministic_smoke_test | dataset=PlantDoc | method=Swin-Tiny | stage=loader | lr=0.00007586 | val_macro_f1=89.5547 | prototype_update=no
2026-06-24 11:35:00 | INFO | RUN_MODE=deterministic_smoke_test | dataset=PlantDoc | method=Swin-Tiny | stage=train | lr=0.00005038 | val_macro_f1=90.6410 | prototype_update=no
2026-06-24 14:00:00 | INFO | RUN_MODE=deterministic_smoke_test | dataset=PlantDoc | method=Swin-Tiny | stage=eval | lr=0.00006456 | val_macro_f1=90.2916 | prototype_update=no
2026-06-24 10:10:00 | INFO | RUN_MODE=deterministic_smoke_test | dataset=PlantDoc | method=ConvNeXt+ARM | stage=loader | lr=0.00006095 | val_macro_f1=85.9321 | prototype_update=no
2026-06-24 12:08:00 | INFO | RUN_MODE=deterministic_smoke_test | dataset=PlantDoc | method=ConvNeXt+ARM | stage=train | lr=0.00007407 | val_macro_f1=89.5604 | prototype_update=no
2026-06-24 12:55:00 | INFO | RUN_MODE=deterministic_smoke_test | dataset=PlantDoc | method=ConvNeXt+ARM | stage=eval | lr=0.00007989 | val_macro_f1=84.0959 | prototype_update=no
2026-06-24 09:11:00 | INFO | RUN_MODE=deterministic_smoke_test | dataset=PlantDoc | method=UAMP-Net | stage=loader | lr=0.00006130 | val_macro_f1=89.0416 | prototype_update=no
2026-06-24 11:07:00 | INFO | RUN_MODE=deterministic_smoke_test | dataset=PlantDoc | method=UAMP-Net | stage=train | lr=0.00009231 | val_macro_f1=87.4649 | prototype_update=yes
2026-06-24 12:54:00 | INFO | RUN_MODE=deterministic_smoke_test | dataset=PlantDoc | method=UAMP-Net | stage=eval | lr=0.00008427 | val_macro_f1=87.8640 | prototype_update=no
2026-06-24 08:19:00 | INFO | RUN_MODE=deterministic_smoke_test | dataset=CUB-200-2011 | method=ResNet-50 | stage=loader | lr=0.00009283 | val_macro_f1=86.2590 | prototype_update=no
2026-06-24 10:59:00 | INFO | RUN_MODE=deterministic_smoke_test | dataset=CUB-200-2011 | method=ResNet-50 | stage=train | lr=0.00005499 | val_macro_f1=88.4027 | prototype_update=no
2026-06-24 13:41:00 | INFO | RUN_MODE=deterministic_smoke_test | dataset=CUB-200-2011 | method=ResNet-50 | stage=eval | lr=0.00007135 | val_macro_f1=87.7289 | prototype_update=no
2026-06-24 09:39:00 | INFO | RUN_MODE=deterministic_smoke_test | dataset=CUB-200-2011 | method=EfficientNet-B3 | stage=loader | lr=0.00006520 | val_macro_f1=87.5064 | prototype_update=no
2026-06-24 11:54:00 | INFO | RUN_MODE=deterministic_smoke_test | dataset=CUB-200-2011 | method=EfficientNet-B3 | stage=train | lr=0.00007296 | val_macro_f1=86.3729 | prototype_update=no
2026-06-24 12:57:00 | INFO | RUN_MODE=deterministic_smoke_test | dataset=CUB-200-2011 | method=EfficientNet-B3 | stage=eval | lr=0.00009070 | val_macro_f1=89.8384 | prototype_update=no
2026-06-24 08:37:00 | INFO | RUN_MODE=deterministic_smoke_test | dataset=CUB-200-2011 | method=ConvNeXt-Tiny | stage=loader | lr=0.00007210 | val_macro_f1=87.7069 | prototype_update=no
2026-06-24 11:55:00 | INFO | RUN_MODE=deterministic_smoke_test | dataset=CUB-200-2011 | method=ConvNeXt-Tiny | stage=train | lr=0.00008654 | val_macro_f1=85.0522 | prototype_update=no
2026-06-24 13:50:00 | INFO | RUN_MODE=deterministic_smoke_test | dataset=CUB-200-2011 | method=ConvNeXt-Tiny | stage=eval | lr=0.00006105 | val_macro_f1=84.4611 | prototype_update=no
2026-06-24 09:39:00 | INFO | RUN_MODE=deterministic_smoke_test | dataset=CUB-200-2011 | method=Swin-Tiny | stage=loader | lr=0.00009361 | val_macro_f1=88.2179 | prototype_update=no
2026-06-24 10:15:00 | INFO | RUN_MODE=deterministic_smoke_test | dataset=CUB-200-2011 | method=Swin-Tiny | stage=train | lr=0.00007690 | val_macro_f1=90.5884 | prototype_update=no
2026-06-24 12:33:00 | INFO | RUN_MODE=deterministic_smoke_test | dataset=CUB-200-2011 | method=Swin-Tiny | stage=eval | lr=0.00007765 | val_macro_f1=86.3755 | prototype_update=no
2026-06-24 09:30:00 | INFO | RUN_MODE=deterministic_smoke_test | dataset=CUB-200-2011 | method=ConvNeXt+ARM | stage=loader | lr=0.00007018 | val_macro_f1=89.0950 | prototype_update=no
2026-06-24 10:53:00 | INFO | RUN_MODE=deterministic_smoke_test | dataset=CUB-200-2011 | method=ConvNeXt+ARM | stage=train | lr=0.00008866 | val_macro_f1=89.7317 | prototype_update=no
2026-06-24 13:22:00 | INFO | RUN_MODE=deterministic_smoke_test | dataset=CUB-200-2011 | method=ConvNeXt+ARM | stage=eval | lr=0.00008523 | val_macro_f1=90.2719 | prototype_update=no
2026-06-24 09:43:00 | INFO | RUN_MODE=deterministic_smoke_test | dataset=CUB-200-2011 | method=UAMP-Net | stage=loader | lr=0.00007492 | val_macro_f1=91.6796 | prototype_update=no
2026-06-24 10:56:00 | INFO | RUN_MODE=deterministic_smoke_test | dataset=CUB-200-2011 | method=UAMP-Net | stage=train | lr=0.00006497 | val_macro_f1=89.2303 | prototype_update=yes
2026-06-24 13:50:00 | INFO | RUN_MODE=deterministic_smoke_test | dataset=CUB-200-2011 | method=UAMP-Net | stage=eval | lr=0.00008229 | val_macro_f1=89.7224 | prototype_update=no
2026-06-25 08:34:00 | INFO | RUN_MODE=deterministic_smoke_test | dataset=PlantVillage | method=ResNet-50 | stage=loader | lr=0.00006563 | val_macro_f1=84.2328 | prototype_update=no
2026-06-25 11:57:00 | INFO | RUN_MODE=deterministic_smoke_test | dataset=PlantVillage | method=ResNet-50 | stage=train | lr=0.00006616 | val_macro_f1=84.0724 | prototype_update=no
2026-06-25 12:38:00 | INFO | RUN_MODE=deterministic_smoke_test | dataset=PlantVillage | method=ResNet-50 | stage=eval | lr=0.00009218 | val_macro_f1=89.0869 | prototype_update=no
2026-06-25 09:22:00 | INFO | RUN_MODE=deterministic_smoke_test | dataset=PlantVillage | method=EfficientNet-B3 | stage=loader | lr=0.00007908 | val_macro_f1=90.8680 | prototype_update=no
2026-06-25 10:52:00 | INFO | RUN_MODE=deterministic_smoke_test | dataset=PlantVillage | method=EfficientNet-B3 | stage=train | lr=0.00009812 | val_macro_f1=85.6534 | prototype_update=no
2026-06-25 12:40:00 | INFO | RUN_MODE=deterministic_smoke_test | dataset=PlantVillage | method=EfficientNet-B3 | stage=eval | lr=0.00005868 | val_macro_f1=87.8055 | prototype_update=no
2026-06-25 09:22:00 | INFO | RUN_MODE=deterministic_smoke_test | dataset=PlantVillage | method=ConvNeXt-Tiny | stage=loader | lr=0.00006171 | val_macro_f1=87.7834 | prototype_update=no
2026-06-25 11:28:00 | INFO | RUN_MODE=deterministic_smoke_test | dataset=PlantVillage | method=ConvNeXt-Tiny | stage=train | lr=0.00007150 | val_macro_f1=87.0970 | prototype_update=no
2026-06-25 13:13:00 | INFO | RUN_MODE=deterministic_smoke_test | dataset=PlantVillage | method=ConvNeXt-Tiny | stage=eval | lr=0.00009868 | val_macro_f1=90.0290 | prototype_update=no
2026-06-25 08:25:00 | INFO | RUN_MODE=deterministic_smoke_test | dataset=PlantVillage | method=Swin-Tiny | stage=loader | lr=0.00006127 | val_macro_f1=84.3623 | prototype_update=no
2026-06-25 11:56:00 | INFO | RUN_MODE=deterministic_smoke_test | dataset=PlantVillage | method=Swin-Tiny | stage=train | lr=0.00008825 | val_macro_f1=89.6895 | prototype_update=no
2026-06-25 12:44:00 | INFO | RUN_MODE=deterministic_smoke_test | dataset=PlantVillage | method=Swin-Tiny | stage=eval | lr=0.00006470 | val_macro_f1=87.8344 | prototype_update=no
2026-06-25 08:40:00 | INFO | RUN_MODE=deterministic_smoke_test | dataset=PlantVillage | method=ConvNeXt+ARM | stage=loader | lr=0.00009351 | val_macro_f1=88.1211 | prototype_update=no
2026-06-25 11:44:00 | INFO | RUN_MODE=deterministic_smoke_test | dataset=PlantVillage | method=ConvNeXt+ARM | stage=train | lr=0.00007333 | val_macro_f1=91.1067 | prototype_update=no
2026-06-25 12:57:00 | INFO | RUN_MODE=deterministic_smoke_test | dataset=PlantVillage | method=ConvNeXt+ARM | stage=eval | lr=0.00009702 | val_macro_f1=88.0530 | prototype_update=no
2026-06-25 08:33:00 | INFO | RUN_MODE=deterministic_smoke_test | dataset=PlantVillage | method=UAMP-Net | stage=loader | lr=0.00006085 | val_macro_f1=92.2913 | prototype_update=no
2026-06-25 11:02:00 | INFO | RUN_MODE=deterministic_smoke_test | dataset=PlantVillage | method=UAMP-Net | stage=train | lr=0.00005293 | val_macro_f1=93.1569 | prototype_update=yes
2026-06-25 14:07:00 | INFO | RUN_MODE=deterministic_smoke_test | dataset=PlantVillage | method=UAMP-Net | stage=eval | lr=0.00006787 | val_macro_f1=91.7241 | prototype_update=no
2026-06-25 09:23:00 | INFO | RUN_MODE=deterministic_smoke_test | dataset=PlantDoc | method=ResNet-50 | stage=loader | lr=0.00005305 | val_macro_f1=88.0493 | prototype_update=no
2026-06-25 10:18:00 | INFO | RUN_MODE=deterministic_smoke_test | dataset=PlantDoc | method=ResNet-50 | stage=train | lr=0.00006506 | val_macro_f1=85.6045 | prototype_update=no
2026-06-25 13:48:00 | INFO | RUN_MODE=deterministic_smoke_test | dataset=PlantDoc | method=ResNet-50 | stage=eval | lr=0.00007964 | val_macro_f1=87.6779 | prototype_update=no
2026-06-25 09:23:00 | INFO | RUN_MODE=deterministic_smoke_test | dataset=PlantDoc | method=EfficientNet-B3 | stage=loader | lr=0.00008137 | val_macro_f1=88.5757 | prototype_update=no
2026-06-25 11:48:00 | INFO | RUN_MODE=deterministic_smoke_test | dataset=PlantDoc | method=EfficientNet-B3 | stage=train | lr=0.00008513 | val_macro_f1=87.6786 | prototype_update=no
2026-06-25 12:33:00 | INFO | RUN_MODE=deterministic_smoke_test | dataset=PlantDoc | method=EfficientNet-B3 | stage=eval | lr=0.00008297 | val_macro_f1=86.4063 | prototype_update=no
2026-06-25 08:56:00 | INFO | RUN_MODE=deterministic_smoke_test | dataset=PlantDoc | method=ConvNeXt-Tiny | stage=loader | lr=0.00009405 | val_macro_f1=89.8087 | prototype_update=no
2026-06-25 11:24:00 | INFO | RUN_MODE=deterministic_smoke_test | dataset=PlantDoc | method=ConvNeXt-Tiny | stage=train | lr=0.00009422 | val_macro_f1=87.1348 | prototype_update=no
2026-06-25 13:16:00 | INFO | RUN_MODE=deterministic_smoke_test | dataset=PlantDoc | method=ConvNeXt-Tiny | stage=eval | lr=0.00005796 | val_macro_f1=88.3964 | prototype_update=no
2026-06-25 08:43:00 | INFO | RUN_MODE=deterministic_smoke_test | dataset=PlantDoc | method=Swin-Tiny | stage=loader | lr=0.00005326 | val_macro_f1=88.5335 | prototype_update=no
2026-06-25 11:27:00 | INFO | RUN_MODE=deterministic_smoke_test | dataset=PlantDoc | method=Swin-Tiny | stage=train | lr=0.00005221 | val_macro_f1=84.3608 | prototype_update=no
2026-06-25 13:39:00 | INFO | RUN_MODE=deterministic_smoke_test | dataset=PlantDoc | method=Swin-Tiny | stage=eval | lr=0.00008931 | val_macro_f1=85.5726 | prototype_update=no
2026-06-25 09:58:00 | INFO | RUN_MODE=deterministic_smoke_test | dataset=PlantDoc | method=ConvNeXt+ARM | stage=loader | lr=0.00006023 | val_macro_f1=87.5927 | prototype_update=no
2026-06-25 10:24:00 | INFO | RUN_MODE=deterministic_smoke_test | dataset=PlantDoc | method=ConvNeXt+ARM | stage=train | lr=0.00007384 | val_macro_f1=84.4292 | prototype_update=no
2026-06-25 12:26:00 | INFO | RUN_MODE=deterministic_smoke_test | dataset=PlantDoc | method=ConvNeXt+ARM | stage=eval | lr=0.00008889 | val_macro_f1=91.6103 | prototype_update=no
2026-06-25 09:06:00 | INFO | RUN_MODE=deterministic_smoke_test | dataset=PlantDoc | method=UAMP-Net | stage=loader | lr=0.00008814 | val_macro_f1=88.7572 | prototype_update=no
2026-06-25 11:59:00 | INFO | RUN_MODE=deterministic_smoke_test | dataset=PlantDoc | method=UAMP-Net | stage=train | lr=0.00009907 | val_macro_f1=86.0436 | prototype_update=yes
2026-06-25 13:46:00 | INFO | RUN_MODE=deterministic_smoke_test | dataset=PlantDoc | method=UAMP-Net | stage=eval | lr=0.00006698 | val_macro_f1=88.7499 | prototype_update=no
2026-06-25 08:48:00 | INFO | RUN_MODE=deterministic_smoke_test | dataset=CUB-200-2011 | method=ResNet-50 | stage=loader | lr=0.00007720 | val_macro_f1=87.7356 | prototype_update=no
2026-06-25 10:25:00 | INFO | RUN_MODE=deterministic_smoke_test | dataset=CUB-200-2011 | method=ResNet-50 | stage=train | lr=0.00005108 | val_macro_f1=87.6291 | prototype_update=no
2026-06-25 13:26:00 | INFO | RUN_MODE=deterministic_smoke_test | dataset=CUB-200-2011 | method=ResNet-50 | stage=eval | lr=0.00005230 | val_macro_f1=89.7246 | prototype_update=no
2026-06-25 09:15:00 | INFO | RUN_MODE=deterministic_smoke_test | dataset=CUB-200-2011 | method=EfficientNet-B3 | stage=loader | lr=0.00009964 | val_macro_f1=90.1867 | prototype_update=no
2026-06-25 12:11:00 | INFO | RUN_MODE=deterministic_smoke_test | dataset=CUB-200-2011 | method=EfficientNet-B3 | stage=train | lr=0.00008829 | val_macro_f1=87.3779 | prototype_update=no
2026-06-25 12:24:00 | INFO | RUN_MODE=deterministic_smoke_test | dataset=CUB-200-2011 | method=EfficientNet-B3 | stage=eval | lr=0.00006092 | val_macro_f1=90.9441 | prototype_update=no
2026-06-25 09:47:00 | INFO | RUN_MODE=deterministic_smoke_test | dataset=CUB-200-2011 | method=ConvNeXt-Tiny | stage=loader | lr=0.00008638 | val_macro_f1=91.8707 | prototype_update=no
2026-06-25 11:55:00 | INFO | RUN_MODE=deterministic_smoke_test | dataset=CUB-200-2011 | method=ConvNeXt-Tiny | stage=train | lr=0.00007097 | val_macro_f1=90.3068 | prototype_update=no
2026-06-25 13:17:00 | INFO | RUN_MODE=deterministic_smoke_test | dataset=CUB-200-2011 | method=ConvNeXt-Tiny | stage=eval | lr=0.00008102 | val_macro_f1=84.2555 | prototype_update=no
2026-06-25 09:58:00 | INFO | RUN_MODE=deterministic_smoke_test | dataset=CUB-200-2011 | method=Swin-Tiny | stage=loader | lr=0.00009706 | val_macro_f1=86.0478 | prototype_update=no
2026-06-25 10:39:00 | INFO | RUN_MODE=deterministic_smoke_test | dataset=CUB-200-2011 | method=Swin-Tiny | stage=train | lr=0.00009791 | val_macro_f1=91.1496 | prototype_update=no
2026-06-25 13:37:00 | INFO | RUN_MODE=deterministic_smoke_test | dataset=CUB-200-2011 | method=Swin-Tiny | stage=eval | lr=0.00005321 | val_macro_f1=89.3847 | prototype_update=no
2026-06-25 08:50:00 | INFO | RUN_MODE=deterministic_smoke_test | dataset=CUB-200-2011 | method=ConvNeXt+ARM | stage=loader | lr=0.00009142 | val_macro_f1=84.0969 | prototype_update=no
2026-06-25 11:08:00 | INFO | RUN_MODE=deterministic_smoke_test | dataset=CUB-200-2011 | method=ConvNeXt+ARM | stage=train | lr=0.00007290 | val_macro_f1=85.4141 | prototype_update=no
2026-06-25 13:46:00 | INFO | RUN_MODE=deterministic_smoke_test | dataset=CUB-200-2011 | method=ConvNeXt+ARM | stage=eval | lr=0.00007864 | val_macro_f1=91.0755 | prototype_update=no
2026-06-25 08:55:00 | INFO | RUN_MODE=deterministic_smoke_test | dataset=CUB-200-2011 | method=UAMP-Net | stage=loader | lr=0.00006132 | val_macro_f1=92.1195 | prototype_update=no
2026-06-25 10:53:00 | INFO | RUN_MODE=deterministic_smoke_test | dataset=CUB-200-2011 | method=UAMP-Net | stage=train | lr=0.00008198 | val_macro_f1=89.5396 | prototype_update=yes
2026-06-25 13:28:00 | INFO | RUN_MODE=deterministic_smoke_test | dataset=CUB-200-2011 | method=UAMP-Net | stage=eval | lr=0.00006151 | val_macro_f1=86.7759 | prototype_update=no
2026-06-26 08:17:00 | INFO | RUN_MODE=deterministic_smoke_test | dataset=PlantVillage | method=ResNet-50 | stage=loader | lr=0.00009654 | val_macro_f1=91.7962 | prototype_update=no
2026-06-26 11:16:00 | INFO | RUN_MODE=deterministic_smoke_test | dataset=PlantVillage | method=ResNet-50 | stage=train | lr=0.00008071 | val_macro_f1=88.1496 | prototype_update=no
2026-06-26 13:19:00 | INFO | RUN_MODE=deterministic_smoke_test | dataset=PlantVillage | method=ResNet-50 | stage=eval | lr=0.00005269 | val_macro_f1=86.4260 | prototype_update=no
2026-06-26 09:25:00 | INFO | RUN_MODE=deterministic_smoke_test | dataset=PlantVillage | method=EfficientNet-B3 | stage=loader | lr=0.00009112 | val_macro_f1=88.8211 | prototype_update=no
2026-06-26 10:44:00 | INFO | RUN_MODE=deterministic_smoke_test | dataset=PlantVillage | method=EfficientNet-B3 | stage=train | lr=0.00005681 | val_macro_f1=85.1788 | prototype_update=no
2026-06-26 12:31:00 | INFO | RUN_MODE=deterministic_smoke_test | dataset=PlantVillage | method=EfficientNet-B3 | stage=eval | lr=0.00006075 | val_macro_f1=91.4648 | prototype_update=no
2026-06-26 08:41:00 | INFO | RUN_MODE=deterministic_smoke_test | dataset=PlantVillage | method=ConvNeXt-Tiny | stage=loader | lr=0.00008133 | val_macro_f1=89.9341 | prototype_update=no
2026-06-26 11:01:00 | INFO | RUN_MODE=deterministic_smoke_test | dataset=PlantVillage | method=ConvNeXt-Tiny | stage=train | lr=0.00006891 | val_macro_f1=90.0778 | prototype_update=no
2026-06-26 13:00:00 | INFO | RUN_MODE=deterministic_smoke_test | dataset=PlantVillage | method=ConvNeXt-Tiny | stage=eval | lr=0.00005119 | val_macro_f1=89.8304 | prototype_update=no
2026-06-26 09:05:00 | INFO | RUN_MODE=deterministic_smoke_test | dataset=PlantVillage | method=Swin-Tiny | stage=loader | lr=0.00008903 | val_macro_f1=88.3957 | prototype_update=no
2026-06-26 11:28:00 | INFO | RUN_MODE=deterministic_smoke_test | dataset=PlantVillage | method=Swin-Tiny | stage=train | lr=0.00006780 | val_macro_f1=90.9857 | prototype_update=no
2026-06-26 12:49:00 | INFO | RUN_MODE=deterministic_smoke_test | dataset=PlantVillage | method=Swin-Tiny | stage=eval | lr=0.00009326 | val_macro_f1=87.6334 | prototype_update=no
2026-06-26 09:43:00 | INFO | RUN_MODE=deterministic_smoke_test | dataset=PlantVillage | method=ConvNeXt+ARM | stage=loader | lr=0.00005148 | val_macro_f1=87.8186 | prototype_update=no
2026-06-26 10:54:00 | INFO | RUN_MODE=deterministic_smoke_test | dataset=PlantVillage | method=ConvNeXt+ARM | stage=train | lr=0.00009059 | val_macro_f1=89.4297 | prototype_update=no
2026-06-26 14:12:00 | INFO | RUN_MODE=deterministic_smoke_test | dataset=PlantVillage | method=ConvNeXt+ARM | stage=eval | lr=0.00005809 | val_macro_f1=89.1065 | prototype_update=no
2026-06-26 08:31:00 | INFO | RUN_MODE=deterministic_smoke_test | dataset=PlantVillage | method=UAMP-Net | stage=loader | lr=0.00009736 | val_macro_f1=87.9786 | prototype_update=no
2026-06-26 10:46:00 | INFO | RUN_MODE=deterministic_smoke_test | dataset=PlantVillage | method=UAMP-Net | stage=train | lr=0.00005778 | val_macro_f1=91.9048 | prototype_update=yes
2026-06-26 13:37:00 | INFO | RUN_MODE=deterministic_smoke_test | dataset=PlantVillage | method=UAMP-Net | stage=eval | lr=0.00007410 | val_macro_f1=93.1472 | prototype_update=no
2026-06-26 09:49:00 | INFO | RUN_MODE=deterministic_smoke_test | dataset=PlantDoc | method=ResNet-50 | stage=loader | lr=0.00007945 | val_macro_f1=85.7646 | prototype_update=no
2026-06-26 11:22:00 | INFO | RUN_MODE=deterministic_smoke_test | dataset=PlantDoc | method=ResNet-50 | stage=train | lr=0.00005100 | val_macro_f1=87.8953 | prototype_update=no
2026-06-26 13:33:00 | INFO | RUN_MODE=deterministic_smoke_test | dataset=PlantDoc | method=ResNet-50 | stage=eval | lr=0.00009757 | val_macro_f1=89.5240 | prototype_update=no
2026-06-26 08:37:00 | INFO | RUN_MODE=deterministic_smoke_test | dataset=PlantDoc | method=EfficientNet-B3 | stage=loader | lr=0.00009229 | val_macro_f1=86.6190 | prototype_update=no
2026-06-26 10:46:00 | INFO | RUN_MODE=deterministic_smoke_test | dataset=PlantDoc | method=EfficientNet-B3 | stage=train | lr=0.00005074 | val_macro_f1=86.9568 | prototype_update=no
2026-06-26 13:19:00 | INFO | RUN_MODE=deterministic_smoke_test | dataset=PlantDoc | method=EfficientNet-B3 | stage=eval | lr=0.00005230 | val_macro_f1=89.4554 | prototype_update=no
2026-06-26 09:36:00 | INFO | RUN_MODE=deterministic_smoke_test | dataset=PlantDoc | method=ConvNeXt-Tiny | stage=loader | lr=0.00009538 | val_macro_f1=89.7386 | prototype_update=no
2026-06-26 11:52:00 | INFO | RUN_MODE=deterministic_smoke_test | dataset=PlantDoc | method=ConvNeXt-Tiny | stage=train | lr=0.00008835 | val_macro_f1=85.5403 | prototype_update=no
2026-06-26 12:21:00 | INFO | RUN_MODE=deterministic_smoke_test | dataset=PlantDoc | method=ConvNeXt-Tiny | stage=eval | lr=0.00006238 | val_macro_f1=86.0707 | prototype_update=no
2026-06-26 09:10:00 | INFO | RUN_MODE=deterministic_smoke_test | dataset=PlantDoc | method=Swin-Tiny | stage=loader | lr=0.00005248 | val_macro_f1=88.6794 | prototype_update=no
2026-06-26 10:51:00 | INFO | RUN_MODE=deterministic_smoke_test | dataset=PlantDoc | method=Swin-Tiny | stage=train | lr=0.00009371 | val_macro_f1=91.5049 | prototype_update=no
2026-06-26 13:44:00 | INFO | RUN_MODE=deterministic_smoke_test | dataset=PlantDoc | method=Swin-Tiny | stage=eval | lr=0.00007244 | val_macro_f1=89.5228 | prototype_update=no
2026-06-26 09:06:00 | INFO | RUN_MODE=deterministic_smoke_test | dataset=PlantDoc | method=ConvNeXt+ARM | stage=loader | lr=0.00008235 | val_macro_f1=89.2091 | prototype_update=no
2026-06-26 11:18:00 | INFO | RUN_MODE=deterministic_smoke_test | dataset=PlantDoc | method=ConvNeXt+ARM | stage=train | lr=0.00005310 | val_macro_f1=86.6422 | prototype_update=no
2026-06-26 14:13:00 | INFO | RUN_MODE=deterministic_smoke_test | dataset=PlantDoc | method=ConvNeXt+ARM | stage=eval | lr=0.00007986 | val_macro_f1=88.5330 | prototype_update=no
2026-06-26 10:01:00 | INFO | RUN_MODE=deterministic_smoke_test | dataset=PlantDoc | method=UAMP-Net | stage=loader | lr=0.00007372 | val_macro_f1=93.3406 | prototype_update=no
2026-06-26 11:43:00 | INFO | RUN_MODE=deterministic_smoke_test | dataset=PlantDoc | method=UAMP-Net | stage=train | lr=0.00006664 | val_macro_f1=91.3401 | prototype_update=yes
2026-06-26 13:56:00 | INFO | RUN_MODE=deterministic_smoke_test | dataset=PlantDoc | method=UAMP-Net | stage=eval | lr=0.00008926 | val_macro_f1=88.0044 | prototype_update=no
2026-06-26 08:18:00 | INFO | RUN_MODE=deterministic_smoke_test | dataset=CUB-200-2011 | method=ResNet-50 | stage=loader | lr=0.00005551 | val_macro_f1=90.1358 | prototype_update=no
2026-06-26 12:11:00 | INFO | RUN_MODE=deterministic_smoke_test | dataset=CUB-200-2011 | method=ResNet-50 | stage=train | lr=0.00005396 | val_macro_f1=85.8454 | prototype_update=no
2026-06-26 13:47:00 | INFO | RUN_MODE=deterministic_smoke_test | dataset=CUB-200-2011 | method=ResNet-50 | stage=eval | lr=0.00006762 | val_macro_f1=89.6687 | prototype_update=no
2026-06-26 09:52:00 | INFO | RUN_MODE=deterministic_smoke_test | dataset=CUB-200-2011 | method=EfficientNet-B3 | stage=loader | lr=0.00007510 | val_macro_f1=87.1881 | prototype_update=no
2026-06-26 11:03:00 | INFO | RUN_MODE=deterministic_smoke_test | dataset=CUB-200-2011 | method=EfficientNet-B3 | stage=train | lr=0.00007514 | val_macro_f1=84.2571 | prototype_update=no
2026-06-26 13:43:00 | INFO | RUN_MODE=deterministic_smoke_test | dataset=CUB-200-2011 | method=EfficientNet-B3 | stage=eval | lr=0.00009522 | val_macro_f1=91.1098 | prototype_update=no
2026-06-26 09:44:00 | INFO | RUN_MODE=deterministic_smoke_test | dataset=CUB-200-2011 | method=ConvNeXt-Tiny | stage=loader | lr=0.00008788 | val_macro_f1=91.5617 | prototype_update=no
2026-06-26 11:00:00 | INFO | RUN_MODE=deterministic_smoke_test | dataset=CUB-200-2011 | method=ConvNeXt-Tiny | stage=train | lr=0.00006739 | val_macro_f1=88.5411 | prototype_update=no
2026-06-26 13:42:00 | INFO | RUN_MODE=deterministic_smoke_test | dataset=CUB-200-2011 | method=ConvNeXt-Tiny | stage=eval | lr=0.00009725 | val_macro_f1=86.0484 | prototype_update=no
2026-06-26 08:20:00 | INFO | RUN_MODE=deterministic_smoke_test | dataset=CUB-200-2011 | method=Swin-Tiny | stage=loader | lr=0.00009978 | val_macro_f1=84.7528 | prototype_update=no
2026-06-26 10:41:00 | INFO | RUN_MODE=deterministic_smoke_test | dataset=CUB-200-2011 | method=Swin-Tiny | stage=train | lr=0.00008925 | val_macro_f1=91.6626 | prototype_update=no
2026-06-26 12:56:00 | INFO | RUN_MODE=deterministic_smoke_test | dataset=CUB-200-2011 | method=Swin-Tiny | stage=eval | lr=0.00009824 | val_macro_f1=86.0983 | prototype_update=no
2026-06-26 09:06:00 | INFO | RUN_MODE=deterministic_smoke_test | dataset=CUB-200-2011 | method=ConvNeXt+ARM | stage=loader | lr=0.00006191 | val_macro_f1=91.8406 | prototype_update=no
2026-06-26 10:56:00 | INFO | RUN_MODE=deterministic_smoke_test | dataset=CUB-200-2011 | method=ConvNeXt+ARM | stage=train | lr=0.00009872 | val_macro_f1=90.7328 | prototype_update=no
2026-06-26 12:56:00 | INFO | RUN_MODE=deterministic_smoke_test | dataset=CUB-200-2011 | method=ConvNeXt+ARM | stage=eval | lr=0.00008139 | val_macro_f1=84.1073 | prototype_update=no
2026-06-26 09:15:00 | INFO | RUN_MODE=deterministic_smoke_test | dataset=CUB-200-2011 | method=UAMP-Net | stage=loader | lr=0.00007453 | val_macro_f1=87.4505 | prototype_update=no
2026-06-26 10:25:00 | INFO | RUN_MODE=deterministic_smoke_test | dataset=CUB-200-2011 | method=UAMP-Net | stage=train | lr=0.00008881 | val_macro_f1=88.5313 | prototype_update=yes
2026-06-26 13:12:00 | INFO | RUN_MODE=deterministic_smoke_test | dataset=CUB-200-2011 | method=UAMP-Net | stage=eval | lr=0.00006436 | val_macro_f1=93.7144 | prototype_update=no
2026-06-27 09:37:00 | INFO | RUN_MODE=deterministic_smoke_test | dataset=PlantVillage | method=ResNet-50 | stage=loader | lr=0.00007067 | val_macro_f1=89.2515 | prototype_update=no
2026-06-27 11:18:00 | INFO | RUN_MODE=deterministic_smoke_test | dataset=PlantVillage | method=ResNet-50 | stage=train | lr=0.00008801 | val_macro_f1=85.6829 | prototype_update=no
2026-06-27 13:39:00 | INFO | RUN_MODE=deterministic_smoke_test | dataset=PlantVillage | method=ResNet-50 | stage=eval | lr=0.00009563 | val_macro_f1=84.2338 | prototype_update=no
2026-06-27 09:01:00 | INFO | RUN_MODE=deterministic_smoke_test | dataset=PlantVillage | method=EfficientNet-B3 | stage=loader | lr=0.00006936 | val_macro_f1=89.5456 | prototype_update=no
2026-06-27 11:11:00 | INFO | RUN_MODE=deterministic_smoke_test | dataset=PlantVillage | method=EfficientNet-B3 | stage=train | lr=0.00009934 | val_macro_f1=89.5590 | prototype_update=no
2026-06-27 14:00:00 | INFO | RUN_MODE=deterministic_smoke_test | dataset=PlantVillage | method=EfficientNet-B3 | stage=eval | lr=0.00008915 | val_macro_f1=84.6723 | prototype_update=no
2026-06-27 09:42:00 | INFO | RUN_MODE=deterministic_smoke_test | dataset=PlantVillage | method=ConvNeXt-Tiny | stage=loader | lr=0.00005848 | val_macro_f1=84.4192 | prototype_update=no
2026-06-27 11:07:00 | INFO | RUN_MODE=deterministic_smoke_test | dataset=PlantVillage | method=ConvNeXt-Tiny | stage=train | lr=0.00007229 | val_macro_f1=88.7078 | prototype_update=no
2026-06-27 12:37:00 | INFO | RUN_MODE=deterministic_smoke_test | dataset=PlantVillage | method=ConvNeXt-Tiny | stage=eval | lr=0.00009666 | val_macro_f1=86.7172 | prototype_update=no
2026-06-27 08:58:00 | INFO | RUN_MODE=deterministic_smoke_test | dataset=PlantVillage | method=Swin-Tiny | stage=loader | lr=0.00005237 | val_macro_f1=89.6609 | prototype_update=no
2026-06-27 11:44:00 | INFO | RUN_MODE=deterministic_smoke_test | dataset=PlantVillage | method=Swin-Tiny | stage=train | lr=0.00005505 | val_macro_f1=85.9381 | prototype_update=no
2026-06-27 13:34:00 | INFO | RUN_MODE=deterministic_smoke_test | dataset=PlantVillage | method=Swin-Tiny | stage=eval | lr=0.00008086 | val_macro_f1=91.1379 | prototype_update=no
2026-06-27 08:31:00 | INFO | RUN_MODE=deterministic_smoke_test | dataset=PlantVillage | method=ConvNeXt+ARM | stage=loader | lr=0.00007892 | val_macro_f1=89.0834 | prototype_update=no
2026-06-27 11:01:00 | INFO | RUN_MODE=deterministic_smoke_test | dataset=PlantVillage | method=ConvNeXt+ARM | stage=train | lr=0.00008867 | val_macro_f1=91.5321 | prototype_update=no
2026-06-27 14:05:00 | INFO | RUN_MODE=deterministic_smoke_test | dataset=PlantVillage | method=ConvNeXt+ARM | stage=eval | lr=0.00008279 | val_macro_f1=86.7449 | prototype_update=no
2026-06-27 09:38:00 | INFO | RUN_MODE=deterministic_smoke_test | dataset=PlantVillage | method=UAMP-Net | stage=loader | lr=0.00009587 | val_macro_f1=89.9736 | prototype_update=no
2026-06-27 10:27:00 | INFO | RUN_MODE=deterministic_smoke_test | dataset=PlantVillage | method=UAMP-Net | stage=train | lr=0.00005222 | val_macro_f1=91.7689 | prototype_update=yes
2026-06-27 12:27:00 | INFO | RUN_MODE=deterministic_smoke_test | dataset=PlantVillage | method=UAMP-Net | stage=eval | lr=0.00006313 | val_macro_f1=86.7995 | prototype_update=no
2026-06-27 09:27:00 | INFO | RUN_MODE=deterministic_smoke_test | dataset=PlantDoc | method=ResNet-50 | stage=loader | lr=0.00007933 | val_macro_f1=90.2376 | prototype_update=no
2026-06-27 11:18:00 | INFO | RUN_MODE=deterministic_smoke_test | dataset=PlantDoc | method=ResNet-50 | stage=train | lr=0.00006841 | val_macro_f1=84.3594 | prototype_update=no
2026-06-27 12:47:00 | INFO | RUN_MODE=deterministic_smoke_test | dataset=PlantDoc | method=ResNet-50 | stage=eval | lr=0.00009505 | val_macro_f1=90.9946 | prototype_update=no
2026-06-27 08:39:00 | INFO | RUN_MODE=deterministic_smoke_test | dataset=PlantDoc | method=EfficientNet-B3 | stage=loader | lr=0.00008527 | val_macro_f1=89.8695 | prototype_update=no
2026-06-27 12:01:00 | INFO | RUN_MODE=deterministic_smoke_test | dataset=PlantDoc | method=EfficientNet-B3 | stage=train | lr=0.00007505 | val_macro_f1=90.4537 | prototype_update=no
2026-06-27 13:03:00 | INFO | RUN_MODE=deterministic_smoke_test | dataset=PlantDoc | method=EfficientNet-B3 | stage=eval | lr=0.00006516 | val_macro_f1=86.8896 | prototype_update=no
2026-06-27 09:53:00 | INFO | RUN_MODE=deterministic_smoke_test | dataset=PlantDoc | method=ConvNeXt-Tiny | stage=loader | lr=0.00007912 | val_macro_f1=91.6210 | prototype_update=no
2026-06-27 11:01:00 | INFO | RUN_MODE=deterministic_smoke_test | dataset=PlantDoc | method=ConvNeXt-Tiny | stage=train | lr=0.00006707 | val_macro_f1=90.8366 | prototype_update=no
2026-06-27 12:47:00 | INFO | RUN_MODE=deterministic_smoke_test | dataset=PlantDoc | method=ConvNeXt-Tiny | stage=eval | lr=0.00009367 | val_macro_f1=86.2938 | prototype_update=no
2026-06-27 10:00:00 | INFO | RUN_MODE=deterministic_smoke_test | dataset=PlantDoc | method=Swin-Tiny | stage=loader | lr=0.00008167 | val_macro_f1=91.0553 | prototype_update=no
2026-06-27 10:55:00 | INFO | RUN_MODE=deterministic_smoke_test | dataset=PlantDoc | method=Swin-Tiny | stage=train | lr=0.00008602 | val_macro_f1=90.9540 | prototype_update=no
2026-06-27 12:22:00 | INFO | RUN_MODE=deterministic_smoke_test | dataset=PlantDoc | method=Swin-Tiny | stage=eval | lr=0.00008137 | val_macro_f1=91.7505 | prototype_update=no
2026-06-27 08:33:00 | INFO | RUN_MODE=deterministic_smoke_test | dataset=PlantDoc | method=ConvNeXt+ARM | stage=loader | lr=0.00006799 | val_macro_f1=85.7589 | prototype_update=no
2026-06-27 10:29:00 | INFO | RUN_MODE=deterministic_smoke_test | dataset=PlantDoc | method=ConvNeXt+ARM | stage=train | lr=0.00007132 | val_macro_f1=87.1449 | prototype_update=no
2026-06-27 12:20:00 | INFO | RUN_MODE=deterministic_smoke_test | dataset=PlantDoc | method=ConvNeXt+ARM | stage=eval | lr=0.00006947 | val_macro_f1=89.9947 | prototype_update=no
2026-06-27 09:52:00 | INFO | RUN_MODE=deterministic_smoke_test | dataset=PlantDoc | method=UAMP-Net | stage=loader | lr=0.00009527 | val_macro_f1=91.0042 | prototype_update=no
2026-06-27 10:48:00 | INFO | RUN_MODE=deterministic_smoke_test | dataset=PlantDoc | method=UAMP-Net | stage=train | lr=0.00005882 | val_macro_f1=93.3179 | prototype_update=yes
2026-06-27 12:47:00 | INFO | RUN_MODE=deterministic_smoke_test | dataset=PlantDoc | method=UAMP-Net | stage=eval | lr=0.00006206 | val_macro_f1=89.9794 | prototype_update=no
2026-06-27 08:18:00 | INFO | RUN_MODE=deterministic_smoke_test | dataset=CUB-200-2011 | method=ResNet-50 | stage=loader | lr=0.00006890 | val_macro_f1=89.1561 | prototype_update=no
2026-06-27 11:04:00 | INFO | RUN_MODE=deterministic_smoke_test | dataset=CUB-200-2011 | method=ResNet-50 | stage=train | lr=0.00009537 | val_macro_f1=90.3402 | prototype_update=no
2026-06-27 12:32:00 | INFO | RUN_MODE=deterministic_smoke_test | dataset=CUB-200-2011 | method=ResNet-50 | stage=eval | lr=0.00008365 | val_macro_f1=87.8984 | prototype_update=no
2026-06-27 09:01:00 | INFO | RUN_MODE=deterministic_smoke_test | dataset=CUB-200-2011 | method=EfficientNet-B3 | stage=loader | lr=0.00005483 | val_macro_f1=88.3185 | prototype_update=no
2026-06-27 10:58:00 | INFO | RUN_MODE=deterministic_smoke_test | dataset=CUB-200-2011 | method=EfficientNet-B3 | stage=train | lr=0.00008089 | val_macro_f1=88.9979 | prototype_update=no
2026-06-27 13:53:00 | INFO | RUN_MODE=deterministic_smoke_test | dataset=CUB-200-2011 | method=EfficientNet-B3 | stage=eval | lr=0.00005786 | val_macro_f1=91.4961 | prototype_update=no
2026-06-27 10:07:00 | INFO | RUN_MODE=deterministic_smoke_test | dataset=CUB-200-2011 | method=ConvNeXt-Tiny | stage=loader | lr=0.00009830 | val_macro_f1=91.2154 | prototype_update=no
2026-06-27 11:25:00 | INFO | RUN_MODE=deterministic_smoke_test | dataset=CUB-200-2011 | method=ConvNeXt-Tiny | stage=train | lr=0.00007125 | val_macro_f1=84.4726 | prototype_update=no
2026-06-27 12:55:00 | INFO | RUN_MODE=deterministic_smoke_test | dataset=CUB-200-2011 | method=ConvNeXt-Tiny | stage=eval | lr=0.00005071 | val_macro_f1=88.5518 | prototype_update=no
2026-06-27 09:01:00 | INFO | RUN_MODE=deterministic_smoke_test | dataset=CUB-200-2011 | method=Swin-Tiny | stage=loader | lr=0.00007456 | val_macro_f1=91.4816 | prototype_update=no
2026-06-27 10:32:00 | INFO | RUN_MODE=deterministic_smoke_test | dataset=CUB-200-2011 | method=Swin-Tiny | stage=train | lr=0.00008664 | val_macro_f1=88.3136 | prototype_update=no
2026-06-27 14:08:00 | INFO | RUN_MODE=deterministic_smoke_test | dataset=CUB-200-2011 | method=Swin-Tiny | stage=eval | lr=0.00005066 | val_macro_f1=87.6001 | prototype_update=no
2026-06-27 09:17:00 | INFO | RUN_MODE=deterministic_smoke_test | dataset=CUB-200-2011 | method=ConvNeXt+ARM | stage=loader | lr=0.00009395 | val_macro_f1=89.1318 | prototype_update=no
2026-06-27 11:21:00 | INFO | RUN_MODE=deterministic_smoke_test | dataset=CUB-200-2011 | method=ConvNeXt+ARM | stage=train | lr=0.00009042 | val_macro_f1=88.4424 | prototype_update=no
2026-06-27 13:57:00 | INFO | RUN_MODE=deterministic_smoke_test | dataset=CUB-200-2011 | method=ConvNeXt+ARM | stage=eval | lr=0.00005946 | val_macro_f1=87.5636 | prototype_update=no
2026-06-27 10:05:00 | INFO | RUN_MODE=deterministic_smoke_test | dataset=CUB-200-2011 | method=UAMP-Net | stage=loader | lr=0.00005152 | val_macro_f1=90.4454 | prototype_update=no
2026-06-27 11:11:00 | INFO | RUN_MODE=deterministic_smoke_test | dataset=CUB-200-2011 | method=UAMP-Net | stage=train | lr=0.00006552 | val_macro_f1=90.0443 | prototype_update=yes
2026-06-27 13:47:00 | INFO | RUN_MODE=deterministic_smoke_test | dataset=CUB-200-2011 | method=UAMP-Net | stage=eval | lr=0.00005947 | val_macro_f1=88.2972 | prototype_update=no
2026-06-28 10:00:00 | INFO | RUN_MODE=deterministic_smoke_test | dataset=PlantVillage | method=ResNet-50 | stage=loader | lr=0.00007502 | val_macro_f1=90.9433 | prototype_update=no
2026-06-28 10:21:00 | INFO | RUN_MODE=deterministic_smoke_test | dataset=PlantVillage | method=ResNet-50 | stage=train | lr=0.00007677 | val_macro_f1=87.7778 | prototype_update=no
2026-06-28 12:53:00 | INFO | RUN_MODE=deterministic_smoke_test | dataset=PlantVillage | method=ResNet-50 | stage=eval | lr=0.00008469 | val_macro_f1=88.9328 | prototype_update=no
2026-06-28 08:41:00 | INFO | RUN_MODE=deterministic_smoke_test | dataset=PlantVillage | method=EfficientNet-B3 | stage=loader | lr=0.00008719 | val_macro_f1=91.6973 | prototype_update=no
2026-06-28 11:27:00 | INFO | RUN_MODE=deterministic_smoke_test | dataset=PlantVillage | method=EfficientNet-B3 | stage=train | lr=0.00005601 | val_macro_f1=89.8695 | prototype_update=no
2026-06-28 13:10:00 | INFO | RUN_MODE=deterministic_smoke_test | dataset=PlantVillage | method=EfficientNet-B3 | stage=eval | lr=0.00005921 | val_macro_f1=84.7034 | prototype_update=no
2026-06-28 08:25:00 | INFO | RUN_MODE=deterministic_smoke_test | dataset=PlantVillage | method=ConvNeXt-Tiny | stage=loader | lr=0.00008745 | val_macro_f1=89.0634 | prototype_update=no
2026-06-28 11:46:00 | INFO | RUN_MODE=deterministic_smoke_test | dataset=PlantVillage | method=ConvNeXt-Tiny | stage=train | lr=0.00007091 | val_macro_f1=91.5431 | prototype_update=no
2026-06-28 13:01:00 | INFO | RUN_MODE=deterministic_smoke_test | dataset=PlantVillage | method=ConvNeXt-Tiny | stage=eval | lr=0.00009202 | val_macro_f1=87.9393 | prototype_update=no
2026-06-28 08:21:00 | INFO | RUN_MODE=deterministic_smoke_test | dataset=PlantVillage | method=Swin-Tiny | stage=loader | lr=0.00009994 | val_macro_f1=90.2468 | prototype_update=no
2026-06-28 12:13:00 | INFO | RUN_MODE=deterministic_smoke_test | dataset=PlantVillage | method=Swin-Tiny | stage=train | lr=0.00009543 | val_macro_f1=91.2292 | prototype_update=no
2026-06-28 12:21:00 | INFO | RUN_MODE=deterministic_smoke_test | dataset=PlantVillage | method=Swin-Tiny | stage=eval | lr=0.00007123 | val_macro_f1=90.1147 | prototype_update=no
2026-06-28 10:07:00 | INFO | RUN_MODE=deterministic_smoke_test | dataset=PlantVillage | method=ConvNeXt+ARM | stage=loader | lr=0.00007203 | val_macro_f1=87.2209 | prototype_update=no
2026-06-28 11:54:00 | INFO | RUN_MODE=deterministic_smoke_test | dataset=PlantVillage | method=ConvNeXt+ARM | stage=train | lr=0.00005147 | val_macro_f1=91.9459 | prototype_update=no
2026-06-28 13:57:00 | INFO | RUN_MODE=deterministic_smoke_test | dataset=PlantVillage | method=ConvNeXt+ARM | stage=eval | lr=0.00008394 | val_macro_f1=85.8646 | prototype_update=no
2026-06-28 09:10:00 | INFO | RUN_MODE=deterministic_smoke_test | dataset=PlantVillage | method=UAMP-Net | stage=loader | lr=0.00007268 | val_macro_f1=92.4410 | prototype_update=no
2026-06-28 11:45:00 | INFO | RUN_MODE=deterministic_smoke_test | dataset=PlantVillage | method=UAMP-Net | stage=train | lr=0.00009269 | val_macro_f1=87.3537 | prototype_update=yes
2026-06-28 12:15:00 | INFO | RUN_MODE=deterministic_smoke_test | dataset=PlantVillage | method=UAMP-Net | stage=eval | lr=0.00005296 | val_macro_f1=93.8707 | prototype_update=no
2026-06-28 09:19:00 | INFO | RUN_MODE=deterministic_smoke_test | dataset=PlantDoc | method=ResNet-50 | stage=loader | lr=0.00005283 | val_macro_f1=89.3619 | prototype_update=no
2026-06-28 10:16:00 | INFO | RUN_MODE=deterministic_smoke_test | dataset=PlantDoc | method=ResNet-50 | stage=train | lr=0.00007591 | val_macro_f1=90.1530 | prototype_update=no
2026-06-28 13:19:00 | INFO | RUN_MODE=deterministic_smoke_test | dataset=PlantDoc | method=ResNet-50 | stage=eval | lr=0.00008886 | val_macro_f1=86.3737 | prototype_update=no
2026-06-28 08:46:00 | INFO | RUN_MODE=deterministic_smoke_test | dataset=PlantDoc | method=EfficientNet-B3 | stage=loader | lr=0.00009429 | val_macro_f1=88.8536 | prototype_update=no
2026-06-28 11:30:00 | INFO | RUN_MODE=deterministic_smoke_test | dataset=PlantDoc | method=EfficientNet-B3 | stage=train | lr=0.00008905 | val_macro_f1=84.8969 | prototype_update=no
2026-06-28 12:56:00 | INFO | RUN_MODE=deterministic_smoke_test | dataset=PlantDoc | method=EfficientNet-B3 | stage=eval | lr=0.00005747 | val_macro_f1=90.2571 | prototype_update=no
2026-06-28 10:00:00 | INFO | RUN_MODE=deterministic_smoke_test | dataset=PlantDoc | method=ConvNeXt-Tiny | stage=loader | lr=0.00005105 | val_macro_f1=89.9646 | prototype_update=no
2026-06-28 10:31:00 | INFO | RUN_MODE=deterministic_smoke_test | dataset=PlantDoc | method=ConvNeXt-Tiny | stage=train | lr=0.00005137 | val_macro_f1=85.8299 | prototype_update=no
2026-06-28 13:35:00 | INFO | RUN_MODE=deterministic_smoke_test | dataset=PlantDoc | method=ConvNeXt-Tiny | stage=eval | lr=0.00009151 | val_macro_f1=84.5132 | prototype_update=no
2026-06-28 08:51:00 | INFO | RUN_MODE=deterministic_smoke_test | dataset=PlantDoc | method=Swin-Tiny | stage=loader | lr=0.00009251 | val_macro_f1=87.4484 | prototype_update=no
2026-06-28 11:44:00 | INFO | RUN_MODE=deterministic_smoke_test | dataset=PlantDoc | method=Swin-Tiny | stage=train | lr=0.00008372 | val_macro_f1=86.9159 | prototype_update=no
2026-06-28 12:47:00 | INFO | RUN_MODE=deterministic_smoke_test | dataset=PlantDoc | method=Swin-Tiny | stage=eval | lr=0.00005414 | val_macro_f1=84.3392 | prototype_update=no
2026-06-28 10:12:00 | INFO | RUN_MODE=deterministic_smoke_test | dataset=PlantDoc | method=ConvNeXt+ARM | stage=loader | lr=0.00005272 | val_macro_f1=88.3664 | prototype_update=no
2026-06-28 11:53:00 | INFO | RUN_MODE=deterministic_smoke_test | dataset=PlantDoc | method=ConvNeXt+ARM | stage=train | lr=0.00009455 | val_macro_f1=85.1789 | prototype_update=no
2026-06-28 14:13:00 | INFO | RUN_MODE=deterministic_smoke_test | dataset=PlantDoc | method=ConvNeXt+ARM | stage=eval | lr=0.00007181 | val_macro_f1=88.2549 | prototype_update=no
2026-06-28 09:34:00 | INFO | RUN_MODE=deterministic_smoke_test | dataset=PlantDoc | method=UAMP-Net | stage=loader | lr=0.00007280 | val_macro_f1=86.3513 | prototype_update=no
2026-06-28 11:56:00 | INFO | RUN_MODE=deterministic_smoke_test | dataset=PlantDoc | method=UAMP-Net | stage=train | lr=0.00005005 | val_macro_f1=89.8183 | prototype_update=yes
2026-06-28 14:12:00 | INFO | RUN_MODE=deterministic_smoke_test | dataset=PlantDoc | method=UAMP-Net | stage=eval | lr=0.00009037 | val_macro_f1=91.7136 | prototype_update=no
2026-06-28 09:49:00 | INFO | RUN_MODE=deterministic_smoke_test | dataset=CUB-200-2011 | method=ResNet-50 | stage=loader | lr=0.00008497 | val_macro_f1=91.8329 | prototype_update=no
2026-06-28 11:11:00 | INFO | RUN_MODE=deterministic_smoke_test | dataset=CUB-200-2011 | method=ResNet-50 | stage=train | lr=0.00008750 | val_macro_f1=91.1814 | prototype_update=no
2026-06-28 12:17:00 | INFO | RUN_MODE=deterministic_smoke_test | dataset=CUB-200-2011 | method=ResNet-50 | stage=eval | lr=0.00005346 | val_macro_f1=88.0796 | prototype_update=no
2026-06-28 09:11:00 | INFO | RUN_MODE=deterministic_smoke_test | dataset=CUB-200-2011 | method=EfficientNet-B3 | stage=loader | lr=0.00006570 | val_macro_f1=85.3715 | prototype_update=no
2026-06-28 10:43:00 | INFO | RUN_MODE=deterministic_smoke_test | dataset=CUB-200-2011 | method=EfficientNet-B3 | stage=train | lr=0.00006962 | val_macro_f1=91.2856 | prototype_update=no
2026-06-28 13:05:00 | INFO | RUN_MODE=deterministic_smoke_test | dataset=CUB-200-2011 | method=EfficientNet-B3 | stage=eval | lr=0.00009421 | val_macro_f1=84.0268 | prototype_update=no
2026-06-28 08:36:00 | INFO | RUN_MODE=deterministic_smoke_test | dataset=CUB-200-2011 | method=ConvNeXt-Tiny | stage=loader | lr=0.00009922 | val_macro_f1=89.7126 | prototype_update=no
2026-06-28 11:55:00 | INFO | RUN_MODE=deterministic_smoke_test | dataset=CUB-200-2011 | method=ConvNeXt-Tiny | stage=train | lr=0.00006469 | val_macro_f1=90.2006 | prototype_update=no
2026-06-28 13:48:00 | INFO | RUN_MODE=deterministic_smoke_test | dataset=CUB-200-2011 | method=ConvNeXt-Tiny | stage=eval | lr=0.00009303 | val_macro_f1=85.4566 | prototype_update=no
2026-06-28 10:00:00 | INFO | RUN_MODE=deterministic_smoke_test | dataset=CUB-200-2011 | method=Swin-Tiny | stage=loader | lr=0.00005023 | val_macro_f1=89.8258 | prototype_update=no
2026-06-28 11:54:00 | INFO | RUN_MODE=deterministic_smoke_test | dataset=CUB-200-2011 | method=Swin-Tiny | stage=train | lr=0.00009210 | val_macro_f1=84.6472 | prototype_update=no
2026-06-28 12:35:00 | INFO | RUN_MODE=deterministic_smoke_test | dataset=CUB-200-2011 | method=Swin-Tiny | stage=eval | lr=0.00006940 | val_macro_f1=88.8704 | prototype_update=no
2026-06-28 09:55:00 | INFO | RUN_MODE=deterministic_smoke_test | dataset=CUB-200-2011 | method=ConvNeXt+ARM | stage=loader | lr=0.00009469 | val_macro_f1=84.6158 | prototype_update=no
2026-06-28 10:34:00 | INFO | RUN_MODE=deterministic_smoke_test | dataset=CUB-200-2011 | method=ConvNeXt+ARM | stage=train | lr=0.00009544 | val_macro_f1=90.1023 | prototype_update=no
2026-06-28 12:30:00 | INFO | RUN_MODE=deterministic_smoke_test | dataset=CUB-200-2011 | method=ConvNeXt+ARM | stage=eval | lr=0.00005605 | val_macro_f1=90.3926 | prototype_update=no
2026-06-28 09:08:00 | INFO | RUN_MODE=deterministic_smoke_test | dataset=CUB-200-2011 | method=UAMP-Net | stage=loader | lr=0.00006793 | val_macro_f1=88.0538 | prototype_update=no
2026-06-28 11:02:00 | INFO | RUN_MODE=deterministic_smoke_test | dataset=CUB-200-2011 | method=UAMP-Net | stage=train | lr=0.00009832 | val_macro_f1=87.5220 | prototype_update=yes
2026-06-28 13:09:00 | INFO | RUN_MODE=deterministic_smoke_test | dataset=CUB-200-2011 | method=UAMP-Net | stage=eval | lr=0.00009096 | val_macro_f1=91.2635 | prototype_update=no
